product_name,item_internal_name,product_category_name,product_category_description,Category Visibility,type,Item Colour,price,allow_custom_amount,item_cost_price,item_description,collection_vat_amount,on_premise_vat_amount,allergens,dietary_requirements,modifier_category_name,modifier_category_internal_name,modifier_category_type,modifier_category_selection_required,modifier_item_name,modifier_internal_name,modifier_item_description,modifier_allergens,modifier_dietary_requirements,modifier_value,modifier_cost_price,modifier_default_option,Rank
2X MARGARITA,23081001000,2 FOR 1 DEAL,German Kraft,All,drink,Rose,12.5,0,,,20,20,,,,,multi choice,no,,,,,,,,,401754009511
2X MOJITOS,23081001300,2 FOR 1 DEAL,German Kraft,All,drink,Spring,12.5,0,,,20,20,,,,,multi choice,no,,,,,,,,,401754009411
GIN DBL + MIXER,GK,STUDENT DEALS,German Kraft,Internal,drink,Cobalt,8.5,0,,,20,20,,,GIN CHOICE,GIN CHOICE - GK £8.50 DEAL,single choice,yes,KRAFT GIN DBL,22090000200,,,,0,,yes,392864514149
GIN DBL + MIXER,GK,STUDENT DEALS,German Kraft,Internal,drink,Cobalt,8.5,0,,,20,20,,,GIN CHOICE,GIN CHOICE - GK £8.50 DEAL,single choice,yes,LONDON DRY DBL,22090000400,,,,0,,no,392864514149
GIN DBL + MIXER,GK,STUDENT DEALS,German Kraft,Internal,drink,Cobalt,8.5,0,,,20,20,,,GIN CHOICE,GIN CHOICE - GK £8.50 DEAL,single choice,yes,MERCATO DBL,22090000500,,,,0,,no,392864514149
GIN DBL + MIXER,GK,STUDENT DEALS,German Kraft,Internal,drink,Cobalt,8.5,0,,,20,20,,,GIN CHOICE,GIN CHOICE - GK £8.50 DEAL,single choice,yes,ROOBEE DBL,22090000300,,,,0,,no,392864514149
GIN DBL + MIXER,GK,STUDENT DEALS,German Kraft,Internal,drink,Cobalt,8.5,0,,,20,20,,,MIXER,MIXER - GK STUDENT FREE MIXER DEAL,single choice,yes,F&S GINGER ALE,25100000700,,,,0,,no,392864508717
GIN DBL + MIXER,GK,STUDENT DEALS,German Kraft,Internal,drink,Cobalt,8.5,0,,,20,20,,,MIXER,MIXER - GK STUDENT FREE MIXER DEAL,single choice,yes,F&S GINGER BEER,25100000800,,,,0,,no,392864508717
GIN DBL + MIXER,GK,STUDENT DEALS,German Kraft,Internal,drink,Cobalt,8.5,0,,,20,20,,,MIXER,MIXER - GK STUDENT FREE MIXER DEAL,single choice,yes,F&S GRAPEFRUIT TONIC,25100000900,,,,0,,no,392864508717
GIN DBL + MIXER,GK,STUDENT DEALS,German Kraft,Internal,drink,Cobalt,8.5,0,,,20,20,,,MIXER,MIXER - GK STUDENT FREE MIXER DEAL,single choice,yes,F&S INDIAN TONIC,25100002000,,,,0,,no,392864508717
GIN DBL + MIXER,GK,STUDENT DEALS,German Kraft,Internal,drink,Cobalt,8.5,0,,,20,20,,,MIXER,MIXER - GK STUDENT FREE MIXER DEAL,single choice,yes,F&S LEMONADE,25100001100,,,,0,,no,392864508717
GIN DBL + MIXER,GK,STUDENT DEALS,German Kraft,Internal,drink,Cobalt,8.5,0,,,20,20,,,MIXER,MIXER - GK STUDENT FREE MIXER DEAL,single choice,yes,F&S LIGHT TONIC,25100002200,,,,0,,no,392864508717
GIN DBL + MIXER,GK,STUDENT DEALS,German Kraft,Internal,drink,Cobalt,8.5,0,,,20,20,,,MIXER,MIXER - GK STUDENT FREE MIXER DEAL,single choice,yes,F&S MALLORCAN TONIC,25100001200,,,,0,,no,392864508717
GIN DBL + MIXER,GK,STUDENT DEALS,German Kraft,Internal,drink,Cobalt,8.5,0,,,20,20,,,MIXER,MIXER - GK STUDENT FREE MIXER DEAL,single choice,yes,FEVERTREE AROMATIC,25100000300,,,,0,,no,392864508717
GIN DBL + MIXER,GK,STUDENT DEALS,German Kraft,Internal,drink,Cobalt,8.5,0,,,20,20,,,MIXER,MIXER - GK STUDENT FREE MIXER DEAL,single choice,yes,FEVERTREE CUCUMBER,25100000500,,,,0,,no,392864508717
GIN DBL + MIXER,GK,STUDENT DEALS,German Kraft,Internal,drink,Cobalt,8.5,0,,,20,20,,,MIXER,MIXER - GK STUDENT FREE MIXER DEAL,single choice,yes,FEVERTREE ELDERFLOWER,25100000600,,,,0,,no,392864508717
GIN DBL + MIXER,GK,STUDENT DEALS,German Kraft,Internal,drink,Cobalt,8.5,0,,,20,20,,,MIXER,MIXER - GK STUDENT FREE MIXER DEAL,single choice,yes,FRANKLIN & SONS COLA,25100000400,,,,0,,no,392864508717
GIN DBL + MIXER,GK,STUDENT DEALS,German Kraft,Internal,drink,Cobalt,8.5,0,,,20,20,,,MIXER,MIXER - GK STUDENT FREE MIXER DEAL,single choice,yes,FRITZ KOLA,GK,,,,0,,no,392864508717
GIN DBL + MIXER,GK,STUDENT DEALS,German Kraft,Internal,drink,Cobalt,8.5,0,,,20,20,,,MIXER,MIXER - GK STUDENT FREE MIXER DEAL,single choice,yes,FRITZ LIMO,GK,,,,0,,no,392864508717
GIN DBL + MIXER,GK,STUDENT DEALS,German Kraft,Internal,drink,Cobalt,8.5,0,,,20,20,,,MIXER,MIXER - GK STUDENT FREE MIXER DEAL,single choice,yes,TWO KEYS PINK GRAPEFRUIT,25100003900,,,,0,,no,392864508717
RUM DBL + MIXER,GK,STUDENT DEALS,German Kraft,Internal,drink,Cobalt,8.5,0,,,20,20,,,RUM CHOICE,RUM CHOICE - GK £8.50 DEAL,single choice,yes,J&T DARK RUM DBL,22090000600,,,,0,,yes,392864135917
RUM DBL + MIXER,GK,STUDENT DEALS,German Kraft,Internal,drink,Cobalt,8.5,0,,,20,20,,,MIXER,MIXER - GK STUDENT FREE MIXER DEAL,single choice,yes,F&S GINGER ALE,25100000700,,,,0,,no,392864130517
RUM DBL + MIXER,GK,STUDENT DEALS,German Kraft,Internal,drink,Cobalt,8.5,0,,,20,20,,,MIXER,MIXER - GK STUDENT FREE MIXER DEAL,single choice,yes,F&S GINGER BEER,25100000800,,,,0,,no,392864130517
RUM DBL + MIXER,GK,STUDENT DEALS,German Kraft,Internal,drink,Cobalt,8.5,0,,,20,20,,,MIXER,MIXER - GK STUDENT FREE MIXER DEAL,single choice,yes,F&S GRAPEFRUIT TONIC,25100000900,,,,0,,no,392864130517
RUM DBL + MIXER,GK,STUDENT DEALS,German Kraft,Internal,drink,Cobalt,8.5,0,,,20,20,,,MIXER,MIXER - GK STUDENT FREE MIXER DEAL,single choice,yes,F&S INDIAN TONIC,25100002000,,,,0,,no,392864130517
RUM DBL + MIXER,GK,STUDENT DEALS,German Kraft,Internal,drink,Cobalt,8.5,0,,,20,20,,,MIXER,MIXER - GK STUDENT FREE MIXER DEAL,single choice,yes,F&S LEMONADE,25100001100,,,,0,,no,392864130517
RUM DBL + MIXER,GK,STUDENT DEALS,German Kraft,Internal,drink,Cobalt,8.5,0,,,20,20,,,MIXER,MIXER - GK STUDENT FREE MIXER DEAL,single choice,yes,F&S LIGHT TONIC,25100002200,,,,0,,no,392864130517
RUM DBL + MIXER,GK,STUDENT DEALS,German Kraft,Internal,drink,Cobalt,8.5,0,,,20,20,,,MIXER,MIXER - GK STUDENT FREE MIXER DEAL,single choice,yes,F&S MALLORCAN TONIC,25100001200,,,,0,,no,392864130517
RUM DBL + MIXER,GK,STUDENT DEALS,German Kraft,Internal,drink,Cobalt,8.5,0,,,20,20,,,MIXER,MIXER - GK STUDENT FREE MIXER DEAL,single choice,yes,FEVERTREE AROMATIC,25100000300,,,,0,,no,392864130517
RUM DBL + MIXER,GK,STUDENT DEALS,German Kraft,Internal,drink,Cobalt,8.5,0,,,20,20,,,MIXER,MIXER - GK STUDENT FREE MIXER DEAL,single choice,yes,FEVERTREE CUCUMBER,25100000500,,,,0,,no,392864130517
RUM DBL + MIXER,GK,STUDENT DEALS,German Kraft,Internal,drink,Cobalt,8.5,0,,,20,20,,,MIXER,MIXER - GK STUDENT FREE MIXER DEAL,single choice,yes,FEVERTREE ELDERFLOWER,25100000600,,,,0,,no,392864130517
RUM DBL + MIXER,GK,STUDENT DEALS,German Kraft,Internal,drink,Cobalt,8.5,0,,,20,20,,,MIXER,MIXER - GK STUDENT FREE MIXER DEAL,single choice,yes,FRANKLIN & SONS COLA,25100000400,,,,0,,no,392864130517
RUM DBL + MIXER,GK,STUDENT DEALS,German Kraft,Internal,drink,Cobalt,8.5,0,,,20,20,,,MIXER,MIXER - GK STUDENT FREE MIXER DEAL,single choice,yes,FRITZ KOLA,GK,,,,0,,no,392864130517
RUM DBL + MIXER,GK,STUDENT DEALS,German Kraft,Internal,drink,Cobalt,8.5,0,,,20,20,,,MIXER,MIXER - GK STUDENT FREE MIXER DEAL,single choice,yes,FRITZ LIMO,GK,,,,0,,no,392864130517
RUM DBL + MIXER,GK,STUDENT DEALS,German Kraft,Internal,drink,Cobalt,8.5,0,,,20,20,,,MIXER,MIXER - GK STUDENT FREE MIXER DEAL,single choice,yes,TWO KEYS PINK GRAPEFRUIT,25100003900,,,,0,,no,392864130517
TEQUILA DBL + MIXER,GK,STUDENT DEALS,German Kraft,Internal,drink,Cobalt,8.5,0,,,20,20,,,TEQUILA CHOICE - GK £8.50 DEAL,TEQUILA CHOICE - GK £8.50 DEAL,single choice,yes,GNARLY DBL,22090000700,,,,0,,yes,392863935182
TEQUILA DBL + MIXER,GK,STUDENT DEALS,German Kraft,Internal,drink,Cobalt,8.5,0,,,20,20,,,MIXER,MIXER - GK STUDENT FREE MIXER DEAL,single choice,yes,F&S GINGER ALE,25100000700,,,,0,,no,392863929817
TEQUILA DBL + MIXER,GK,STUDENT DEALS,German Kraft,Internal,drink,Cobalt,8.5,0,,,20,20,,,MIXER,MIXER - GK STUDENT FREE MIXER DEAL,single choice,yes,F&S GINGER BEER,25100000800,,,,0,,no,392863929817
TEQUILA DBL + MIXER,GK,STUDENT DEALS,German Kraft,Internal,drink,Cobalt,8.5,0,,,20,20,,,MIXER,MIXER - GK STUDENT FREE MIXER DEAL,single choice,yes,F&S GRAPEFRUIT TONIC,25100000900,,,,0,,no,392863929817
TEQUILA DBL + MIXER,GK,STUDENT DEALS,German Kraft,Internal,drink,Cobalt,8.5,0,,,20,20,,,MIXER,MIXER - GK STUDENT FREE MIXER DEAL,single choice,yes,F&S INDIAN TONIC,25100002000,,,,0,,no,392863929817
TEQUILA DBL + MIXER,GK,STUDENT DEALS,German Kraft,Internal,drink,Cobalt,8.5,0,,,20,20,,,MIXER,MIXER - GK STUDENT FREE MIXER DEAL,single choice,yes,F&S LEMONADE,25100001100,,,,0,,no,392863929817
TEQUILA DBL + MIXER,GK,STUDENT DEALS,German Kraft,Internal,drink,Cobalt,8.5,0,,,20,20,,,MIXER,MIXER - GK STUDENT FREE MIXER DEAL,single choice,yes,F&S LIGHT TONIC,25100002200,,,,0,,no,392863929817
TEQUILA DBL + MIXER,GK,STUDENT DEALS,German Kraft,Internal,drink,Cobalt,8.5,0,,,20,20,,,MIXER,MIXER - GK STUDENT FREE MIXER DEAL,single choice,yes,F&S MALLORCAN TONIC,25100001200,,,,0,,no,392863929817
TEQUILA DBL + MIXER,GK,STUDENT DEALS,German Kraft,Internal,drink,Cobalt,8.5,0,,,20,20,,,MIXER,MIXER - GK STUDENT FREE MIXER DEAL,single choice,yes,FEVERTREE AROMATIC,25100000300,,,,0,,no,392863929817
TEQUILA DBL + MIXER,GK,STUDENT DEALS,German Kraft,Internal,drink,Cobalt,8.5,0,,,20,20,,,MIXER,MIXER - GK STUDENT FREE MIXER DEAL,single choice,yes,FEVERTREE CUCUMBER,25100000500,,,,0,,no,392863929817
TEQUILA DBL + MIXER,GK,STUDENT DEALS,German Kraft,Internal,drink,Cobalt,8.5,0,,,20,20,,,MIXER,MIXER - GK STUDENT FREE MIXER DEAL,single choice,yes,FEVERTREE ELDERFLOWER,25100000600,,,,0,,no,392863929817
TEQUILA DBL + MIXER,GK,STUDENT DEALS,German Kraft,Internal,drink,Cobalt,8.5,0,,,20,20,,,MIXER,MIXER - GK STUDENT FREE MIXER DEAL,single choice,yes,FRANKLIN & SONS COLA,25100000400,,,,0,,no,392863929817
TEQUILA DBL + MIXER,GK,STUDENT DEALS,German Kraft,Internal,drink,Cobalt,8.5,0,,,20,20,,,MIXER,MIXER - GK STUDENT FREE MIXER DEAL,single choice,yes,FRITZ KOLA,GK,,,,0,,no,392863929817
TEQUILA DBL + MIXER,GK,STUDENT DEALS,German Kraft,Internal,drink,Cobalt,8.5,0,,,20,20,,,MIXER,MIXER - GK STUDENT FREE MIXER DEAL,single choice,yes,FRITZ LIMO,GK,,,,0,,no,392863929817
TEQUILA DBL + MIXER,GK,STUDENT DEALS,German Kraft,Internal,drink,Cobalt,8.5,0,,,20,20,,,MIXER,MIXER - GK STUDENT FREE MIXER DEAL,single choice,yes,TWO KEYS PINK GRAPEFRUIT,25100003900,,,,0,,no,392863929817
VODKA SUNRISE (£5),23081001500,STUDENT DEALS,German Kraft,Internal,drink,Aqua,5,0,,,20,20,,,,,multi choice,no,,,,,,,,,392863872211
VODKA DBL + MIXER,GK,STUDENT DEALS,German Kraft,Internal,drink,Cobalt,8.5,0,,,20,20,,,VODKA CHOICE,VODKA CHOICE - GK £8.50 DEAL,single choice,yes,KRAFT 37.5 DBL,22090000100,,,,0,,yes,392863869881
VODKA DBL + MIXER,GK,STUDENT DEALS,German Kraft,Internal,drink,Cobalt,8.5,0,,,20,20,,,MIXER,MIXER - GK STUDENT FREE MIXER DEAL,single choice,yes,F&S GINGER ALE,25100000700,,,,0,,no,392863864517
VODKA DBL + MIXER,GK,STUDENT DEALS,German Kraft,Internal,drink,Cobalt,8.5,0,,,20,20,,,MIXER,MIXER - GK STUDENT FREE MIXER DEAL,single choice,yes,F&S GINGER BEER,25100000800,,,,0,,no,392863864517
VODKA DBL + MIXER,GK,STUDENT DEALS,German Kraft,Internal,drink,Cobalt,8.5,0,,,20,20,,,MIXER,MIXER - GK STUDENT FREE MIXER DEAL,single choice,yes,F&S GRAPEFRUIT TONIC,25100000900,,,,0,,no,392863864517
VODKA DBL + MIXER,GK,STUDENT DEALS,German Kraft,Internal,drink,Cobalt,8.5,0,,,20,20,,,MIXER,MIXER - GK STUDENT FREE MIXER DEAL,single choice,yes,F&S INDIAN TONIC,25100002000,,,,0,,no,392863864517
VODKA DBL + MIXER,GK,STUDENT DEALS,German Kraft,Internal,drink,Cobalt,8.5,0,,,20,20,,,MIXER,MIXER - GK STUDENT FREE MIXER DEAL,single choice,yes,F&S LEMONADE,25100001100,,,,0,,no,392863864517
VODKA DBL + MIXER,GK,STUDENT DEALS,German Kraft,Internal,drink,Cobalt,8.5,0,,,20,20,,,MIXER,MIXER - GK STUDENT FREE MIXER DEAL,single choice,yes,F&S LIGHT TONIC,25100002200,,,,0,,no,392863864517
VODKA DBL + MIXER,GK,STUDENT DEALS,German Kraft,Internal,drink,Cobalt,8.5,0,,,20,20,,,MIXER,MIXER - GK STUDENT FREE MIXER DEAL,single choice,yes,F&S MALLORCAN TONIC,25100001200,,,,0,,no,392863864517
VODKA DBL + MIXER,GK,STUDENT DEALS,German Kraft,Internal,drink,Cobalt,8.5,0,,,20,20,,,MIXER,MIXER - GK STUDENT FREE MIXER DEAL,single choice,yes,FEVERTREE AROMATIC,25100000300,,,,0,,no,392863864517
VODKA DBL + MIXER,GK,STUDENT DEALS,German Kraft,Internal,drink,Cobalt,8.5,0,,,20,20,,,MIXER,MIXER - GK STUDENT FREE MIXER DEAL,single choice,yes,FEVERTREE CUCUMBER,25100000500,,,,0,,no,392863864517
VODKA DBL + MIXER,GK,STUDENT DEALS,German Kraft,Internal,drink,Cobalt,8.5,0,,,20,20,,,MIXER,MIXER - GK STUDENT FREE MIXER DEAL,single choice,yes,FEVERTREE ELDERFLOWER,25100000600,,,,0,,no,392863864517
VODKA DBL + MIXER,GK,STUDENT DEALS,German Kraft,Internal,drink,Cobalt,8.5,0,,,20,20,,,MIXER,MIXER - GK STUDENT FREE MIXER DEAL,single choice,yes,FRANKLIN & SONS COLA,25100000400,,,,0,,no,392863864517
VODKA DBL + MIXER,GK,STUDENT DEALS,German Kraft,Internal,drink,Cobalt,8.5,0,,,20,20,,,MIXER,MIXER - GK STUDENT FREE MIXER DEAL,single choice,yes,FRITZ KOLA,GK,,,,0,,no,392863864517
VODKA DBL + MIXER,GK,STUDENT DEALS,German Kraft,Internal,drink,Cobalt,8.5,0,,,20,20,,,MIXER,MIXER - GK STUDENT FREE MIXER DEAL,single choice,yes,FRITZ LIMO,GK,,,,0,,no,392863864517
VODKA DBL + MIXER,GK,STUDENT DEALS,German Kraft,Internal,drink,Cobalt,8.5,0,,,20,20,,,MIXER,MIXER - GK STUDENT FREE MIXER DEAL,single choice,yes,TWO KEYS PINK GRAPEFRUIT,25100003900,,,,0,,no,392863864517
FRITZ,GK,DRAUGHT,German Kraft,Internal,drink,Sunrise,6.9,0,,,20,20,,,SIZE / OPTIONS,SIZE / OPTIONS - GK FRITZ,single choice,no,PINT,21100007300,,,,0,,yes,369887565413
FRITZ,GK,DRAUGHT,German Kraft,Internal,drink,Sunrise,6.9,0,,,20,20,,,SIZE / OPTIONS,SIZE / OPTIONS - GK FRITZ,single choice,no,HALF,21100007301,,,,-3.2,,no,369887565413
FRITZ,GK,DRAUGHT,German Kraft,Internal,drink,Sunrise,6.9,0,,,20,20,,,SIZE / OPTIONS,SIZE / OPTIONS - GK FRITZ,single choice,no,SHANDY,21100007302,,,,0,,no,369887565413
FRITZ,GK,DRAUGHT,German Kraft,Internal,drink,Sunrise,6.9,0,,,20,20,,,SIZE / OPTIONS,SIZE / OPTIONS - GK FRITZ,single choice,no,HALF SHANDY,21100007303,,,,-3.2,,no,369887565413
FRITZ,GK,DRAUGHT,German Kraft,Internal,drink,Sunrise,6.9,0,,,20,20,,,SIZE / OPTIONS,SIZE / OPTIONS - GK FRITZ,single choice,no,TOP,21100007304,,,,0,,no,369887565413
FRITZ,GK,DRAUGHT,German Kraft,Internal,drink,Sunrise,6.9,0,,,20,20,,,SIZE / OPTIONS,SIZE / OPTIONS - GK FRITZ,single choice,no,HALF TOP,21100007305,,,,-3.2,,no,369887565413
FRITZ,GK,DRAUGHT,German Kraft,Internal,drink,Sunrise,6.9,0,,,20,20,,,SIZE / OPTIONS,SIZE / OPTIONS - GK FRITZ,single choice,no,MASS,21100007307,,,,6.6,,no,369887565413
HEIDI HELLES,GK,DRAUGHT,German Kraft,Internal,drink,Sunrise,6.9,0,,,20,20,,,SIZE / OPTIONS,SIZE / OPTIONS - GK HEIDI HELLES,single choice,no,PINT,21100000100,,,,0,,yes,369887472813
HEIDI HELLES,GK,DRAUGHT,German Kraft,Internal,drink,Sunrise,6.9,0,,,20,20,,,SIZE / OPTIONS,SIZE / OPTIONS - GK HEIDI HELLES,single choice,no,HALF,21100000101,,,,-3.2,,no,369887472813
HEIDI HELLES,GK,DRAUGHT,German Kraft,Internal,drink,Sunrise,6.9,0,,,20,20,,,SIZE / OPTIONS,SIZE / OPTIONS - GK HEIDI HELLES,single choice,no,SHANDY,21100000102,,,,0,,no,369887472813
HEIDI HELLES,GK,DRAUGHT,German Kraft,Internal,drink,Sunrise,6.9,0,,,20,20,,,SIZE / OPTIONS,SIZE / OPTIONS - GK HEIDI HELLES,single choice,no,HALF SHANDY,21100000103,,,,-3.2,,no,369887472813
HEIDI HELLES,GK,DRAUGHT,German Kraft,Internal,drink,Sunrise,6.9,0,,,20,20,,,SIZE / OPTIONS,SIZE / OPTIONS - GK HEIDI HELLES,single choice,no,TOP,21100000104,,,,0,,no,369887472813
HEIDI HELLES,GK,DRAUGHT,German Kraft,Internal,drink,Sunrise,6.9,0,,,20,20,,,SIZE / OPTIONS,SIZE / OPTIONS - GK HEIDI HELLES,single choice,no,HALF TOP,21100000105,,,,-3.2,,no,369887472813
HEIDI HELLES,GK,DRAUGHT,German Kraft,Internal,drink,Sunrise,6.9,0,,,20,20,,,SIZE / OPTIONS,SIZE / OPTIONS - GK HEIDI HELLES,single choice,no,MASS,21100000107,,,,6.6,,no,369887472813
HEINR ZWICKEL,GK,DRAUGHT,German Kraft,Internal,drink,Sunrise,6.65,0,,,20,20,,,SIZE / OPTIONS,SIZE / OPTIONS - GK HEINR ZWICKEL,single choice,no,PINT,21100000300,,,,0,,yes,369887471413
HEINR ZWICKEL,GK,DRAUGHT,German Kraft,Internal,drink,Sunrise,6.65,0,,,20,20,,,SIZE / OPTIONS,SIZE / OPTIONS - GK HEINR ZWICKEL,single choice,no,HALF,21100000301,,,,-3.05,,no,369887471413
HEINR ZWICKEL,GK,DRAUGHT,German Kraft,Internal,drink,Sunrise,6.65,0,,,20,20,,,SIZE / OPTIONS,SIZE / OPTIONS - GK HEINR ZWICKEL,single choice,no,SHANDY,21100000302,,,,0,,no,369887471413
HEINR ZWICKEL,GK,DRAUGHT,German Kraft,Internal,drink,Sunrise,6.65,0,,,20,20,,,SIZE / OPTIONS,SIZE / OPTIONS - GK HEINR ZWICKEL,single choice,no,HALF SHANDY,21100000303,,,,-3.05,,no,369887471413
HEINR ZWICKEL,GK,DRAUGHT,German Kraft,Internal,drink,Sunrise,6.65,0,,,20,20,,,SIZE / OPTIONS,SIZE / OPTIONS - GK HEINR ZWICKEL,single choice,no,TOP,21100000304,,,,0,,no,369887471413
HEINR ZWICKEL,GK,DRAUGHT,German Kraft,Internal,drink,Sunrise,6.65,0,,,20,20,,,SIZE / OPTIONS,SIZE / OPTIONS - GK HEINR ZWICKEL,single choice,no,HALF TOP,21100000305,,,,-3.05,,no,369887471413
HEINR ZWICKEL,GK,DRAUGHT,German Kraft,Internal,drink,Sunrise,6.65,0,,,20,20,,,SIZE / OPTIONS,SIZE / OPTIONS - GK HEINR ZWICKEL,single choice,no,MASS,21100000307,,,,6.35,,no,369887471413
L&G SCHWARZBIER,GK,DRAUGHT,German Kraft,Internal,drink,Lemon,6.9,0,,,20,20,,,SIZE / OPTIONS,GK L&G SCHWARZBIER SIZE / OPTIONS,single choice,no,PINT,21200006500,,,,0,,yes,369887377813
L&G SCHWARZBIER,GK,DRAUGHT,German Kraft,Internal,drink,Lemon,6.9,0,,,20,20,,,SIZE / OPTIONS,GK L&G SCHWARZBIER SIZE / OPTIONS,single choice,no,HALF,21200006501,,,,-3.4,,no,369887377813
L&G SCHWARZBIER,GK,DRAUGHT,German Kraft,Internal,drink,Lemon,6.9,0,,,20,20,,,SIZE / OPTIONS,GK L&G SCHWARZBIER SIZE / OPTIONS,single choice,no,SHANDY,21200006502,,,,0,,no,369887377813
L&G SCHWARZBIER,GK,DRAUGHT,German Kraft,Internal,drink,Lemon,6.9,0,,,20,20,,,SIZE / OPTIONS,GK L&G SCHWARZBIER SIZE / OPTIONS,single choice,no,HALF SHANDY,21200006503,,,,-3.4,,no,369887377813
L&G SCHWARZBIER,GK,DRAUGHT,German Kraft,Internal,drink,Lemon,6.9,0,,,20,20,,,SIZE / OPTIONS,GK L&G SCHWARZBIER SIZE / OPTIONS,single choice,no,TOP,21200006504,,,,0,,no,369887377813
L&G SCHWARZBIER,GK,DRAUGHT,German Kraft,Internal,drink,Lemon,6.9,0,,,20,20,,,SIZE / OPTIONS,GK L&G SCHWARZBIER SIZE / OPTIONS,single choice,no,HALF TOP,21200006505,,,,-3.4,,no,369887377813
L&G SCHWARZBIER,GK,DRAUGHT,German Kraft,Internal,drink,Lemon,6.9,0,,,20,20,,,SIZE / OPTIONS,GK L&G SCHWARZBIER SIZE / OPTIONS,single choice,no,MASS,21200006507,,,,7.1,,no,369887377813
LAZARUS STOUT,,DRAUGHT,German Kraft,Internal,drink,Sunrise,7.2,0,,,20,20,,,SIZE / OPTIONS,SIZE / OPTIONS - GK LAZARUS,single choice,no,PINT,PINT LAZARUS,,,,0,,yes,369887376413
LAZARUS STOUT,,DRAUGHT,German Kraft,Internal,drink,Sunrise,7.2,0,,,20,20,,,SIZE / OPTIONS,SIZE / OPTIONS - GK LAZARUS,single choice,no,HALF,HALF LAZARUS,,,,-3.4,,no,369887376413
LAZARUS STOUT,,DRAUGHT,German Kraft,Internal,drink,Sunrise,7.2,0,,,20,20,,,SIZE / OPTIONS,SIZE / OPTIONS - GK LAZARUS,single choice,no,SHANDY,SHANDY LAZARUS,,,,0,,no,369887376413
LAZARUS STOUT,,DRAUGHT,German Kraft,Internal,drink,Sunrise,7.2,0,,,20,20,,,SIZE / OPTIONS,SIZE / OPTIONS - GK LAZARUS,single choice,no,HALF SHANDY,HALF SHANDY LAZARUS,,,,-3.4,,no,369887376413
LAZARUS STOUT,,DRAUGHT,German Kraft,Internal,drink,Sunrise,7.2,0,,,20,20,,,SIZE / OPTIONS,SIZE / OPTIONS - GK LAZARUS,single choice,no,TOP,TOP LAZARUS,,,,0,,no,369887376413
LAZARUS STOUT,,DRAUGHT,German Kraft,Internal,drink,Sunrise,7.2,0,,,20,20,,,SIZE / OPTIONS,SIZE / OPTIONS - GK LAZARUS,single choice,no,HALF TOP,HALF TOP LAZARUS,,,,-3.4,,no,369887376413
LOTTE WEISSB,GK,DRAUGHT,German Kraft,Internal,drink,Sunrise,7.1,0,,,20,20,,,SIZE / OPTIONS,SIZE / OPTIONS - GK LOTTE WEISSB,single choice,no,PINT,21100000700,,,,0,,yes,369887361413
LOTTE WEISSB,GK,DRAUGHT,German Kraft,Internal,drink,Sunrise,7.1,0,,,20,20,,,SIZE / OPTIONS,SIZE / OPTIONS - GK LOTTE WEISSB,single choice,no,HALF,21100000701,,,,-3.1,,no,369887361413
LOTTE WEISSB,GK,DRAUGHT,German Kraft,Internal,drink,Sunrise,7.1,0,,,20,20,,,SIZE / OPTIONS,SIZE / OPTIONS - GK LOTTE WEISSB,single choice,no,SHANDY,21100000702,,,,0,,no,369887361413
LOTTE WEISSB,GK,DRAUGHT,German Kraft,Internal,drink,Sunrise,7.1,0,,,20,20,,,SIZE / OPTIONS,SIZE / OPTIONS - GK LOTTE WEISSB,single choice,no,HALF SHANDY,21100000703,,,,-3.1,,no,369887361413
LOTTE WEISSB,GK,DRAUGHT,German Kraft,Internal,drink,Sunrise,7.1,0,,,20,20,,,SIZE / OPTIONS,SIZE / OPTIONS - GK LOTTE WEISSB,single choice,no,TOP,21100000704,,,,0,,no,369887361413
LOTTE WEISSB,GK,DRAUGHT,German Kraft,Internal,drink,Sunrise,7.1,0,,,20,20,,,SIZE / OPTIONS,SIZE / OPTIONS - GK LOTTE WEISSB,single choice,no,HALF TOP,21100000705,,,,-3.1,,no,369887361413
LOTTE WEISSB,GK,DRAUGHT,German Kraft,Internal,drink,Sunrise,7.1,0,,,20,20,,,SIZE / OPTIONS,SIZE / OPTIONS - GK LOTTE WEISSB,single choice,no,MASS,21100000707,,,,6.9,,no,369887361413
SAINT MONDAY,GK,DRAUGHT,German Kraft,Internal,drink,Lemon,7,0,,,20,20,,,SIZE / OPTIONS,SIZE / OPTIONS - GK SAINT MONDAY,single choice,no,PINT,GK,,,,0,,yes,369887106713
SAINT MONDAY,GK,DRAUGHT,German Kraft,Internal,drink,Lemon,7,0,,,20,20,,,SIZE / OPTIONS,SIZE / OPTIONS - GK SAINT MONDAY,single choice,no,HALF,GK,,,,-3.3,,no,369887106713
SAINT MONDAY,GK,DRAUGHT,German Kraft,Internal,drink,Lemon,7,0,,,20,20,,,SIZE / OPTIONS,SIZE / OPTIONS - GK SAINT MONDAY,single choice,no,SHANDY,GK,,,,0,,no,369887106713
SAINT MONDAY,GK,DRAUGHT,German Kraft,Internal,drink,Lemon,7,0,,,20,20,,,SIZE / OPTIONS,SIZE / OPTIONS - GK SAINT MONDAY,single choice,no,HALF SHANDY,GK,,,,-3.3,,no,369887106713
SAINT MONDAY,GK,DRAUGHT,German Kraft,Internal,drink,Lemon,7,0,,,20,20,,,SIZE / OPTIONS,SIZE / OPTIONS - GK SAINT MONDAY,single choice,no,TOP,GK,,,,0,,no,369887106713
SAINT MONDAY,GK,DRAUGHT,German Kraft,Internal,drink,Lemon,7,0,,,20,20,,,SIZE / OPTIONS,SIZE / OPTIONS - GK SAINT MONDAY,single choice,no,HALF TOP,GK,,,,-3.3,,no,369887106713
SAINT MONDAY,GK,DRAUGHT,German Kraft,Internal,drink,Lemon,7,0,,,20,20,,,SIZE / OPTIONS,SIZE / OPTIONS - GK SAINT MONDAY,single choice,no,MASS,GK,,,,7,,no,369887106713
SCHWARZBIER,,DRAUGHT,German Kraft,Internal,drink,Sunrise,6.9,0,,,20,20,,,SIZE / OPTIONS,SIZE / OPTIONS - GK SCHWARZBIER,single choice,no,PINT,PINT SCHWARZBIER,,,,0,,yes,369887104013
SCHWARZBIER,,DRAUGHT,German Kraft,Internal,drink,Sunrise,6.9,0,,,20,20,,,SIZE / OPTIONS,SIZE / OPTIONS - GK SCHWARZBIER,single choice,no,HALF,HALF SCHWARZBIER,,,,-3.2,,no,369887104013
SCHWARZBIER,,DRAUGHT,German Kraft,Internal,drink,Sunrise,6.9,0,,,20,20,,,SIZE / OPTIONS,SIZE / OPTIONS - GK SCHWARZBIER,single choice,no,SHANDY,SHANDY SCHWARZBIER,,,,0,,no,369887104013
SCHWARZBIER,,DRAUGHT,German Kraft,Internal,drink,Sunrise,6.9,0,,,20,20,,,SIZE / OPTIONS,SIZE / OPTIONS - GK SCHWARZBIER,single choice,no,HALF SHANDY,HALF SHANDY SCHWARZBIER,,,,-3.2,,no,369887104013
SCHWARZBIER,,DRAUGHT,German Kraft,Internal,drink,Sunrise,6.9,0,,,20,20,,,SIZE / OPTIONS,SIZE / OPTIONS - GK SCHWARZBIER,single choice,no,TOP,TOP SCHWARZBIER,,,,0,,no,369887104013
SCHWARZBIER,,DRAUGHT,German Kraft,Internal,drink,Sunrise,6.9,0,,,20,20,,,SIZE / OPTIONS,SIZE / OPTIONS - GK SCHWARZBIER,single choice,no,HALF TOP,HALF TOP SCHWARZBIER,,,,-3.2,,no,369887104013
SIGGI,GK,DRAUGHT,German Kraft,Internal,drink,Sunrise,6.65,0,,,20,20,,,SIZE / OPTIONS,SIZE / OPTIONS - GK SIGGI,single choice,no,PINT,21100006600,,,,0,,yes,369887102313
SIGGI,GK,DRAUGHT,German Kraft,Internal,drink,Sunrise,6.65,0,,,20,20,,,SIZE / OPTIONS,SIZE / OPTIONS - GK SIGGI,single choice,no,HALF,21100006601,,,,-3.05,,no,369887102313
SIGGI,GK,DRAUGHT,German Kraft,Internal,drink,Sunrise,6.65,0,,,20,20,,,SIZE / OPTIONS,SIZE / OPTIONS - GK SIGGI,single choice,no,SHANDY,21100006602,,,,0,,no,369887102313
SIGGI,GK,DRAUGHT,German Kraft,Internal,drink,Sunrise,6.65,0,,,20,20,,,SIZE / OPTIONS,SIZE / OPTIONS - GK SIGGI,single choice,no,HALF SHANDY,21100006603,,,,-3.05,,no,369887102313
SIGGI,GK,DRAUGHT,German Kraft,Internal,drink,Sunrise,6.65,0,,,20,20,,,SIZE / OPTIONS,SIZE / OPTIONS - GK SIGGI,single choice,no,TOP,21100006604,,,,0,,no,369887102313
SIGGI,GK,DRAUGHT,German Kraft,Internal,drink,Sunrise,6.65,0,,,20,20,,,SIZE / OPTIONS,SIZE / OPTIONS - GK SIGGI,single choice,no,HALF TOP,21100006605,,,,-3.05,,no,369887102313
SIGGI,GK,DRAUGHT,German Kraft,Internal,drink,Sunrise,6.65,0,,,20,20,,,SIZE / OPTIONS,SIZE / OPTIONS - GK SIGGI,single choice,no,MASS,21100006607,,,,6.35,,no,369887102313
GROWLER DEPOSIT,21100200100,DRAUGHT,German Kraft,Internal,other,Coral,10,0,,,20,20,,,,,multi choice,no,,,,,,,,,369877786911
A&H RAUCHBIER,GK,DRAUGHT,German Kraft,Internal,drink,Lemon,6.9,0,,,20,20,,,SIZE / OPTIONS,GK A&H RAUCHBIER SIZE / OPTIONS,single choice,no,PINT,21200005000,,,,0,,yes,369868669013
A&H RAUCHBIER,GK,DRAUGHT,German Kraft,Internal,drink,Lemon,6.9,0,,,20,20,,,SIZE / OPTIONS,GK A&H RAUCHBIER SIZE / OPTIONS,single choice,no,HALF,21200005001,,,,-3.4,,no,369868669013
A&H RAUCHBIER,GK,DRAUGHT,German Kraft,Internal,drink,Lemon,6.9,0,,,20,20,,,SIZE / OPTIONS,GK A&H RAUCHBIER SIZE / OPTIONS,single choice,no,SHANDY,21200005002,,,,0,,no,369868669013
A&H RAUCHBIER,GK,DRAUGHT,German Kraft,Internal,drink,Lemon,6.9,0,,,20,20,,,SIZE / OPTIONS,GK A&H RAUCHBIER SIZE / OPTIONS,single choice,no,HALF SHANDY,21200005003,,,,-3.4,,no,369868669013
A&H RAUCHBIER,GK,DRAUGHT,German Kraft,Internal,drink,Lemon,6.9,0,,,20,20,,,SIZE / OPTIONS,GK A&H RAUCHBIER SIZE / OPTIONS,single choice,no,TOP,21200005004,,,,0,,no,369868669013
A&H RAUCHBIER,GK,DRAUGHT,German Kraft,Internal,drink,Lemon,6.9,0,,,20,20,,,SIZE / OPTIONS,GK A&H RAUCHBIER SIZE / OPTIONS,single choice,no,HALF TOP,21200005005,,,,-3.4,,no,369868669013
A&H RAUCHBIER,GK,DRAUGHT,German Kraft,Internal,drink,Lemon,6.9,0,,,20,20,,,SIZE / OPTIONS,GK A&H RAUCHBIER SIZE / OPTIONS,single choice,no,MASS,21200005007,,,,7.1,,no,369868669013
BLACKGUARD STOUT,GK,DRAUGHT,German Kraft,Internal,drink,Lemon,7.2,0,,,20,20,,,SIZE / OPTIONS,SIZE / OPTIONS - GK BLACKGUARD STOUT,single choice,no,PINT,21200004200,,,,0,,yes,369868582013
BLACKGUARD STOUT,GK,DRAUGHT,German Kraft,Internal,drink,Lemon,7.2,0,,,20,20,,,SIZE / OPTIONS,SIZE / OPTIONS - GK BLACKGUARD STOUT,single choice,no,HALF,21200004201,,,,-3.4,,no,369868582013
BOMB SQUAD,GK,DRAUGHT,German Kraft,Internal,drink,Lemon,6.9,0,,,20,20,,,SIZE / OPTIONS,SIZE / OPTIONS - GK BOMB SQUAD,single choice,no,PINT,21200005800,,,,0,,yes,369868577813
BOMB SQUAD,GK,DRAUGHT,German Kraft,Internal,drink,Lemon,6.9,0,,,20,20,,,SIZE / OPTIONS,SIZE / OPTIONS - GK BOMB SQUAD,single choice,no,HALF,21200005801,,,,-3.2,,no,369868577813
BOMB SQUAD,GK,DRAUGHT,German Kraft,Internal,drink,Lemon,6.9,0,,,20,20,,,SIZE / OPTIONS,SIZE / OPTIONS - GK BOMB SQUAD,single choice,no,SHANDY,21200005802,,,,0,,no,369868577813
BOMB SQUAD,GK,DRAUGHT,German Kraft,Internal,drink,Lemon,6.9,0,,,20,20,,,SIZE / OPTIONS,SIZE / OPTIONS - GK BOMB SQUAD,single choice,no,HALF SHANDY,21200005803,,,,-3.2,,no,369868577813
BOMB SQUAD,GK,DRAUGHT,German Kraft,Internal,drink,Lemon,6.9,0,,,20,20,,,SIZE / OPTIONS,SIZE / OPTIONS - GK BOMB SQUAD,single choice,no,TOP,21200005804,,,,0,,no,369868577813
BOMB SQUAD,GK,DRAUGHT,German Kraft,Internal,drink,Lemon,6.9,0,,,20,20,,,SIZE / OPTIONS,SIZE / OPTIONS - GK BOMB SQUAD,single choice,no,HALF TOP,21200005805,,,,-3.2,,no,369868577813
BOMB SQUAD,GK,DRAUGHT,German Kraft,Internal,drink,Lemon,6.9,0,,,20,20,,,SIZE / OPTIONS,SIZE / OPTIONS - GK BOMB SQUAD,single choice,no,MASS,21200005807,,,,6.6,,no,369868577813
CAMPFIRE,GK,DRAUGHT,German Kraft,Internal,drink,Lemon,7.1,0,,,20,20,,,SIZE / OPTIONS,SIZE / OPTIONS - GK CAMPFIRE,single choice,no,PINT,21200005600,,,,0,,yes,369868528713
CAMPFIRE,GK,DRAUGHT,German Kraft,Internal,drink,Lemon,7.1,0,,,20,20,,,SIZE / OPTIONS,SIZE / OPTIONS - GK CAMPFIRE,single choice,no,HALF,21200005601,,,,-3.1,,no,369868528713
CAMPFIRE,GK,DRAUGHT,German Kraft,Internal,drink,Lemon,7.1,0,,,20,20,,,SIZE / OPTIONS,SIZE / OPTIONS - GK CAMPFIRE,single choice,no,SHANDY,21200005602,,,,0,,no,369868528713
CAMPFIRE,GK,DRAUGHT,German Kraft,Internal,drink,Lemon,7.1,0,,,20,20,,,SIZE / OPTIONS,SIZE / OPTIONS - GK CAMPFIRE,single choice,no,HALF SHANDY,21200005603,,,,-3.1,,no,369868528713
CAMPFIRE,GK,DRAUGHT,German Kraft,Internal,drink,Lemon,7.1,0,,,20,20,,,SIZE / OPTIONS,SIZE / OPTIONS - GK CAMPFIRE,single choice,no,TOP,21200005604,,,,0,,no,369868528713
CAMPFIRE,GK,DRAUGHT,German Kraft,Internal,drink,Lemon,7.1,0,,,20,20,,,SIZE / OPTIONS,SIZE / OPTIONS - GK CAMPFIRE,single choice,no,HALF TOP,21200005605,,,,-3.1,,no,369868528713
CAMPFIRE,GK,DRAUGHT,German Kraft,Internal,drink,Lemon,7.1,0,,,20,20,,,SIZE / OPTIONS,SIZE / OPTIONS - GK CAMPFIRE,single choice,no,MASS,21200005607,,,,6.9,,no,369868528713
CAPLE ROAD,GK,DRAUGHT,German Kraft,Internal,drink,Lemon,7,0,,,20,20,,,SIZE / OPTIONS,SIZE / OPTIONS - GK CAPLE ROAD,single choice,no,PINT,21200006100,,,,0,,yes,369868527513
CAPLE ROAD,GK,DRAUGHT,German Kraft,Internal,drink,Lemon,7,0,,,20,20,,,SIZE / OPTIONS,SIZE / OPTIONS - GK CAPLE ROAD,single choice,no,HALF,21200006101,,,,-3.4,,no,369868527513
CAPLE ROAD,GK,DRAUGHT,German Kraft,Internal,drink,Lemon,7,0,,,20,20,,,SIZE / OPTIONS,SIZE / OPTIONS - GK CAPLE ROAD,single choice,no,SHANDY,21200006102,,,,0,,no,369868527513
CAPLE ROAD,GK,DRAUGHT,German Kraft,Internal,drink,Lemon,7,0,,,20,20,,,SIZE / OPTIONS,SIZE / OPTIONS - GK CAPLE ROAD,single choice,no,HALF SHANDY,21200006103,,,,-3.4,,no,369868527513
CAPLE ROAD,GK,DRAUGHT,German Kraft,Internal,drink,Lemon,7,0,,,20,20,,,SIZE / OPTIONS,SIZE / OPTIONS - GK CAPLE ROAD,single choice,no,TOP,21200006104,,,,0,,no,369868527513
CAPLE ROAD,GK,DRAUGHT,German Kraft,Internal,drink,Lemon,7,0,,,20,20,,,SIZE / OPTIONS,SIZE / OPTIONS - GK CAPLE ROAD,single choice,no,HALF TOP,21200006105,,,,-3.4,,no,369868527513
DEN HOPR,GK,DRAUGHT,German Kraft,Internal,drink,Lemon,7.2,0,,,20,20,,,SIZE / OPTIONS,SIZE / OPTIONS - GK DEN HOPR,single choice,no,PINT,21200000100,,,,0,,yes,369868351213
DEN HOPR,GK,DRAUGHT,German Kraft,Internal,drink,Lemon,7.2,0,,,20,20,,,SIZE / OPTIONS,SIZE / OPTIONS - GK DEN HOPR,single choice,no,HALF,21200000101,,,,-3.2,,no,369868351213
DEN HOPR,GK,DRAUGHT,German Kraft,Internal,drink,Lemon,7.2,0,,,20,20,,,SIZE / OPTIONS,SIZE / OPTIONS - GK DEN HOPR,single choice,no,SHANDY,21200000102,,,,0,,no,369868351213
DEN HOPR,GK,DRAUGHT,German Kraft,Internal,drink,Lemon,7.2,0,,,20,20,,,SIZE / OPTIONS,SIZE / OPTIONS - GK DEN HOPR,single choice,no,HALF SHANDY,21200000103,,,,-3.2,,no,369868351213
DEN HOPR,GK,DRAUGHT,German Kraft,Internal,drink,Lemon,7.2,0,,,20,20,,,SIZE / OPTIONS,SIZE / OPTIONS - GK DEN HOPR,single choice,no,TOP,21200000104,,,,0,,no,369868351213
DEN HOPR,GK,DRAUGHT,German Kraft,Internal,drink,Lemon,7.2,0,,,20,20,,,SIZE / OPTIONS,SIZE / OPTIONS - GK DEN HOPR,single choice,no,HALF TOP,21200000105,,,,-3.2,,no,369868351213
HACKNEY FESTBIER,GK,DRAUGHT,German Kraft,Internal,drink,Lemon,7,0,,,20,20,,,SIZE / OPTIONS,GK HACKNEY FESTBIER SIZE / OPTIONS,single choice,no,PINT,21200006600,,,,0,,yes,369868144213
HACKNEY FESTBIER,GK,DRAUGHT,German Kraft,Internal,drink,Lemon,7,0,,,20,20,,,SIZE / OPTIONS,GK HACKNEY FESTBIER SIZE / OPTIONS,single choice,no,HALF,21200006601,,,,-3.5,,no,369868144213
HACKNEY FESTBIER,GK,DRAUGHT,German Kraft,Internal,drink,Lemon,7,0,,,20,20,,,SIZE / OPTIONS,GK HACKNEY FESTBIER SIZE / OPTIONS,single choice,no,SHANDY,21200006602,,,,0,,no,369868144213
HACKNEY FESTBIER,GK,DRAUGHT,German Kraft,Internal,drink,Lemon,7,0,,,20,20,,,SIZE / OPTIONS,GK HACKNEY FESTBIER SIZE / OPTIONS,single choice,no,HALF SHANDY,21200006603,,,,-3.5,,no,369868144213
HACKNEY FESTBIER,GK,DRAUGHT,German Kraft,Internal,drink,Lemon,7,0,,,20,20,,,SIZE / OPTIONS,GK HACKNEY FESTBIER SIZE / OPTIONS,single choice,no,TOP,21200006604,,,,0,,no,369868144213
HACKNEY FESTBIER,GK,DRAUGHT,German Kraft,Internal,drink,Lemon,7,0,,,20,20,,,SIZE / OPTIONS,GK HACKNEY FESTBIER SIZE / OPTIONS,single choice,no,HALF TOP,21200006605,,,,-3.5,,no,369868144213
HACKNEY FESTBIER,GK,DRAUGHT,German Kraft,Internal,drink,Lemon,7,0,,,20,20,,,SIZE / OPTIONS,GK HACKNEY FESTBIER SIZE / OPTIONS,single choice,no,MASS,21200006607,,,,7.5,,no,369868144213
MONDO FESTBIER,GK,DRAUGHT,German Kraft,Internal,drink,Lemon,6.9,0,,,20,20,,,SIZE / OPTIONS,GK MONDO FESTBIER SIZE / OPTIONS,single choice,no,PINT,21200001500,,,,0,,yes,369867981913
MONDO FESTBIER,GK,DRAUGHT,German Kraft,Internal,drink,Lemon,6.9,0,,,20,20,,,SIZE / OPTIONS,GK MONDO FESTBIER SIZE / OPTIONS,single choice,no,HALF,21200001501,,,,-3.4,,no,369867981913
MONDO FESTBIER,GK,DRAUGHT,German Kraft,Internal,drink,Lemon,6.9,0,,,20,20,,,SIZE / OPTIONS,GK MONDO FESTBIER SIZE / OPTIONS,single choice,no,SHANDY,21200001502,,,,0,,no,369867981913
MONDO FESTBIER,GK,DRAUGHT,German Kraft,Internal,drink,Lemon,6.9,0,,,20,20,,,SIZE / OPTIONS,GK MONDO FESTBIER SIZE / OPTIONS,single choice,no,HALF SHANDY,21200001503,,,,-3.4,,no,369867981913
MONDO FESTBIER,GK,DRAUGHT,German Kraft,Internal,drink,Lemon,6.9,0,,,20,20,,,SIZE / OPTIONS,GK MONDO FESTBIER SIZE / OPTIONS,single choice,no,TOP,21200001504,,,,0,,no,369867981913
MONDO FESTBIER,GK,DRAUGHT,German Kraft,Internal,drink,Lemon,6.9,0,,,20,20,,,SIZE / OPTIONS,GK MONDO FESTBIER SIZE / OPTIONS,single choice,no,HALF TOP,21200001505,,,,-3.4,,no,369867981913
MONDO FESTBIER,GK,DRAUGHT,German Kraft,Internal,drink,Lemon,6.9,0,,,20,20,,,SIZE / OPTIONS,GK MONDO FESTBIER SIZE / OPTIONS,single choice,no,MASS,21200001507,,,,7.1,,no,369867981913
PILLARS FESTBIER,GK,DRAUGHT,German Kraft,Internal,drink,Lemon,7,0,,,20,20,,,SIZE / OPTIONS,GK PILLARS FESTBIER SIZE / OPTIONS,single choice,no,PINT,21200006200,,,,0,,yes,369867912713
PILLARS FESTBIER,GK,DRAUGHT,German Kraft,Internal,drink,Lemon,7,0,,,20,20,,,SIZE / OPTIONS,GK PILLARS FESTBIER SIZE / OPTIONS,single choice,no,HALF,21200006201,,,,-3.5,,no,369867912713
PILLARS FESTBIER,GK,DRAUGHT,German Kraft,Internal,drink,Lemon,7,0,,,20,20,,,SIZE / OPTIONS,GK PILLARS FESTBIER SIZE / OPTIONS,single choice,no,SHANDY,21200006202,,,,0,,no,369867912713
PILLARS FESTBIER,GK,DRAUGHT,German Kraft,Internal,drink,Lemon,7,0,,,20,20,,,SIZE / OPTIONS,GK PILLARS FESTBIER SIZE / OPTIONS,single choice,no,HALF SHANDY,21200006203,,,,-3.5,,no,369867912713
PILLARS FESTBIER,GK,DRAUGHT,German Kraft,Internal,drink,Lemon,7,0,,,20,20,,,SIZE / OPTIONS,GK PILLARS FESTBIER SIZE / OPTIONS,single choice,no,TOP,21200006204,,,,0,,no,369867912713
PILLARS FESTBIER,GK,DRAUGHT,German Kraft,Internal,drink,Lemon,7,0,,,20,20,,,SIZE / OPTIONS,GK PILLARS FESTBIER SIZE / OPTIONS,single choice,no,HALF TOP,21200006205,,,,-3.5,,no,369867912713
PILLARS FESTBIER,GK,DRAUGHT,German Kraft,Internal,drink,Lemon,7,0,,,20,20,,,SIZE / OPTIONS,GK PILLARS FESTBIER SIZE / OPTIONS,single choice,no,MASS,21200006207,,,,7.5,,no,369867912713
POOLSIDE,GK,DRAUGHT,German Kraft,Internal,drink,Lemon,7,0,,,20,20,,,SIZE / OPTIONS,SIZE / OPTIONS - GK PURITY SESSION IPA,single choice,no,PINT,21200000700,,,,0,,yes,369867897213
POOLSIDE,GK,DRAUGHT,German Kraft,Internal,drink,Lemon,7,0,,,20,20,,,SIZE / OPTIONS,SIZE / OPTIONS - GK PURITY SESSION IPA,single choice,no,HALF,21200000701,,,,-3.4,,no,369867897213
POOLSIDE,GK,DRAUGHT,German Kraft,Internal,drink,Lemon,7,0,,,20,20,,,SIZE / OPTIONS,SIZE / OPTIONS - GK PURITY SESSION IPA,single choice,no,SHANDY,21200000702,,,,0,,no,369867897213
POOLSIDE,GK,DRAUGHT,German Kraft,Internal,drink,Lemon,7,0,,,20,20,,,SIZE / OPTIONS,SIZE / OPTIONS - GK PURITY SESSION IPA,single choice,no,HALF SHANDY,21200000703,,,,-3.4,,no,369867897213
POOLSIDE,GK,DRAUGHT,German Kraft,Internal,drink,Lemon,7,0,,,20,20,,,SIZE / OPTIONS,SIZE / OPTIONS - GK PURITY SESSION IPA,single choice,no,TOP,21200000704,,,,0,,no,369867897213
POOLSIDE,GK,DRAUGHT,German Kraft,Internal,drink,Lemon,7,0,,,20,20,,,SIZE / OPTIONS,SIZE / OPTIONS - GK PURITY SESSION IPA,single choice,no,HALF TOP,21200000705,,,,-3.4,,no,369867897213
POOLSIDE,GK,DRAUGHT,German Kraft,Internal,drink,Lemon,7,0,,,20,20,,,SIZE / OPTIONS,SIZE / OPTIONS - GK PURITY SESSION IPA,single choice,no,MASS,21200000707,,,,8.2,,no,369867897213
PURITY SESSION IPA,GK,DRAUGHT,German Kraft,Internal,drink,Lemon,7,0,,,20,20,,,SIZE / OPTIONS,SIZE / OPTIONS - GK PURITY SESSION IPA,single choice,no,PINT,21200000700,,,,0,,yes,369867890313
PURITY SESSION IPA,GK,DRAUGHT,German Kraft,Internal,drink,Lemon,7,0,,,20,20,,,SIZE / OPTIONS,SIZE / OPTIONS - GK PURITY SESSION IPA,single choice,no,HALF,21200000701,,,,-3.4,,no,369867890313
PURITY SESSION IPA,GK,DRAUGHT,German Kraft,Internal,drink,Lemon,7,0,,,20,20,,,SIZE / OPTIONS,SIZE / OPTIONS - GK PURITY SESSION IPA,single choice,no,SHANDY,21200000702,,,,0,,no,369867890313
PURITY SESSION IPA,GK,DRAUGHT,German Kraft,Internal,drink,Lemon,7,0,,,20,20,,,SIZE / OPTIONS,SIZE / OPTIONS - GK PURITY SESSION IPA,single choice,no,HALF SHANDY,21200000703,,,,-3.4,,no,369867890313
PURITY SESSION IPA,GK,DRAUGHT,German Kraft,Internal,drink,Lemon,7,0,,,20,20,,,SIZE / OPTIONS,SIZE / OPTIONS - GK PURITY SESSION IPA,single choice,no,TOP,21200000704,,,,0,,no,369867890313
PURITY SESSION IPA,GK,DRAUGHT,German Kraft,Internal,drink,Lemon,7,0,,,20,20,,,SIZE / OPTIONS,SIZE / OPTIONS - GK PURITY SESSION IPA,single choice,no,HALF TOP,21200000705,,,,-3.4,,no,369867890313
PURITY SESSION IPA,GK,DRAUGHT,German Kraft,Internal,drink,Lemon,7,0,,,20,20,,,SIZE / OPTIONS,SIZE / OPTIONS - GK PURITY SESSION IPA,single choice,no,MASS,21200000707,,,,8.2,,no,369867890313
RIEGELE PILS,GK,DRAUGHT,German Kraft,Internal,drink,Lemon,6.9,0,,,20,20,,,SIZE / OPTIONS,GK RIEGELE PILS SIZE / OPTIONS,single choice,no,PINT,21200006400,,,,0,,yes,369867814413
RIEGELE PILS,GK,DRAUGHT,German Kraft,Internal,drink,Lemon,6.9,0,,,20,20,,,SIZE / OPTIONS,GK RIEGELE PILS SIZE / OPTIONS,single choice,no,HALF,21200006401,,,,-3.4,,no,369867814413
RIEGELE PILS,GK,DRAUGHT,German Kraft,Internal,drink,Lemon,6.9,0,,,20,20,,,SIZE / OPTIONS,GK RIEGELE PILS SIZE / OPTIONS,single choice,no,SHANDY,21200006402,,,,0,,no,369867814413
RIEGELE PILS,GK,DRAUGHT,German Kraft,Internal,drink,Lemon,6.9,0,,,20,20,,,SIZE / OPTIONS,GK RIEGELE PILS SIZE / OPTIONS,single choice,no,HALF SHANDY,21200006403,,,,-3.4,,no,369867814413
RIEGELE PILS,GK,DRAUGHT,German Kraft,Internal,drink,Lemon,6.9,0,,,20,20,,,SIZE / OPTIONS,GK RIEGELE PILS SIZE / OPTIONS,single choice,no,TOP,21200006404,,,,0,,no,369867814413
RIEGELE PILS,GK,DRAUGHT,German Kraft,Internal,drink,Lemon,6.9,0,,,20,20,,,SIZE / OPTIONS,GK RIEGELE PILS SIZE / OPTIONS,single choice,no,HALF TOP,21200006405,,,,-3.4,,no,369867814413
RIEGELE PILS,GK,DRAUGHT,German Kraft,Internal,drink,Lemon,6.9,0,,,20,20,,,SIZE / OPTIONS,GK RIEGELE PILS SIZE / OPTIONS,single choice,no,MASS,21200006407,,,,7.1,,no,369867814413
ROAD SODA PA,GK,DRAUGHT,German Kraft,Internal,drink,Lemon,7.2,0,,,20,20,,,SIZE / OPTIONS,SIZE / OPTIONS - GK ROAD SODA PA,single choice,no,PINT,21200000500,,,,0,,yes,369867812813
ROAD SODA PA,GK,DRAUGHT,German Kraft,Internal,drink,Lemon,7.2,0,,,20,20,,,SIZE / OPTIONS,SIZE / OPTIONS - GK ROAD SODA PA,single choice,no,HALF,21200000501,,,,-3.2,,no,369867812813
ROAD SODA PA,GK,DRAUGHT,German Kraft,Internal,drink,Lemon,7.2,0,,,20,20,,,SIZE / OPTIONS,SIZE / OPTIONS - GK ROAD SODA PA,single choice,no,SHANDY,21200000502,,,,0,,no,369867812813
ROAD SODA PA,GK,DRAUGHT,German Kraft,Internal,drink,Lemon,7.2,0,,,20,20,,,SIZE / OPTIONS,SIZE / OPTIONS - GK ROAD SODA PA,single choice,no,HALF SHANDY,21200000503,,,,-3.2,,no,369867812813
ROAD SODA PA,GK,DRAUGHT,German Kraft,Internal,drink,Lemon,7.2,0,,,20,20,,,SIZE / OPTIONS,SIZE / OPTIONS - GK ROAD SODA PA,single choice,no,TOP,21200000504,,,,0,,no,369867812813
ROAD SODA PA,GK,DRAUGHT,German Kraft,Internal,drink,Lemon,7.2,0,,,20,20,,,SIZE / OPTIONS,SIZE / OPTIONS - GK ROAD SODA PA,single choice,no,HALF TOP,21200000505,,,,-3.2,,no,369867812813
SAMBROOKS FESTBIER,GK,DRAUGHT,German Kraft,Internal,drink,Lemon,6.9,0,,,20,20,,,SIZE / OPTIONS,GK SAMBROOKS FESTBIER SIZE / OPTIONS,single choice,no,PINT,21200006300,,,,0,,yes,369867775313
SAMBROOKS FESTBIER,GK,DRAUGHT,German Kraft,Internal,drink,Lemon,6.9,0,,,20,20,,,SIZE / OPTIONS,GK SAMBROOKS FESTBIER SIZE / OPTIONS,single choice,no,HALF,21200006301,,,,-3.4,,no,369867775313
SAMBROOKS FESTBIER,GK,DRAUGHT,German Kraft,Internal,drink,Lemon,6.9,0,,,20,20,,,SIZE / OPTIONS,GK SAMBROOKS FESTBIER SIZE / OPTIONS,single choice,no,SHANDY,21200006302,,,,0,,no,369867775313
SAMBROOKS FESTBIER,GK,DRAUGHT,German Kraft,Internal,drink,Lemon,6.9,0,,,20,20,,,SIZE / OPTIONS,GK SAMBROOKS FESTBIER SIZE / OPTIONS,single choice,no,HALF SHANDY,21200006303,,,,-3.4,,no,369867775313
SAMBROOKS FESTBIER,GK,DRAUGHT,German Kraft,Internal,drink,Lemon,6.9,0,,,20,20,,,SIZE / OPTIONS,GK SAMBROOKS FESTBIER SIZE / OPTIONS,single choice,no,TOP,21200006304,,,,0,,no,369867775313
SAMBROOKS FESTBIER,GK,DRAUGHT,German Kraft,Internal,drink,Lemon,6.9,0,,,20,20,,,SIZE / OPTIONS,GK SAMBROOKS FESTBIER SIZE / OPTIONS,single choice,no,HALF TOP,21200006305,,,,-3.4,,no,369867775313
SAMBROOKS FESTBIER,GK,DRAUGHT,German Kraft,Internal,drink,Lemon,6.9,0,,,20,20,,,SIZE / OPTIONS,GK SAMBROOKS FESTBIER SIZE / OPTIONS,single choice,no,MASS,21200006307,,,,7.1,,no,369867775313
SIREN PORTER,GK,DRAUGHT,German Kraft,Internal,drink,Lemon,6.9,0,,,20,20,,,SIZE / OPTIONS,GK SIREN PORTER SIZE / OPTIONS,single choice,no,HALF,21200006801,,,,-3.4,,no,369867770913
SIREN PORTER,GK,DRAUGHT,German Kraft,Internal,drink,Lemon,6.9,0,,,20,20,,,SIZE / OPTIONS,GK SIREN PORTER SIZE / OPTIONS,single choice,no,HALF SHANDY,21200006803,,,,-3.4,,no,369867770913
SIREN PORTER,GK,DRAUGHT,German Kraft,Internal,drink,Lemon,6.9,0,,,20,20,,,SIZE / OPTIONS,GK SIREN PORTER SIZE / OPTIONS,single choice,no,HALF TOP,21200006805,,,,-3.4,,no,369867770913
SIREN PORTER,GK,DRAUGHT,German Kraft,Internal,drink,Lemon,6.9,0,,,20,20,,,SIZE / OPTIONS,GK SIREN PORTER SIZE / OPTIONS,single choice,no,MASS,21200006807,,,,7.1,,no,369867770913
SIREN PORTER,GK,DRAUGHT,German Kraft,Internal,drink,Lemon,6.9,0,,,20,20,,,SIZE / OPTIONS,GK SIREN PORTER SIZE / OPTIONS,single choice,no,SHANDY,21200006802,,,,0,,no,369867770913
SIREN PORTER,GK,DRAUGHT,German Kraft,Internal,drink,Lemon,6.9,0,,,20,20,,,SIZE / OPTIONS,GK SIREN PORTER SIZE / OPTIONS,single choice,no,TOP,21200006804,,,,0,,no,369867770913
SIREN PORTER,GK,DRAUGHT,German Kraft,Internal,drink,Lemon,6.9,0,,,20,20,,,SIZE / OPTIONS,GK SIREN PORTER SIZE / OPTIONS,single choice,no,PINT,21200006800,,,,0,,no,369867770913
VOCATION FESTBIER,GK,DRAUGHT,German Kraft,Internal,drink,Lemon,6.9,0,,,20,20,,,SIZE / OPTIONS,GK VOCATION FESTBIER SIZE / OPTIONS,single choice,no,PINT,21200006700,,,,0,,yes,369867541413
VOCATION FESTBIER,GK,DRAUGHT,German Kraft,Internal,drink,Lemon,6.9,0,,,20,20,,,SIZE / OPTIONS,GK VOCATION FESTBIER SIZE / OPTIONS,single choice,no,HALF,21200006701,,,,-3.4,,no,369867541413
VOCATION FESTBIER,GK,DRAUGHT,German Kraft,Internal,drink,Lemon,6.9,0,,,20,20,,,SIZE / OPTIONS,GK VOCATION FESTBIER SIZE / OPTIONS,single choice,no,SHANDY,21200006702,,,,0,,no,369867541413
VOCATION FESTBIER,GK,DRAUGHT,German Kraft,Internal,drink,Lemon,6.9,0,,,20,20,,,SIZE / OPTIONS,GK VOCATION FESTBIER SIZE / OPTIONS,single choice,no,HALF SHANDY,21200006703,,,,-3.4,,no,369867541413
VOCATION FESTBIER,GK,DRAUGHT,German Kraft,Internal,drink,Lemon,6.9,0,,,20,20,,,SIZE / OPTIONS,GK VOCATION FESTBIER SIZE / OPTIONS,single choice,no,TOP,21200006704,,,,0,,no,369867541413
VOCATION FESTBIER,GK,DRAUGHT,German Kraft,Internal,drink,Lemon,6.9,0,,,20,20,,,SIZE / OPTIONS,GK VOCATION FESTBIER SIZE / OPTIONS,single choice,no,HALF TOP,21200006705,,,,-3.4,,no,369867541413
VOCATION FESTBIER,GK,DRAUGHT,German Kraft,Internal,drink,Lemon,6.9,0,,,20,20,,,SIZE / OPTIONS,GK VOCATION FESTBIER SIZE / OPTIONS,single choice,no,MASS,21200006707,,,,7.1,,no,369867541413
BERO KINGSTON GOLDEN PILS (NON-ALC),,DRAUGHT,German Kraft,Internal,drink,Spring,5.5,0,,,20,20,,,,,multi choice,no,,,,,,,,,369859765311
BERO KINGSTON HAZY IPA,,DRAUGHT,German Kraft,Internal,drink,Spring,5.5,0,,,20,20,,,,,multi choice,no,,,,,,,,,369859765111
BIG DROP PINE TRAIL CAN,21500002800,DRAUGHT,German Kraft,Internal,drink,Coral,5.5,0,,,20,20,,,,,multi choice,no,,,,,,,,,369859764811
BIG DROP REEF POINT CAN,21500002700,DRAUGHT,German Kraft,Internal,drink,Coral,5.5,0,,,20,20,,,,,multi choice,no,,,,,,,,,369852204611
BRAT & PINT,21010000100,DRAUGHT,German Kraft,Internal,drink,Spring,15,0,,,20,20,,,BEER CHOICE,BEER CHOICE - GK BEER & MEAL,single choice,yes,FRITZ B&B PT,21100007357,,,,0,,yes,369832546665
BRAT & PINT,21010000100,DRAUGHT,German Kraft,Internal,drink,Spring,15,0,,,20,20,,,BEER CHOICE,BEER CHOICE - GK BEER & MEAL,single choice,yes,HEIDI HELLES B&B PT,21100000157,,,,0,,no,369832546665
BRAT & PINT,21010000100,DRAUGHT,German Kraft,Internal,drink,Spring,15,0,,,20,20,,,BEER CHOICE,BEER CHOICE - GK BEER & MEAL,single choice,yes,HEINR ZWICKEL B&B PT,21100000357,,,,0,,no,369832546665
BRAT & PINT,21010000100,DRAUGHT,German Kraft,Internal,drink,Spring,15,0,,,20,20,,,BEER CHOICE,BEER CHOICE - GK BEER & MEAL,single choice,yes,LOTTE WEISSB B&B PT,21100000757,,,,0,,no,369832546665
BRAT & PINT,21010000100,DRAUGHT,German Kraft,Internal,drink,Spring,15,0,,,20,20,,,BEER CHOICE,BEER CHOICE - GK BEER & MEAL,single choice,yes,SIGGI B&B PT,21100006657,,,,0,,no,369832546665
BURGER & PINT,21010000100,DRAUGHT,German Kraft,Internal,drink,Spring,12,0,,,20,20,,,BEER CHOICE,BEER CHOICE - GK BEER & MEAL,single choice,yes,FRITZ B&B PT,21100007357,,,,0,,yes,369832545265
BURGER & PINT,21010000100,DRAUGHT,German Kraft,Internal,drink,Spring,12,0,,,20,20,,,BEER CHOICE,BEER CHOICE - GK BEER & MEAL,single choice,yes,HEIDI HELLES B&B PT,21100000157,,,,0,,no,369832545265
BURGER & PINT,21010000100,DRAUGHT,German Kraft,Internal,drink,Spring,12,0,,,20,20,,,BEER CHOICE,BEER CHOICE - GK BEER & MEAL,single choice,yes,HEINR ZWICKEL B&B PT,21100000357,,,,0,,no,369832545265
BURGER & PINT,21010000100,DRAUGHT,German Kraft,Internal,drink,Spring,12,0,,,20,20,,,BEER CHOICE,BEER CHOICE - GK BEER & MEAL,single choice,yes,LOTTE WEISSB B&B PT,21100000757,,,,0,,no,369832545265
BURGER & PINT,21010000100,DRAUGHT,German Kraft,Internal,drink,Spring,12,0,,,20,20,,,BEER CHOICE,BEER CHOICE - GK BEER & MEAL,single choice,yes,SIGGI B&B PT,21100006657,,,,0,,no,369832545265
SYRIAN WRAP & PINT,21010000100,DRAUGHT,German Kraft,Internal,drink,Spring,15,0,,,20,20,,,BEER CHOICE,BEER CHOICE - GK BEER & MEAL,single choice,yes,FRITZ B&B PT,21100007357,,,,0,,yes,369831683765
SYRIAN WRAP & PINT,21010000100,DRAUGHT,German Kraft,Internal,drink,Spring,15,0,,,20,20,,,BEER CHOICE,BEER CHOICE - GK BEER & MEAL,single choice,yes,HEIDI HELLES B&B PT,21100000157,,,,0,,no,369831683765
SYRIAN WRAP & PINT,21010000100,DRAUGHT,German Kraft,Internal,drink,Spring,15,0,,,20,20,,,BEER CHOICE,BEER CHOICE - GK BEER & MEAL,single choice,yes,HEINR ZWICKEL B&B PT,21100000357,,,,0,,no,369831683765
SYRIAN WRAP & PINT,21010000100,DRAUGHT,German Kraft,Internal,drink,Spring,15,0,,,20,20,,,BEER CHOICE,BEER CHOICE - GK BEER & MEAL,single choice,yes,LOTTE WEISSB B&B PT,21100000757,,,,0,,no,369831683765
SYRIAN WRAP & PINT,21010000100,DRAUGHT,German Kraft,Internal,drink,Spring,15,0,,,20,20,,,BEER CHOICE,BEER CHOICE - GK BEER & MEAL,single choice,yes,SIGGI B&B PT,21100006657,,,,0,,no,369831683765
WRAP & PINT,21010000100,DRAUGHT,German Kraft,Internal,drink,Spring,15,0,,,20,20,,,BEER CHOICE,BEER CHOICE - GK BEER & MEAL,single choice,yes,FRITZ B&B PT,21100007357,,,,0,,yes,369831478065
WRAP & PINT,21010000100,DRAUGHT,German Kraft,Internal,drink,Spring,15,0,,,20,20,,,BEER CHOICE,BEER CHOICE - GK BEER & MEAL,single choice,yes,HEIDI HELLES B&B PT,21100000157,,,,0,,no,369831478065
WRAP & PINT,21010000100,DRAUGHT,German Kraft,Internal,drink,Spring,15,0,,,20,20,,,BEER CHOICE,BEER CHOICE - GK BEER & MEAL,single choice,yes,HEINR ZWICKEL B&B PT,21100000357,,,,0,,no,369831478065
WRAP & PINT,21010000100,DRAUGHT,German Kraft,Internal,drink,Spring,15,0,,,20,20,,,BEER CHOICE,BEER CHOICE - GK BEER & MEAL,single choice,yes,LOTTE WEISSB B&B PT,21100000757,,,,0,,no,369831478065
WRAP & PINT,21010000100,DRAUGHT,German Kraft,Internal,drink,Spring,15,0,,,20,20,,,BEER CHOICE,BEER CHOICE - GK BEER & MEAL,single choice,yes,SIGGI B&B PT,21100006657,,,,0,,no,369831478065
BEER PITCHER,,DRAUGHT,German Kraft,Internal,drink,Rose,24.95,0,,,20,20,,,BEER CHOICE,BEER CHOICE,single choice,no,FRITZ,GK - FRITZ PITCHER,,,,0,,yes,369822710865
BEER PITCHER,,DRAUGHT,German Kraft,Internal,drink,Rose,24.95,0,,,20,20,,,BEER CHOICE,BEER CHOICE,single choice,no,HEIDI HELLES,GK - HEIDI HELLES PITCHER,,,,0,,no,369822710865
BEER PITCHER,,DRAUGHT,German Kraft,Internal,drink,Rose,24.95,0,,,20,20,,,BEER CHOICE,BEER CHOICE,single choice,no,HEINR ZWICKEL,GK - HEINR ZWICKEL PITCHER,,,,0,,no,369822710865
BEER PITCHER,,DRAUGHT,German Kraft,Internal,drink,Rose,24.95,0,,,20,20,,,BEER CHOICE,BEER CHOICE,single choice,no,LOTTE WEISSB,GK - LOTTE WEISSB PITCHER,,,,0,,no,369822710865
BEER PITCHER,,DRAUGHT,German Kraft,Internal,drink,Rose,24.95,0,,,20,20,,,BEER CHOICE,BEER CHOICE,single choice,no,SIGGI,GK - SIGGI PITCHER,,,,0,,no,369822710865
FRITZ,GK,DRAUGHT BEER,German Kraft,All,drink,Sunrise,6.9,0,,,20,20,,,SIZE / OPTIONS,SIZE / OPTIONS - GK FRITZ,single choice,no,PINT,21100007300,,,,0,,yes,369797565413
FRITZ,GK,DRAUGHT BEER,German Kraft,All,drink,Sunrise,6.9,0,,,20,20,,,SIZE / OPTIONS,SIZE / OPTIONS - GK FRITZ,single choice,no,HALF,21100007301,,,,-3.2,,no,369797565413
FRITZ,GK,DRAUGHT BEER,German Kraft,All,drink,Sunrise,6.9,0,,,20,20,,,SIZE / OPTIONS,SIZE / OPTIONS - GK FRITZ,single choice,no,SHANDY,21100007302,,,,0,,no,369797565413
FRITZ,GK,DRAUGHT BEER,German Kraft,All,drink,Sunrise,6.9,0,,,20,20,,,SIZE / OPTIONS,SIZE / OPTIONS - GK FRITZ,single choice,no,HALF SHANDY,21100007303,,,,-3.2,,no,369797565413
FRITZ,GK,DRAUGHT BEER,German Kraft,All,drink,Sunrise,6.9,0,,,20,20,,,SIZE / OPTIONS,SIZE / OPTIONS - GK FRITZ,single choice,no,TOP,21100007304,,,,0,,no,369797565413
FRITZ,GK,DRAUGHT BEER,German Kraft,All,drink,Sunrise,6.9,0,,,20,20,,,SIZE / OPTIONS,SIZE / OPTIONS - GK FRITZ,single choice,no,HALF TOP,21100007305,,,,-3.2,,no,369797565413
FRITZ,GK,DRAUGHT BEER,German Kraft,All,drink,Sunrise,6.9,0,,,20,20,,,SIZE / OPTIONS,SIZE / OPTIONS - GK FRITZ,single choice,no,MASS,21100007307,,,,6.6,,no,369797565413
HEIDI HELLES,GK,DRAUGHT BEER,German Kraft,All,drink,Sunrise,6.9,0,,,20,20,,,SIZE / OPTIONS,SIZE / OPTIONS - GK HEIDI HELLES,single choice,no,PINT,21100000100,,,,0,,yes,369797472813
HEIDI HELLES,GK,DRAUGHT BEER,German Kraft,All,drink,Sunrise,6.9,0,,,20,20,,,SIZE / OPTIONS,SIZE / OPTIONS - GK HEIDI HELLES,single choice,no,HALF,21100000101,,,,-3.2,,no,369797472813
HEIDI HELLES,GK,DRAUGHT BEER,German Kraft,All,drink,Sunrise,6.9,0,,,20,20,,,SIZE / OPTIONS,SIZE / OPTIONS - GK HEIDI HELLES,single choice,no,SHANDY,21100000102,,,,0,,no,369797472813
HEIDI HELLES,GK,DRAUGHT BEER,German Kraft,All,drink,Sunrise,6.9,0,,,20,20,,,SIZE / OPTIONS,SIZE / OPTIONS - GK HEIDI HELLES,single choice,no,HALF SHANDY,21100000103,,,,-3.2,,no,369797472813
HEIDI HELLES,GK,DRAUGHT BEER,German Kraft,All,drink,Sunrise,6.9,0,,,20,20,,,SIZE / OPTIONS,SIZE / OPTIONS - GK HEIDI HELLES,single choice,no,TOP,21100000104,,,,0,,no,369797472813
HEIDI HELLES,GK,DRAUGHT BEER,German Kraft,All,drink,Sunrise,6.9,0,,,20,20,,,SIZE / OPTIONS,SIZE / OPTIONS - GK HEIDI HELLES,single choice,no,HALF TOP,21100000105,,,,-3.2,,no,369797472813
HEIDI HELLES,GK,DRAUGHT BEER,German Kraft,All,drink,Sunrise,6.9,0,,,20,20,,,SIZE / OPTIONS,SIZE / OPTIONS - GK HEIDI HELLES,single choice,no,MASS,21100000107,,,,6.6,,no,369797472813
HEINR ZWICKEL,GK,DRAUGHT BEER,German Kraft,All,drink,Sunrise,6.65,0,,,20,20,,,SIZE / OPTIONS,SIZE / OPTIONS - GK HEINR ZWICKEL,single choice,no,PINT,21100000300,,,,0,,yes,369797471413
HEINR ZWICKEL,GK,DRAUGHT BEER,German Kraft,All,drink,Sunrise,6.65,0,,,20,20,,,SIZE / OPTIONS,SIZE / OPTIONS - GK HEINR ZWICKEL,single choice,no,HALF,21100000301,,,,-3.05,,no,369797471413
HEINR ZWICKEL,GK,DRAUGHT BEER,German Kraft,All,drink,Sunrise,6.65,0,,,20,20,,,SIZE / OPTIONS,SIZE / OPTIONS - GK HEINR ZWICKEL,single choice,no,SHANDY,21100000302,,,,0,,no,369797471413
HEINR ZWICKEL,GK,DRAUGHT BEER,German Kraft,All,drink,Sunrise,6.65,0,,,20,20,,,SIZE / OPTIONS,SIZE / OPTIONS - GK HEINR ZWICKEL,single choice,no,HALF SHANDY,21100000303,,,,-3.05,,no,369797471413
HEINR ZWICKEL,GK,DRAUGHT BEER,German Kraft,All,drink,Sunrise,6.65,0,,,20,20,,,SIZE / OPTIONS,SIZE / OPTIONS - GK HEINR ZWICKEL,single choice,no,TOP,21100000304,,,,0,,no,369797471413
HEINR ZWICKEL,GK,DRAUGHT BEER,German Kraft,All,drink,Sunrise,6.65,0,,,20,20,,,SIZE / OPTIONS,SIZE / OPTIONS - GK HEINR ZWICKEL,single choice,no,HALF TOP,21100000305,,,,-3.05,,no,369797471413
HEINR ZWICKEL,GK,DRAUGHT BEER,German Kraft,All,drink,Sunrise,6.65,0,,,20,20,,,SIZE / OPTIONS,SIZE / OPTIONS - GK HEINR ZWICKEL,single choice,no,MASS,21100000307,,,,6.35,,no,369797471413
KELLERBIER,,DRAUGHT BEER,German Kraft,All,drink,Sunrise,6.9,0,,,20,20,,,SIZE / OPTIONS,SIZE / OPTIONS - GK KELLERBIER,single choice,no,PINT,GK,,,,0,,yes,369797406113
KELLERBIER,,DRAUGHT BEER,German Kraft,All,drink,Sunrise,6.9,0,,,20,20,,,SIZE / OPTIONS,SIZE / OPTIONS - GK KELLERBIER,single choice,no,HALF,GK,,,,-3.4,,no,369797406113
KELLERBIER,,DRAUGHT BEER,German Kraft,All,drink,Sunrise,6.9,0,,,20,20,,,SIZE / OPTIONS,SIZE / OPTIONS - GK KELLERBIER,single choice,no,SHANDY,0,,,,0,,no,369797406113
KELLERBIER,,DRAUGHT BEER,German Kraft,All,drink,Sunrise,6.9,0,,,20,20,,,SIZE / OPTIONS,SIZE / OPTIONS - GK KELLERBIER,single choice,no,HALF SHANDY,GK,,,,-3.4,,no,369797406113
KELLERBIER,,DRAUGHT BEER,German Kraft,All,drink,Sunrise,6.9,0,,,20,20,,,SIZE / OPTIONS,SIZE / OPTIONS - GK KELLERBIER,single choice,no,TOP,GK,,,,0,,no,369797406113
KELLERBIER,,DRAUGHT BEER,German Kraft,All,drink,Sunrise,6.9,0,,,20,20,,,SIZE / OPTIONS,SIZE / OPTIONS - GK KELLERBIER,single choice,no,HALF TOP,GK,,,,-3.4,,no,369797406113
KELLERBIER,,DRAUGHT BEER,German Kraft,All,drink,Sunrise,6.9,0,,,20,20,,,SIZE / OPTIONS,SIZE / OPTIONS - GK KELLERBIER,single choice,no,MASS,GK,,,,7.1,,no,369797406113
LOTTE WEISSB,GK,DRAUGHT BEER,German Kraft,All,drink,Sunrise,7.1,0,,,20,20,,,SIZE / OPTIONS,SIZE / OPTIONS - GK LOTTE WEISSB,single choice,no,PINT,21100000700,,,,0,,yes,369797361413
LOTTE WEISSB,GK,DRAUGHT BEER,German Kraft,All,drink,Sunrise,7.1,0,,,20,20,,,SIZE / OPTIONS,SIZE / OPTIONS - GK LOTTE WEISSB,single choice,no,HALF,21100000701,,,,-3.1,,no,369797361413
LOTTE WEISSB,GK,DRAUGHT BEER,German Kraft,All,drink,Sunrise,7.1,0,,,20,20,,,SIZE / OPTIONS,SIZE / OPTIONS - GK LOTTE WEISSB,single choice,no,SHANDY,21100000702,,,,0,,no,369797361413
LOTTE WEISSB,GK,DRAUGHT BEER,German Kraft,All,drink,Sunrise,7.1,0,,,20,20,,,SIZE / OPTIONS,SIZE / OPTIONS - GK LOTTE WEISSB,single choice,no,HALF SHANDY,21100000703,,,,-3.1,,no,369797361413
LOTTE WEISSB,GK,DRAUGHT BEER,German Kraft,All,drink,Sunrise,7.1,0,,,20,20,,,SIZE / OPTIONS,SIZE / OPTIONS - GK LOTTE WEISSB,single choice,no,TOP,21100000704,,,,0,,no,369797361413
LOTTE WEISSB,GK,DRAUGHT BEER,German Kraft,All,drink,Sunrise,7.1,0,,,20,20,,,SIZE / OPTIONS,SIZE / OPTIONS - GK LOTTE WEISSB,single choice,no,HALF TOP,21100000705,,,,-3.1,,no,369797361413
LOTTE WEISSB,GK,DRAUGHT BEER,German Kraft,All,drink,Sunrise,7.1,0,,,20,20,,,SIZE / OPTIONS,SIZE / OPTIONS - GK LOTTE WEISSB,single choice,no,MASS,21100000707,,,,6.9,,no,369797361413
SCHWARZBIER,,DRAUGHT BEER,German Kraft,All,drink,Sunrise,6.9,0,,,20,20,,,SIZE / OPTIONS,SIZE / OPTIONS - GK SCHWARZBIER,single choice,no,PINT,PINT SCHWARZBIER,,,,0,,yes,369797104013
SCHWARZBIER,,DRAUGHT BEER,German Kraft,All,drink,Sunrise,6.9,0,,,20,20,,,SIZE / OPTIONS,SIZE / OPTIONS - GK SCHWARZBIER,single choice,no,HALF,HALF SCHWARZBIER,,,,-3.2,,no,369797104013
SCHWARZBIER,,DRAUGHT BEER,German Kraft,All,drink,Sunrise,6.9,0,,,20,20,,,SIZE / OPTIONS,SIZE / OPTIONS - GK SCHWARZBIER,single choice,no,SHANDY,SHANDY SCHWARZBIER,,,,0,,no,369797104013
SCHWARZBIER,,DRAUGHT BEER,German Kraft,All,drink,Sunrise,6.9,0,,,20,20,,,SIZE / OPTIONS,SIZE / OPTIONS - GK SCHWARZBIER,single choice,no,HALF SHANDY,HALF SHANDY SCHWARZBIER,,,,-3.2,,no,369797104013
SCHWARZBIER,,DRAUGHT BEER,German Kraft,All,drink,Sunrise,6.9,0,,,20,20,,,SIZE / OPTIONS,SIZE / OPTIONS - GK SCHWARZBIER,single choice,no,TOP,TOP SCHWARZBIER,,,,0,,no,369797104013
SCHWARZBIER,,DRAUGHT BEER,German Kraft,All,drink,Sunrise,6.9,0,,,20,20,,,SIZE / OPTIONS,SIZE / OPTIONS - GK SCHWARZBIER,single choice,no,HALF TOP,HALF TOP SCHWARZBIER,,,,-3.2,,no,369797104013
SIGGI,GK,DRAUGHT BEER,German Kraft,All,drink,Sunrise,6.65,0,,,20,20,,,SIZE / OPTIONS,SIZE / OPTIONS - GK SIGGI,single choice,no,PINT,21100006600,,,,0,,yes,369797102313
SIGGI,GK,DRAUGHT BEER,German Kraft,All,drink,Sunrise,6.65,0,,,20,20,,,SIZE / OPTIONS,SIZE / OPTIONS - GK SIGGI,single choice,no,HALF,21100006601,,,,-3.05,,no,369797102313
SIGGI,GK,DRAUGHT BEER,German Kraft,All,drink,Sunrise,6.65,0,,,20,20,,,SIZE / OPTIONS,SIZE / OPTIONS - GK SIGGI,single choice,no,SHANDY,21100006602,,,,0,,no,369797102313
SIGGI,GK,DRAUGHT BEER,German Kraft,All,drink,Sunrise,6.65,0,,,20,20,,,SIZE / OPTIONS,SIZE / OPTIONS - GK SIGGI,single choice,no,HALF SHANDY,21100006603,,,,-3.05,,no,369797102313
SIGGI,GK,DRAUGHT BEER,German Kraft,All,drink,Sunrise,6.65,0,,,20,20,,,SIZE / OPTIONS,SIZE / OPTIONS - GK SIGGI,single choice,no,TOP,21100006604,,,,0,,no,369797102313
SIGGI,GK,DRAUGHT BEER,German Kraft,All,drink,Sunrise,6.65,0,,,20,20,,,SIZE / OPTIONS,SIZE / OPTIONS - GK SIGGI,single choice,no,HALF TOP,21100006605,,,,-3.05,,no,369797102313
SIGGI,GK,DRAUGHT BEER,German Kraft,All,drink,Sunrise,6.65,0,,,20,20,,,SIZE / OPTIONS,SIZE / OPTIONS - GK SIGGI,single choice,no,MASS,21100006607,,,,6.35,,no,369797102313
GROWLER DEPOSIT,21100200100,DRAUGHT BEER,German Kraft,All,other,Coral,10,0,,,20,20,,,,,multi choice,no,,,,,,,,,369742136911
BEER FLIGHT,,DRAUGHT BEER,German Kraft,All,drink,Cobalt,8,0,,,20,20,,,BEER ONE,BEER ONE,single choice,yes,FRITZ (F),GK,,,,0,,no,369732706435
BEER FLIGHT,,DRAUGHT BEER,German Kraft,All,drink,Cobalt,8,0,,,20,20,,,BEER ONE,BEER ONE,single choice,yes,HEIDI HELLES (F),GK,,,,0,,no,369732706435
BEER FLIGHT,,DRAUGHT BEER,German Kraft,All,drink,Cobalt,8,0,,,20,20,,,BEER ONE,BEER ONE,single choice,yes,HEINR ZWICKEL (F),GK,,,,0,,no,369732706435
BEER FLIGHT,,DRAUGHT BEER,German Kraft,All,drink,Cobalt,8,0,,,20,20,,,BEER ONE,BEER ONE,single choice,yes,LOTTE WEISSB (F),GK,,,,0,,no,369732706435
BEER FLIGHT,,DRAUGHT BEER,German Kraft,All,drink,Cobalt,8,0,,,20,20,,,BEER ONE,BEER ONE,single choice,yes,SIGGI (F),GK,,,,0,,no,369732706435
BEER FLIGHT,,DRAUGHT BEER,German Kraft,All,drink,Cobalt,8,0,,,20,20,,,BEER TWO,BEER TWO,single choice,yes,FRITZ (F),GK,,,,0,,no,369732705950
BEER FLIGHT,,DRAUGHT BEER,German Kraft,All,drink,Cobalt,8,0,,,20,20,,,BEER TWO,BEER TWO,single choice,yes,HEIDI HELLES (F),GK,,,,0,,no,369732705950
BEER FLIGHT,,DRAUGHT BEER,German Kraft,All,drink,Cobalt,8,0,,,20,20,,,BEER TWO,BEER TWO,single choice,yes,HEINR ZWICKEL (F),GK,,,,0,,no,369732705950
BEER FLIGHT,,DRAUGHT BEER,German Kraft,All,drink,Cobalt,8,0,,,20,20,,,BEER TWO,BEER TWO,single choice,yes,LOTTE WEISSB (F),GK,,,,0,,no,369732705950
BEER FLIGHT,,DRAUGHT BEER,German Kraft,All,drink,Cobalt,8,0,,,20,20,,,BEER TWO,BEER TWO,single choice,yes,SIGGI (F),GK,,,,0,,no,369732705950
BEER FLIGHT,,DRAUGHT BEER,German Kraft,All,drink,Cobalt,8,0,,,20,20,,,BEER THREE,BEER THREE,single choice,yes,FRITZ (F),GK,,,,0,,no,369732705620
BEER FLIGHT,,DRAUGHT BEER,German Kraft,All,drink,Cobalt,8,0,,,20,20,,,BEER THREE,BEER THREE,single choice,yes,HEIDI HELLES (F),GK,,,,0,,no,369732705620
BEER FLIGHT,,DRAUGHT BEER,German Kraft,All,drink,Cobalt,8,0,,,20,20,,,BEER THREE,BEER THREE,single choice,yes,HEINR ZWICKEL (F),GK,,,,0,,no,369732705620
BEER FLIGHT,,DRAUGHT BEER,German Kraft,All,drink,Cobalt,8,0,,,20,20,,,BEER THREE,BEER THREE,single choice,yes,LOTTE WEISSB (F),GK,,,,0,,no,369732705620
BEER FLIGHT,,DRAUGHT BEER,German Kraft,All,drink,Cobalt,8,0,,,20,20,,,BEER THREE,BEER THREE,single choice,yes,SIGGI (F),GK,,,,0,,no,369732705620
BEER PITCHER,,DRAUGHT BEER,German Kraft,All,drink,Rose,24.95,0,,,20,20,,,BEER CHOICE,BEER CHOICE,single choice,no,FRITZ,GK - FRITZ PITCHER,,,,0,,yes,369729140865
BEER PITCHER,,DRAUGHT BEER,German Kraft,All,drink,Rose,24.95,0,,,20,20,,,BEER CHOICE,BEER CHOICE,single choice,no,HEIDI HELLES,GK - HEIDI HELLES PITCHER,,,,0,,no,369729140865
BEER PITCHER,,DRAUGHT BEER,German Kraft,All,drink,Rose,24.95,0,,,20,20,,,BEER CHOICE,BEER CHOICE,single choice,no,HEINR ZWICKEL,GK - HEINR ZWICKEL PITCHER,,,,0,,no,369729140865
BEER PITCHER,,DRAUGHT BEER,German Kraft,All,drink,Rose,24.95,0,,,20,20,,,BEER CHOICE,BEER CHOICE,single choice,no,LOTTE WEISSB,GK - LOTTE WEISSB PITCHER,,,,0,,no,369729140865
BEER PITCHER,,DRAUGHT BEER,German Kraft,All,drink,Rose,24.95,0,,,20,20,,,BEER CHOICE,BEER CHOICE,single choice,no,SIGGI,GK - SIGGI PITCHER,,,,0,,no,369729140865
FREE STEIN PROMO,,DRAUGHT BEER,German Kraft,All,drink,Spring,0,0,,,20,20,,,BEER CHOICE,GK OKTOBERFEST BEER CHOICE,single choice,yes,FRITZ,21100007318,,,,0,,no,369727466965
FREE STEIN PROMO,,DRAUGHT BEER,German Kraft,All,drink,Spring,0,0,,,20,20,,,BEER CHOICE,GK OKTOBERFEST BEER CHOICE,single choice,yes,HEIDI HELLES,21100000118,,,,0,,no,369727466965
FREE STEIN PROMO,,DRAUGHT BEER,German Kraft,All,drink,Spring,0,0,,,20,20,,,BEER CHOICE,GK OKTOBERFEST BEER CHOICE,single choice,yes,HEINR ZWICKEL,21100000316,,,,0,,no,369727466965
FREE STEIN PROMO,,DRAUGHT BEER,German Kraft,All,drink,Spring,0,0,,,20,20,,,BEER CHOICE,GK OKTOBERFEST BEER CHOICE,single choice,yes,LOTTE WEISSB,21100000718,,,,0,,no,369727466965
FREE STEIN PROMO,,DRAUGHT BEER,German Kraft,All,drink,Spring,0,0,,,20,20,,,BEER CHOICE,GK OKTOBERFEST BEER CHOICE,single choice,yes,SIGGI,21100006618,,,,0,,no,369727466965
PRE-SOLD MASS,,DRAUGHT BEER,German Kraft,All,drink,Lilac,0,0,,,20,20,,,BEER CHOICE,GK OKTOBERFEST BEER CHOICE,single choice,yes,FRITZ,21100007318,,,,0,,no,369727123465
PRE-SOLD MASS,,DRAUGHT BEER,German Kraft,All,drink,Lilac,0,0,,,20,20,,,BEER CHOICE,GK OKTOBERFEST BEER CHOICE,single choice,yes,HEIDI HELLES,21100000118,,,,0,,no,369727123465
PRE-SOLD MASS,,DRAUGHT BEER,German Kraft,All,drink,Lilac,0,0,,,20,20,,,BEER CHOICE,GK OKTOBERFEST BEER CHOICE,single choice,yes,HEINR ZWICKEL,21100000316,,,,0,,no,369727123465
PRE-SOLD MASS,,DRAUGHT BEER,German Kraft,All,drink,Lilac,0,0,,,20,20,,,BEER CHOICE,GK OKTOBERFEST BEER CHOICE,single choice,yes,LOTTE WEISSB,21100000718,,,,0,,no,369727123465
PRE-SOLD MASS,,DRAUGHT BEER,German Kraft,All,drink,Lilac,0,0,,,20,20,,,BEER CHOICE,GK OKTOBERFEST BEER CHOICE,single choice,yes,SIGGI,21100006618,,,,0,,no,369727123465
PRE-SOLD PINT,,DRAUGHT BEER,German Kraft,All,drink,Cobalt,0,0,,,20,20,,,BEER CHOICE,GK OKTOBERFEST BEER CHOICE,single choice,yes,FRITZ,21100007318,,,,0,,no,369727122965
PRE-SOLD PINT,,DRAUGHT BEER,German Kraft,All,drink,Cobalt,0,0,,,20,20,,,BEER CHOICE,GK OKTOBERFEST BEER CHOICE,single choice,yes,HEIDI HELLES,21100000118,,,,0,,no,369727122965
PRE-SOLD PINT,,DRAUGHT BEER,German Kraft,All,drink,Cobalt,0,0,,,20,20,,,BEER CHOICE,GK OKTOBERFEST BEER CHOICE,single choice,yes,HEINR ZWICKEL,21100000316,,,,0,,no,369727122965
PRE-SOLD PINT,,DRAUGHT BEER,German Kraft,All,drink,Cobalt,0,0,,,20,20,,,BEER CHOICE,GK OKTOBERFEST BEER CHOICE,single choice,yes,LOTTE WEISSB,21100000718,,,,0,,no,369727122965
PRE-SOLD PINT,,DRAUGHT BEER,German Kraft,All,drink,Cobalt,0,0,,,20,20,,,BEER CHOICE,GK OKTOBERFEST BEER CHOICE,single choice,yes,SIGGI,21100006618,,,,0,,no,369727122965
£10 STEIN,GK,DRAUGHT BEER,German Kraft,All,drink,Rose,10,0,,,20,20,,,DRAUGHT CHOICE,DRAUGHT CHOICE - GK £5 PINT,single choice,yes,FRITZ,PINT FRITZ,,,,0,,no,369726035959
£10 STEIN,GK,DRAUGHT BEER,German Kraft,All,drink,Rose,10,0,,,20,20,,,DRAUGHT CHOICE,DRAUGHT CHOICE - GK £5 PINT,single choice,yes,HEIDI HELLES,21100000109,,,,0,,no,369726035959
£10 STEIN,GK,DRAUGHT BEER,German Kraft,All,drink,Rose,10,0,,,20,20,,,DRAUGHT CHOICE,DRAUGHT CHOICE - GK £5 PINT,single choice,yes,HEINR ZWICKEL,21100000309,,,,0,,no,369726035959
£10 STEIN,GK,DRAUGHT BEER,German Kraft,All,drink,Rose,10,0,,,20,20,,,DRAUGHT CHOICE,DRAUGHT CHOICE - GK £5 PINT,single choice,yes,LOTTE WEISSB,21100000709,,,,0,,no,369726035959
£10 STEIN,GK,DRAUGHT BEER,German Kraft,All,drink,Rose,10,0,,,20,20,,,DRAUGHT CHOICE,DRAUGHT CHOICE - GK £5 PINT,single choice,yes,SEPP SCHWARZBIER,PINT SCHWARZBIER,,,,0,,no,369726035959
£10 STEIN,GK,DRAUGHT BEER,German Kraft,All,drink,Rose,10,0,,,20,20,,,DRAUGHT CHOICE,DRAUGHT CHOICE - GK £5 PINT,single choice,yes,SIGGI,21100006609,,,,0,,no,369726035959
£10 STEIN,GK,£5 PINT OFFER,German Kraft,Internal,drink,Rose,10,0,,,20,20,,,DRAUGHT CHOICE,DRAUGHT CHOICE - GK £5 PINT,single choice,yes,FRITZ,PINT FRITZ,,,,0,,no,360292805959
£10 STEIN,GK,£5 PINT OFFER,German Kraft,Internal,drink,Rose,10,0,,,20,20,,,DRAUGHT CHOICE,DRAUGHT CHOICE - GK £5 PINT,single choice,yes,HEIDI HELLES,21100000109,,,,0,,no,360292805959
£10 STEIN,GK,£5 PINT OFFER,German Kraft,Internal,drink,Rose,10,0,,,20,20,,,DRAUGHT CHOICE,DRAUGHT CHOICE - GK £5 PINT,single choice,yes,HEINR ZWICKEL,21100000309,,,,0,,no,360292805959
£10 STEIN,GK,£5 PINT OFFER,German Kraft,Internal,drink,Rose,10,0,,,20,20,,,DRAUGHT CHOICE,DRAUGHT CHOICE - GK £5 PINT,single choice,yes,LOTTE WEISSB,21100000709,,,,0,,no,360292805959
£10 STEIN,GK,£5 PINT OFFER,German Kraft,Internal,drink,Rose,10,0,,,20,20,,,DRAUGHT CHOICE,DRAUGHT CHOICE - GK £5 PINT,single choice,yes,SEPP SCHWARZBIER,PINT SCHWARZBIER,,,,0,,no,360292805959
£10 STEIN,GK,£5 PINT OFFER,German Kraft,Internal,drink,Rose,10,0,,,20,20,,,DRAUGHT CHOICE,DRAUGHT CHOICE - GK £5 PINT,single choice,yes,SIGGI,21100006609,,,,0,,no,360292805959
£5 PINT,GK,£5 PINT OFFER,German Kraft,Internal,drink,Rose,5,0,,,20,20,,,DRAUGHT CHOICE,DRAUGHT CHOICE - GK £5 PINT,single choice,yes,FRITZ,PINT FRITZ,,,,0,,no,360292804759
£5 PINT,GK,£5 PINT OFFER,German Kraft,Internal,drink,Rose,5,0,,,20,20,,,DRAUGHT CHOICE,DRAUGHT CHOICE - GK £5 PINT,single choice,yes,HEIDI HELLES,21100000109,,,,0,,no,360292804759
£5 PINT,GK,£5 PINT OFFER,German Kraft,Internal,drink,Rose,5,0,,,20,20,,,DRAUGHT CHOICE,DRAUGHT CHOICE - GK £5 PINT,single choice,yes,HEINR ZWICKEL,21100000309,,,,0,,no,360292804759
£5 PINT,GK,£5 PINT OFFER,German Kraft,Internal,drink,Rose,5,0,,,20,20,,,DRAUGHT CHOICE,DRAUGHT CHOICE - GK £5 PINT,single choice,yes,LOTTE WEISSB,21100000709,,,,0,,no,360292804759
£5 PINT,GK,£5 PINT OFFER,German Kraft,Internal,drink,Rose,5,0,,,20,20,,,DRAUGHT CHOICE,DRAUGHT CHOICE - GK £5 PINT,single choice,yes,SEPP SCHWARZBIER,PINT SCHWARZBIER,,,,0,,no,360292804759
£5 PINT,GK,£5 PINT OFFER,German Kraft,Internal,drink,Rose,5,0,,,20,20,,,DRAUGHT CHOICE,DRAUGHT CHOICE - GK £5 PINT,single choice,yes,SIGGI,21100006609,,,,0,,no,360292804759
BIG DROP PINE TRAIL CAN,21500002800,BOTTLED BEER / LAGER,German Kraft,All,drink,Coral,5.5,0,,,20,20,,,,,multi choice,no,,,,,,,,,359063924811
BIG DROP REEF POINT CAN,21500002700,BOTTLED BEER / LAGER,German Kraft,All,drink,Coral,5.5,0,,,20,20,,,,,multi choice,no,,,,,,,,,359063924611
WESTONS CIDER CAPLE ROAD,,BOTTLED BEER / LAGER,German Kraft,All,drink,Sunrise,5.5,0,,,20,20,,,,,multi choice,no,,,,,,,,,359053133611
BERO KINGSTON GOLDEN PILS (NON-ALC),,BOTTLED BEER / LAGER,German Kraft,All,drink,Spring,5.5,0,,,20,20,,,,,multi choice,no,,,,,,,,,359044595311
BERO KINGSTON HAZY IPA,,BOTTLED BEER / LAGER,German Kraft,All,drink,Spring,5.5,0,,,20,20,,,,,multi choice,no,,,,,,,,,359044595111
A&H RAUCHBIER,GK,GUEST BEER / CIDER,German Kraft,All,drink,Lemon,6.9,0,,,20,20,,,SIZE / OPTIONS,GK A&H RAUCHBIER SIZE / OPTIONS,single choice,no,PINT,21200005000,,,,0,,yes,356480999013
A&H RAUCHBIER,GK,GUEST BEER / CIDER,German Kraft,All,drink,Lemon,6.9,0,,,20,20,,,SIZE / OPTIONS,GK A&H RAUCHBIER SIZE / OPTIONS,single choice,no,HALF,21200005001,,,,-3.4,,no,356480999013
A&H RAUCHBIER,GK,GUEST BEER / CIDER,German Kraft,All,drink,Lemon,6.9,0,,,20,20,,,SIZE / OPTIONS,GK A&H RAUCHBIER SIZE / OPTIONS,single choice,no,SHANDY,21200005002,,,,0,,no,356480999013
A&H RAUCHBIER,GK,GUEST BEER / CIDER,German Kraft,All,drink,Lemon,6.9,0,,,20,20,,,SIZE / OPTIONS,GK A&H RAUCHBIER SIZE / OPTIONS,single choice,no,HALF SHANDY,21200005003,,,,-3.4,,no,356480999013
A&H RAUCHBIER,GK,GUEST BEER / CIDER,German Kraft,All,drink,Lemon,6.9,0,,,20,20,,,SIZE / OPTIONS,GK A&H RAUCHBIER SIZE / OPTIONS,single choice,no,TOP,21200005004,,,,0,,no,356480999013
A&H RAUCHBIER,GK,GUEST BEER / CIDER,German Kraft,All,drink,Lemon,6.9,0,,,20,20,,,SIZE / OPTIONS,GK A&H RAUCHBIER SIZE / OPTIONS,single choice,no,HALF TOP,21200005005,,,,-3.4,,no,356480999013
A&H RAUCHBIER,GK,GUEST BEER / CIDER,German Kraft,All,drink,Lemon,6.9,0,,,20,20,,,SIZE / OPTIONS,GK A&H RAUCHBIER SIZE / OPTIONS,single choice,no,MASS,21200005007,,,,7.1,,no,356480999013
BLACKGUARD STOUT,GK,GUEST BEER / CIDER,German Kraft,All,drink,Lemon,7.2,0,,,20,20,,,SIZE / OPTIONS,SIZE / OPTIONS - GK BLACKGUARD STOUT,single choice,no,PINT,21200004200,,,,0,,yes,356480912013
BLACKGUARD STOUT,GK,GUEST BEER / CIDER,German Kraft,All,drink,Lemon,7.2,0,,,20,20,,,SIZE / OPTIONS,SIZE / OPTIONS - GK BLACKGUARD STOUT,single choice,no,HALF,21200004201,,,,-3.4,,no,356480912013
BOMB SQUAD,GK,GUEST BEER / CIDER,German Kraft,All,drink,Lemon,6.9,0,,,20,20,,,SIZE / OPTIONS,SIZE / OPTIONS - GK BOMB SQUAD,single choice,no,PINT,21200005800,,,,0,,yes,356480907813
BOMB SQUAD,GK,GUEST BEER / CIDER,German Kraft,All,drink,Lemon,6.9,0,,,20,20,,,SIZE / OPTIONS,SIZE / OPTIONS - GK BOMB SQUAD,single choice,no,HALF,21200005801,,,,-3.2,,no,356480907813
BOMB SQUAD,GK,GUEST BEER / CIDER,German Kraft,All,drink,Lemon,6.9,0,,,20,20,,,SIZE / OPTIONS,SIZE / OPTIONS - GK BOMB SQUAD,single choice,no,SHANDY,21200005802,,,,0,,no,356480907813
BOMB SQUAD,GK,GUEST BEER / CIDER,German Kraft,All,drink,Lemon,6.9,0,,,20,20,,,SIZE / OPTIONS,SIZE / OPTIONS - GK BOMB SQUAD,single choice,no,HALF SHANDY,21200005803,,,,-3.2,,no,356480907813
BOMB SQUAD,GK,GUEST BEER / CIDER,German Kraft,All,drink,Lemon,6.9,0,,,20,20,,,SIZE / OPTIONS,SIZE / OPTIONS - GK BOMB SQUAD,single choice,no,TOP,21200005804,,,,0,,no,356480907813
BOMB SQUAD,GK,GUEST BEER / CIDER,German Kraft,All,drink,Lemon,6.9,0,,,20,20,,,SIZE / OPTIONS,SIZE / OPTIONS - GK BOMB SQUAD,single choice,no,HALF TOP,21200005805,,,,-3.2,,no,356480907813
BOMB SQUAD,GK,GUEST BEER / CIDER,German Kraft,All,drink,Lemon,6.9,0,,,20,20,,,SIZE / OPTIONS,SIZE / OPTIONS - GK BOMB SQUAD,single choice,no,MASS,21200005807,,,,6.6,,no,356480907813
CAMPFIRE,GK,GUEST BEER / CIDER,German Kraft,All,drink,Lemon,7.1,0,,,20,20,,,SIZE / OPTIONS,SIZE / OPTIONS - GK CAMPFIRE,single choice,no,PINT,21200005600,,,,0,,yes,356480858713
CAMPFIRE,GK,GUEST BEER / CIDER,German Kraft,All,drink,Lemon,7.1,0,,,20,20,,,SIZE / OPTIONS,SIZE / OPTIONS - GK CAMPFIRE,single choice,no,HALF,21200005601,,,,-3.1,,no,356480858713
CAMPFIRE,GK,GUEST BEER / CIDER,German Kraft,All,drink,Lemon,7.1,0,,,20,20,,,SIZE / OPTIONS,SIZE / OPTIONS - GK CAMPFIRE,single choice,no,SHANDY,21200005602,,,,0,,no,356480858713
CAMPFIRE,GK,GUEST BEER / CIDER,German Kraft,All,drink,Lemon,7.1,0,,,20,20,,,SIZE / OPTIONS,SIZE / OPTIONS - GK CAMPFIRE,single choice,no,HALF SHANDY,21200005603,,,,-3.1,,no,356480858713
CAMPFIRE,GK,GUEST BEER / CIDER,German Kraft,All,drink,Lemon,7.1,0,,,20,20,,,SIZE / OPTIONS,SIZE / OPTIONS - GK CAMPFIRE,single choice,no,TOP,21200005604,,,,0,,no,356480858713
CAMPFIRE,GK,GUEST BEER / CIDER,German Kraft,All,drink,Lemon,7.1,0,,,20,20,,,SIZE / OPTIONS,SIZE / OPTIONS - GK CAMPFIRE,single choice,no,HALF TOP,21200005605,,,,-3.1,,no,356480858713
CAMPFIRE,GK,GUEST BEER / CIDER,German Kraft,All,drink,Lemon,7.1,0,,,20,20,,,SIZE / OPTIONS,SIZE / OPTIONS - GK CAMPFIRE,single choice,no,MASS,21200005607,,,,6.9,,no,356480858713
CAPLE ROAD,GK,GUEST BEER / CIDER,German Kraft,All,drink,Lemon,7,0,,,20,20,,,SIZE / OPTIONS,SIZE / OPTIONS - GK CAPLE ROAD,single choice,no,PINT,21200006100,,,,0,,yes,356480857513
CAPLE ROAD,GK,GUEST BEER / CIDER,German Kraft,All,drink,Lemon,7,0,,,20,20,,,SIZE / OPTIONS,SIZE / OPTIONS - GK CAPLE ROAD,single choice,no,HALF,21200006101,,,,-3.4,,no,356480857513
CAPLE ROAD,GK,GUEST BEER / CIDER,German Kraft,All,drink,Lemon,7,0,,,20,20,,,SIZE / OPTIONS,SIZE / OPTIONS - GK CAPLE ROAD,single choice,no,SHANDY,21200006102,,,,0,,no,356480857513
CAPLE ROAD,GK,GUEST BEER / CIDER,German Kraft,All,drink,Lemon,7,0,,,20,20,,,SIZE / OPTIONS,SIZE / OPTIONS - GK CAPLE ROAD,single choice,no,HALF SHANDY,21200006103,,,,-3.4,,no,356480857513
CAPLE ROAD,GK,GUEST BEER / CIDER,German Kraft,All,drink,Lemon,7,0,,,20,20,,,SIZE / OPTIONS,SIZE / OPTIONS - GK CAPLE ROAD,single choice,no,TOP,21200006104,,,,0,,no,356480857513
CAPLE ROAD,GK,GUEST BEER / CIDER,German Kraft,All,drink,Lemon,7,0,,,20,20,,,SIZE / OPTIONS,SIZE / OPTIONS - GK CAPLE ROAD,single choice,no,HALF TOP,21200006105,,,,-3.4,,no,356480857513
DEN HOPR,GK,GUEST BEER / CIDER,German Kraft,All,drink,Lemon,7.2,0,,,20,20,,,SIZE / OPTIONS,SIZE / OPTIONS - GK DEN HOPR,single choice,no,PINT,21200000100,,,,0,,yes,356480681213
DEN HOPR,GK,GUEST BEER / CIDER,German Kraft,All,drink,Lemon,7.2,0,,,20,20,,,SIZE / OPTIONS,SIZE / OPTIONS - GK DEN HOPR,single choice,no,HALF,21200000101,,,,-3.2,,no,356480681213
DEN HOPR,GK,GUEST BEER / CIDER,German Kraft,All,drink,Lemon,7.2,0,,,20,20,,,SIZE / OPTIONS,SIZE / OPTIONS - GK DEN HOPR,single choice,no,SHANDY,21200000102,,,,0,,no,356480681213
DEN HOPR,GK,GUEST BEER / CIDER,German Kraft,All,drink,Lemon,7.2,0,,,20,20,,,SIZE / OPTIONS,SIZE / OPTIONS - GK DEN HOPR,single choice,no,HALF SHANDY,21200000103,,,,-3.2,,no,356480681213
DEN HOPR,GK,GUEST BEER / CIDER,German Kraft,All,drink,Lemon,7.2,0,,,20,20,,,SIZE / OPTIONS,SIZE / OPTIONS - GK DEN HOPR,single choice,no,TOP,21200000104,,,,0,,no,356480681213
DEN HOPR,GK,GUEST BEER / CIDER,German Kraft,All,drink,Lemon,7.2,0,,,20,20,,,SIZE / OPTIONS,SIZE / OPTIONS - GK DEN HOPR,single choice,no,HALF TOP,21200000105,,,,-3.2,,no,356480681213
HACKNEY FESTBIER,GK,GUEST BEER / CIDER,German Kraft,All,drink,Lemon,7,0,,,20,20,,,SIZE / OPTIONS,GK HACKNEY FESTBIER SIZE / OPTIONS,single choice,no,PINT,21200006600,,,,0,,yes,356480474213
HACKNEY FESTBIER,GK,GUEST BEER / CIDER,German Kraft,All,drink,Lemon,7,0,,,20,20,,,SIZE / OPTIONS,GK HACKNEY FESTBIER SIZE / OPTIONS,single choice,no,HALF,21200006601,,,,-3.5,,no,356480474213
HACKNEY FESTBIER,GK,GUEST BEER / CIDER,German Kraft,All,drink,Lemon,7,0,,,20,20,,,SIZE / OPTIONS,GK HACKNEY FESTBIER SIZE / OPTIONS,single choice,no,SHANDY,21200006602,,,,0,,no,356480474213
HACKNEY FESTBIER,GK,GUEST BEER / CIDER,German Kraft,All,drink,Lemon,7,0,,,20,20,,,SIZE / OPTIONS,GK HACKNEY FESTBIER SIZE / OPTIONS,single choice,no,HALF SHANDY,21200006603,,,,-3.5,,no,356480474213
HACKNEY FESTBIER,GK,GUEST BEER / CIDER,German Kraft,All,drink,Lemon,7,0,,,20,20,,,SIZE / OPTIONS,GK HACKNEY FESTBIER SIZE / OPTIONS,single choice,no,TOP,21200006604,,,,0,,no,356480474213
HACKNEY FESTBIER,GK,GUEST BEER / CIDER,German Kraft,All,drink,Lemon,7,0,,,20,20,,,SIZE / OPTIONS,GK HACKNEY FESTBIER SIZE / OPTIONS,single choice,no,HALF TOP,21200006605,,,,-3.5,,no,356480474213
HACKNEY FESTBIER,GK,GUEST BEER / CIDER,German Kraft,All,drink,Lemon,7,0,,,20,20,,,SIZE / OPTIONS,GK HACKNEY FESTBIER SIZE / OPTIONS,single choice,no,MASS,21200006607,,,,7.5,,no,356480474213
L&G SCHWARZBIER,GK,GUEST BEER / CIDER,German Kraft,All,drink,Lemon,6.9,0,,,20,20,,,SIZE / OPTIONS,GK L&G SCHWARZBIER SIZE / OPTIONS,single choice,no,PINT,21200006500,,,,0,,yes,356480377813
L&G SCHWARZBIER,GK,GUEST BEER / CIDER,German Kraft,All,drink,Lemon,6.9,0,,,20,20,,,SIZE / OPTIONS,GK L&G SCHWARZBIER SIZE / OPTIONS,single choice,no,HALF,21200006501,,,,-3.4,,no,356480377813
L&G SCHWARZBIER,GK,GUEST BEER / CIDER,German Kraft,All,drink,Lemon,6.9,0,,,20,20,,,SIZE / OPTIONS,GK L&G SCHWARZBIER SIZE / OPTIONS,single choice,no,SHANDY,21200006502,,,,0,,no,356480377813
L&G SCHWARZBIER,GK,GUEST BEER / CIDER,German Kraft,All,drink,Lemon,6.9,0,,,20,20,,,SIZE / OPTIONS,GK L&G SCHWARZBIER SIZE / OPTIONS,single choice,no,HALF SHANDY,21200006503,,,,-3.4,,no,356480377813
L&G SCHWARZBIER,GK,GUEST BEER / CIDER,German Kraft,All,drink,Lemon,6.9,0,,,20,20,,,SIZE / OPTIONS,GK L&G SCHWARZBIER SIZE / OPTIONS,single choice,no,TOP,21200006504,,,,0,,no,356480377813
L&G SCHWARZBIER,GK,GUEST BEER / CIDER,German Kraft,All,drink,Lemon,6.9,0,,,20,20,,,SIZE / OPTIONS,GK L&G SCHWARZBIER SIZE / OPTIONS,single choice,no,HALF TOP,21200006505,,,,-3.4,,no,356480377813
L&G SCHWARZBIER,GK,GUEST BEER / CIDER,German Kraft,All,drink,Lemon,6.9,0,,,20,20,,,SIZE / OPTIONS,GK L&G SCHWARZBIER SIZE / OPTIONS,single choice,no,MASS,21200006507,,,,7.1,,no,356480377813
LAZARUS STOUT,,GUEST BEER / CIDER,German Kraft,All,drink,Sunrise,7.2,0,,,20,20,,,SIZE / OPTIONS,SIZE / OPTIONS - GK LAZARUS,single choice,no,PINT,PINT LAZARUS,,,,0,,yes,356480376413
LAZARUS STOUT,,GUEST BEER / CIDER,German Kraft,All,drink,Sunrise,7.2,0,,,20,20,,,SIZE / OPTIONS,SIZE / OPTIONS - GK LAZARUS,single choice,no,HALF,HALF LAZARUS,,,,-3.4,,no,356480376413
LAZARUS STOUT,,GUEST BEER / CIDER,German Kraft,All,drink,Sunrise,7.2,0,,,20,20,,,SIZE / OPTIONS,SIZE / OPTIONS - GK LAZARUS,single choice,no,SHANDY,SHANDY LAZARUS,,,,0,,no,356480376413
LAZARUS STOUT,,GUEST BEER / CIDER,German Kraft,All,drink,Sunrise,7.2,0,,,20,20,,,SIZE / OPTIONS,SIZE / OPTIONS - GK LAZARUS,single choice,no,HALF SHANDY,HALF SHANDY LAZARUS,,,,-3.4,,no,356480376413
LAZARUS STOUT,,GUEST BEER / CIDER,German Kraft,All,drink,Sunrise,7.2,0,,,20,20,,,SIZE / OPTIONS,SIZE / OPTIONS - GK LAZARUS,single choice,no,TOP,TOP LAZARUS,,,,0,,no,356480376413
LAZARUS STOUT,,GUEST BEER / CIDER,German Kraft,All,drink,Sunrise,7.2,0,,,20,20,,,SIZE / OPTIONS,SIZE / OPTIONS - GK LAZARUS,single choice,no,HALF TOP,HALF TOP LAZARUS,,,,-3.4,,no,356480376413
MONDO FESTBIER,GK,GUEST BEER / CIDER,German Kraft,All,drink,Lemon,6.9,0,,,20,20,,,SIZE / OPTIONS,GK MONDO FESTBIER SIZE / OPTIONS,single choice,no,PINT,21200001500,,,,0,,yes,356480311913
MONDO FESTBIER,GK,GUEST BEER / CIDER,German Kraft,All,drink,Lemon,6.9,0,,,20,20,,,SIZE / OPTIONS,GK MONDO FESTBIER SIZE / OPTIONS,single choice,no,HALF,21200001501,,,,-3.4,,no,356480311913
MONDO FESTBIER,GK,GUEST BEER / CIDER,German Kraft,All,drink,Lemon,6.9,0,,,20,20,,,SIZE / OPTIONS,GK MONDO FESTBIER SIZE / OPTIONS,single choice,no,SHANDY,21200001502,,,,0,,no,356480311913
MONDO FESTBIER,GK,GUEST BEER / CIDER,German Kraft,All,drink,Lemon,6.9,0,,,20,20,,,SIZE / OPTIONS,GK MONDO FESTBIER SIZE / OPTIONS,single choice,no,HALF SHANDY,21200001503,,,,-3.4,,no,356480311913
MONDO FESTBIER,GK,GUEST BEER / CIDER,German Kraft,All,drink,Lemon,6.9,0,,,20,20,,,SIZE / OPTIONS,GK MONDO FESTBIER SIZE / OPTIONS,single choice,no,TOP,21200001504,,,,0,,no,356480311913
MONDO FESTBIER,GK,GUEST BEER / CIDER,German Kraft,All,drink,Lemon,6.9,0,,,20,20,,,SIZE / OPTIONS,GK MONDO FESTBIER SIZE / OPTIONS,single choice,no,HALF TOP,21200001505,,,,-3.4,,no,356480311913
MONDO FESTBIER,GK,GUEST BEER / CIDER,German Kraft,All,drink,Lemon,6.9,0,,,20,20,,,SIZE / OPTIONS,GK MONDO FESTBIER SIZE / OPTIONS,single choice,no,MASS,21200001507,,,,7.1,,no,356480311913
PILLARS FESTBIER,GK,GUEST BEER / CIDER,German Kraft,All,drink,Lemon,7,0,,,20,20,,,SIZE / OPTIONS,GK PILLARS FESTBIER SIZE / OPTIONS,single choice,no,PINT,21200006200,,,,0,,yes,356480242713
PILLARS FESTBIER,GK,GUEST BEER / CIDER,German Kraft,All,drink,Lemon,7,0,,,20,20,,,SIZE / OPTIONS,GK PILLARS FESTBIER SIZE / OPTIONS,single choice,no,HALF,21200006201,,,,-3.5,,no,356480242713
PILLARS FESTBIER,GK,GUEST BEER / CIDER,German Kraft,All,drink,Lemon,7,0,,,20,20,,,SIZE / OPTIONS,GK PILLARS FESTBIER SIZE / OPTIONS,single choice,no,SHANDY,21200006202,,,,0,,no,356480242713
PILLARS FESTBIER,GK,GUEST BEER / CIDER,German Kraft,All,drink,Lemon,7,0,,,20,20,,,SIZE / OPTIONS,GK PILLARS FESTBIER SIZE / OPTIONS,single choice,no,HALF SHANDY,21200006203,,,,-3.5,,no,356480242713
PILLARS FESTBIER,GK,GUEST BEER / CIDER,German Kraft,All,drink,Lemon,7,0,,,20,20,,,SIZE / OPTIONS,GK PILLARS FESTBIER SIZE / OPTIONS,single choice,no,TOP,21200006204,,,,0,,no,356480242713
PILLARS FESTBIER,GK,GUEST BEER / CIDER,German Kraft,All,drink,Lemon,7,0,,,20,20,,,SIZE / OPTIONS,GK PILLARS FESTBIER SIZE / OPTIONS,single choice,no,HALF TOP,21200006205,,,,-3.5,,no,356480242713
PILLARS FESTBIER,GK,GUEST BEER / CIDER,German Kraft,All,drink,Lemon,7,0,,,20,20,,,SIZE / OPTIONS,GK PILLARS FESTBIER SIZE / OPTIONS,single choice,no,MASS,21200006207,,,,7.5,,no,356480242713
POOLSIDE,GK,GUEST BEER / CIDER,German Kraft,All,drink,Lemon,7,0,,,20,20,,,SIZE / OPTIONS,SIZE / OPTIONS - GK PURITY SESSION IPA,single choice,no,PINT,21200000700,,,,0,,yes,356480227213
POOLSIDE,GK,GUEST BEER / CIDER,German Kraft,All,drink,Lemon,7,0,,,20,20,,,SIZE / OPTIONS,SIZE / OPTIONS - GK PURITY SESSION IPA,single choice,no,HALF,21200000701,,,,-3.4,,no,356480227213
POOLSIDE,GK,GUEST BEER / CIDER,German Kraft,All,drink,Lemon,7,0,,,20,20,,,SIZE / OPTIONS,SIZE / OPTIONS - GK PURITY SESSION IPA,single choice,no,SHANDY,21200000702,,,,0,,no,356480227213
POOLSIDE,GK,GUEST BEER / CIDER,German Kraft,All,drink,Lemon,7,0,,,20,20,,,SIZE / OPTIONS,SIZE / OPTIONS - GK PURITY SESSION IPA,single choice,no,HALF SHANDY,21200000703,,,,-3.4,,no,356480227213
POOLSIDE,GK,GUEST BEER / CIDER,German Kraft,All,drink,Lemon,7,0,,,20,20,,,SIZE / OPTIONS,SIZE / OPTIONS - GK PURITY SESSION IPA,single choice,no,TOP,21200000704,,,,0,,no,356480227213
POOLSIDE,GK,GUEST BEER / CIDER,German Kraft,All,drink,Lemon,7,0,,,20,20,,,SIZE / OPTIONS,SIZE / OPTIONS - GK PURITY SESSION IPA,single choice,no,HALF TOP,21200000705,,,,-3.4,,no,356480227213
POOLSIDE,GK,GUEST BEER / CIDER,German Kraft,All,drink,Lemon,7,0,,,20,20,,,SIZE / OPTIONS,SIZE / OPTIONS - GK PURITY SESSION IPA,single choice,no,MASS,21200000707,,,,8.2,,no,356480227213
PURITY SESSION IPA,GK,GUEST BEER / CIDER,German Kraft,All,drink,Lemon,7,0,,,20,20,,,SIZE / OPTIONS,SIZE / OPTIONS - GK PURITY SESSION IPA,single choice,no,PINT,21200000700,,,,0,,yes,356480220313
PURITY SESSION IPA,GK,GUEST BEER / CIDER,German Kraft,All,drink,Lemon,7,0,,,20,20,,,SIZE / OPTIONS,SIZE / OPTIONS - GK PURITY SESSION IPA,single choice,no,HALF,21200000701,,,,-3.4,,no,356480220313
PURITY SESSION IPA,GK,GUEST BEER / CIDER,German Kraft,All,drink,Lemon,7,0,,,20,20,,,SIZE / OPTIONS,SIZE / OPTIONS - GK PURITY SESSION IPA,single choice,no,SHANDY,21200000702,,,,0,,no,356480220313
PURITY SESSION IPA,GK,GUEST BEER / CIDER,German Kraft,All,drink,Lemon,7,0,,,20,20,,,SIZE / OPTIONS,SIZE / OPTIONS - GK PURITY SESSION IPA,single choice,no,HALF SHANDY,21200000703,,,,-3.4,,no,356480220313
PURITY SESSION IPA,GK,GUEST BEER / CIDER,German Kraft,All,drink,Lemon,7,0,,,20,20,,,SIZE / OPTIONS,SIZE / OPTIONS - GK PURITY SESSION IPA,single choice,no,TOP,21200000704,,,,0,,no,356480220313
PURITY SESSION IPA,GK,GUEST BEER / CIDER,German Kraft,All,drink,Lemon,7,0,,,20,20,,,SIZE / OPTIONS,SIZE / OPTIONS - GK PURITY SESSION IPA,single choice,no,HALF TOP,21200000705,,,,-3.4,,no,356480220313
PURITY SESSION IPA,GK,GUEST BEER / CIDER,German Kraft,All,drink,Lemon,7,0,,,20,20,,,SIZE / OPTIONS,SIZE / OPTIONS - GK PURITY SESSION IPA,single choice,no,MASS,21200000707,,,,8.2,,no,356480220313
RIEGELE PILS,GK,GUEST BEER / CIDER,German Kraft,All,drink,Lemon,6.9,0,,,20,20,,,SIZE / OPTIONS,GK RIEGELE PILS SIZE / OPTIONS,single choice,no,PINT,21200006400,,,,0,,yes,356480144413
RIEGELE PILS,GK,GUEST BEER / CIDER,German Kraft,All,drink,Lemon,6.9,0,,,20,20,,,SIZE / OPTIONS,GK RIEGELE PILS SIZE / OPTIONS,single choice,no,HALF,21200006401,,,,-3.4,,no,356480144413
RIEGELE PILS,GK,GUEST BEER / CIDER,German Kraft,All,drink,Lemon,6.9,0,,,20,20,,,SIZE / OPTIONS,GK RIEGELE PILS SIZE / OPTIONS,single choice,no,SHANDY,21200006402,,,,0,,no,356480144413
RIEGELE PILS,GK,GUEST BEER / CIDER,German Kraft,All,drink,Lemon,6.9,0,,,20,20,,,SIZE / OPTIONS,GK RIEGELE PILS SIZE / OPTIONS,single choice,no,HALF SHANDY,21200006403,,,,-3.4,,no,356480144413
RIEGELE PILS,GK,GUEST BEER / CIDER,German Kraft,All,drink,Lemon,6.9,0,,,20,20,,,SIZE / OPTIONS,GK RIEGELE PILS SIZE / OPTIONS,single choice,no,TOP,21200006404,,,,0,,no,356480144413
RIEGELE PILS,GK,GUEST BEER / CIDER,German Kraft,All,drink,Lemon,6.9,0,,,20,20,,,SIZE / OPTIONS,GK RIEGELE PILS SIZE / OPTIONS,single choice,no,HALF TOP,21200006405,,,,-3.4,,no,356480144413
RIEGELE PILS,GK,GUEST BEER / CIDER,German Kraft,All,drink,Lemon,6.9,0,,,20,20,,,SIZE / OPTIONS,GK RIEGELE PILS SIZE / OPTIONS,single choice,no,MASS,21200006407,,,,7.1,,no,356480144413
ROAD SODA PA,GK,GUEST BEER / CIDER,German Kraft,All,drink,Lemon,7.2,0,,,20,20,,,SIZE / OPTIONS,SIZE / OPTIONS - GK ROAD SODA PA,single choice,no,PINT,21200000500,,,,0,,yes,356480142813
ROAD SODA PA,GK,GUEST BEER / CIDER,German Kraft,All,drink,Lemon,7.2,0,,,20,20,,,SIZE / OPTIONS,SIZE / OPTIONS - GK ROAD SODA PA,single choice,no,HALF,21200000501,,,,-3.2,,no,356480142813
ROAD SODA PA,GK,GUEST BEER / CIDER,German Kraft,All,drink,Lemon,7.2,0,,,20,20,,,SIZE / OPTIONS,SIZE / OPTIONS - GK ROAD SODA PA,single choice,no,SHANDY,21200000502,,,,0,,no,356480142813
ROAD SODA PA,GK,GUEST BEER / CIDER,German Kraft,All,drink,Lemon,7.2,0,,,20,20,,,SIZE / OPTIONS,SIZE / OPTIONS - GK ROAD SODA PA,single choice,no,HALF SHANDY,21200000503,,,,-3.2,,no,356480142813
ROAD SODA PA,GK,GUEST BEER / CIDER,German Kraft,All,drink,Lemon,7.2,0,,,20,20,,,SIZE / OPTIONS,SIZE / OPTIONS - GK ROAD SODA PA,single choice,no,TOP,21200000504,,,,0,,no,356480142813
ROAD SODA PA,GK,GUEST BEER / CIDER,German Kraft,All,drink,Lemon,7.2,0,,,20,20,,,SIZE / OPTIONS,SIZE / OPTIONS - GK ROAD SODA PA,single choice,no,HALF TOP,21200000505,,,,-3.2,,no,356480142813
SAINT MONDAY,GK,GUEST BEER / CIDER,German Kraft,All,drink,Lemon,7,0,,,20,20,,,SIZE / OPTIONS,SIZE / OPTIONS - GK SAINT MONDAY,single choice,no,PINT,GK,,,,0,,yes,356480106713
SAINT MONDAY,GK,GUEST BEER / CIDER,German Kraft,All,drink,Lemon,7,0,,,20,20,,,SIZE / OPTIONS,SIZE / OPTIONS - GK SAINT MONDAY,single choice,no,HALF,GK,,,,-3.3,,no,356480106713
SAINT MONDAY,GK,GUEST BEER / CIDER,German Kraft,All,drink,Lemon,7,0,,,20,20,,,SIZE / OPTIONS,SIZE / OPTIONS - GK SAINT MONDAY,single choice,no,SHANDY,GK,,,,0,,no,356480106713
SAINT MONDAY,GK,GUEST BEER / CIDER,German Kraft,All,drink,Lemon,7,0,,,20,20,,,SIZE / OPTIONS,SIZE / OPTIONS - GK SAINT MONDAY,single choice,no,HALF SHANDY,GK,,,,-3.3,,no,356480106713
SAINT MONDAY,GK,GUEST BEER / CIDER,German Kraft,All,drink,Lemon,7,0,,,20,20,,,SIZE / OPTIONS,SIZE / OPTIONS - GK SAINT MONDAY,single choice,no,TOP,GK,,,,0,,no,356480106713
SAINT MONDAY,GK,GUEST BEER / CIDER,German Kraft,All,drink,Lemon,7,0,,,20,20,,,SIZE / OPTIONS,SIZE / OPTIONS - GK SAINT MONDAY,single choice,no,HALF TOP,GK,,,,-3.3,,no,356480106713
SAINT MONDAY,GK,GUEST BEER / CIDER,German Kraft,All,drink,Lemon,7,0,,,20,20,,,SIZE / OPTIONS,SIZE / OPTIONS - GK SAINT MONDAY,single choice,no,MASS,GK,,,,7,,no,356480106713
SAMBROOKS FESTBIER,GK,GUEST BEER / CIDER,German Kraft,All,drink,Lemon,6.9,0,,,20,20,,,SIZE / OPTIONS,GK SAMBROOKS FESTBIER SIZE / OPTIONS,single choice,no,PINT,21200006300,,,,0,,yes,356480105313
SAMBROOKS FESTBIER,GK,GUEST BEER / CIDER,German Kraft,All,drink,Lemon,6.9,0,,,20,20,,,SIZE / OPTIONS,GK SAMBROOKS FESTBIER SIZE / OPTIONS,single choice,no,HALF,21200006301,,,,-3.4,,no,356480105313
SAMBROOKS FESTBIER,GK,GUEST BEER / CIDER,German Kraft,All,drink,Lemon,6.9,0,,,20,20,,,SIZE / OPTIONS,GK SAMBROOKS FESTBIER SIZE / OPTIONS,single choice,no,SHANDY,21200006302,,,,0,,no,356480105313
SAMBROOKS FESTBIER,GK,GUEST BEER / CIDER,German Kraft,All,drink,Lemon,6.9,0,,,20,20,,,SIZE / OPTIONS,GK SAMBROOKS FESTBIER SIZE / OPTIONS,single choice,no,HALF SHANDY,21200006303,,,,-3.4,,no,356480105313
SAMBROOKS FESTBIER,GK,GUEST BEER / CIDER,German Kraft,All,drink,Lemon,6.9,0,,,20,20,,,SIZE / OPTIONS,GK SAMBROOKS FESTBIER SIZE / OPTIONS,single choice,no,TOP,21200006304,,,,0,,no,356480105313
SAMBROOKS FESTBIER,GK,GUEST BEER / CIDER,German Kraft,All,drink,Lemon,6.9,0,,,20,20,,,SIZE / OPTIONS,GK SAMBROOKS FESTBIER SIZE / OPTIONS,single choice,no,HALF TOP,21200006305,,,,-3.4,,no,356480105313
SAMBROOKS FESTBIER,GK,GUEST BEER / CIDER,German Kraft,All,drink,Lemon,6.9,0,,,20,20,,,SIZE / OPTIONS,GK SAMBROOKS FESTBIER SIZE / OPTIONS,single choice,no,MASS,21200006307,,,,7.1,,no,356480105313
SIREN PORTER,GK,GUEST BEER / CIDER,German Kraft,All,drink,Lemon,6.9,0,,,20,20,,,SIZE / OPTIONS,GK SIREN PORTER SIZE / OPTIONS,single choice,no,HALF,21200006801,,,,-3.4,,no,356480100913
SIREN PORTER,GK,GUEST BEER / CIDER,German Kraft,All,drink,Lemon,6.9,0,,,20,20,,,SIZE / OPTIONS,GK SIREN PORTER SIZE / OPTIONS,single choice,no,HALF SHANDY,21200006803,,,,-3.4,,no,356480100913
SIREN PORTER,GK,GUEST BEER / CIDER,German Kraft,All,drink,Lemon,6.9,0,,,20,20,,,SIZE / OPTIONS,GK SIREN PORTER SIZE / OPTIONS,single choice,no,HALF TOP,21200006805,,,,-3.4,,no,356480100913
SIREN PORTER,GK,GUEST BEER / CIDER,German Kraft,All,drink,Lemon,6.9,0,,,20,20,,,SIZE / OPTIONS,GK SIREN PORTER SIZE / OPTIONS,single choice,no,MASS,21200006807,,,,7.1,,no,356480100913
SIREN PORTER,GK,GUEST BEER / CIDER,German Kraft,All,drink,Lemon,6.9,0,,,20,20,,,SIZE / OPTIONS,GK SIREN PORTER SIZE / OPTIONS,single choice,no,SHANDY,21200006802,,,,0,,no,356480100913
SIREN PORTER,GK,GUEST BEER / CIDER,German Kraft,All,drink,Lemon,6.9,0,,,20,20,,,SIZE / OPTIONS,GK SIREN PORTER SIZE / OPTIONS,single choice,no,TOP,21200006804,,,,0,,no,356480100913
SIREN PORTER,GK,GUEST BEER / CIDER,German Kraft,All,drink,Lemon,6.9,0,,,20,20,,,SIZE / OPTIONS,GK SIREN PORTER SIZE / OPTIONS,single choice,no,PINT,21200006800,,,,0,,no,356480100913
VOCATION FESTBIER,GK,GUEST BEER / CIDER,German Kraft,All,drink,Lemon,6.9,0,,,20,20,,,SIZE / OPTIONS,GK VOCATION FESTBIER SIZE / OPTIONS,single choice,no,PINT,21200006700,,,,0,,yes,356479871413
VOCATION FESTBIER,GK,GUEST BEER / CIDER,German Kraft,All,drink,Lemon,6.9,0,,,20,20,,,SIZE / OPTIONS,GK VOCATION FESTBIER SIZE / OPTIONS,single choice,no,HALF,21200006701,,,,-3.4,,no,356479871413
VOCATION FESTBIER,GK,GUEST BEER / CIDER,German Kraft,All,drink,Lemon,6.9,0,,,20,20,,,SIZE / OPTIONS,GK VOCATION FESTBIER SIZE / OPTIONS,single choice,no,SHANDY,21200006702,,,,0,,no,356479871413
VOCATION FESTBIER,GK,GUEST BEER / CIDER,German Kraft,All,drink,Lemon,6.9,0,,,20,20,,,SIZE / OPTIONS,GK VOCATION FESTBIER SIZE / OPTIONS,single choice,no,HALF SHANDY,21200006703,,,,-3.4,,no,356479871413
VOCATION FESTBIER,GK,GUEST BEER / CIDER,German Kraft,All,drink,Lemon,6.9,0,,,20,20,,,SIZE / OPTIONS,GK VOCATION FESTBIER SIZE / OPTIONS,single choice,no,TOP,21200006704,,,,0,,no,356479871413
VOCATION FESTBIER,GK,GUEST BEER / CIDER,German Kraft,All,drink,Lemon,6.9,0,,,20,20,,,SIZE / OPTIONS,GK VOCATION FESTBIER SIZE / OPTIONS,single choice,no,HALF TOP,21200006705,,,,-3.4,,no,356479871413
VOCATION FESTBIER,GK,GUEST BEER / CIDER,German Kraft,All,drink,Lemon,6.9,0,,,20,20,,,SIZE / OPTIONS,GK VOCATION FESTBIER SIZE / OPTIONS,single choice,no,MASS,21200006707,,,,7.1,,no,356479871413
CLELLA PERFECT SERVE,22250000500,GIN,German Kraft,All,drink,Rose,12,0,,,20,20,,,,,multi choice,no,,,,,,,,,342311821611
HENDRIX PERFECT SERVE,22250000200,GIN,German Kraft,All,drink,Rose,12,0,,,20,20,,,,,multi choice,no,,,,,,,,,342311468011
NEWTON PERFECT SERVE,22250000100,GIN,German Kraft,All,drink,Rose,12,0,,,20,20,,,,,multi choice,no,,,,,,,,,342311280211
PAMELA PERFECT SERVE,22250000900,GIN,German Kraft,All,drink,Rose,12,0,,,20,20,,,,,multi choice,no,,,,,,,,,342311248611
PAMMY PERFECT SERVE,22250000800,GIN,German Kraft,All,drink,Rose,12,0,,,20,20,,,,,multi choice,no,,,,,,,,,342311248211
ROSA PERFECT SERVE,22250000300,GIN,German Kraft,All,drink,Rose,12,0,,,20,20,,,,,multi choice,no,,,,,,,,,342311141811
RUBY PERFECT SERVE,22250001400,GIN,German Kraft,All,drink,Rose,12,0,,,20,20,,,,,multi choice,no,,,,,,,,,342311140311
KRAFT GIN,GK,GIN,German Kraft,All,drink,Cobalt,6.75,0,,,20,20,,,MEASURE,MEASURE - GK KRAFT GIN,single choice,no,SINGLE (25ML),22200000400,,,,0,,yes,342301680148
KRAFT GIN,GK,GIN,German Kraft,All,drink,Cobalt,6.75,0,,,20,20,,,MEASURE,MEASURE - GK KRAFT GIN,single choice,no,DOUBLE (50ML),22200000408,,,,2,,no,342301680148
KRAFT GIN,GK,GIN,German Kraft,All,drink,Cobalt,6.75,0,,,20,20,,,SPIRIT MIXERS,SPIRIT MIXERS - GK SPIRITS,single choice,no,NO MIXER,GK,,,,0,,yes,342301674654
KRAFT GIN,GK,GIN,German Kraft,All,drink,Cobalt,6.75,0,,,20,20,,,SPIRIT MIXERS,SPIRIT MIXERS - GK SPIRITS,single choice,no,POSTMIX SODA WATER,99600000600,,,,1,,no,342301674654
KRAFT GIN,GK,GIN,German Kraft,All,drink,Cobalt,6.75,0,,,20,20,,,SPIRIT MIXERS,SPIRIT MIXERS - GK SPIRITS,single choice,no,DIET COLA,25200000600,,,,3.25,,no,342301674654
KRAFT GIN,GK,GIN,German Kraft,All,drink,Cobalt,6.75,0,,,20,20,,,SPIRIT MIXERS,SPIRIT MIXERS - GK SPIRITS,single choice,no,POSTMIX COLA,99600000100,,,,3.25,,no,342301674654
KRAFT GIN,GK,GIN,German Kraft,All,drink,Cobalt,6.75,0,,,20,20,,,SPIRIT MIXERS,SPIRIT MIXERS - GK SPIRITS,single choice,no,POSTMIX DIET COLA,99600000200,,,,3.25,,no,342301674654
KRAFT GIN,GK,GIN,German Kraft,All,drink,Cobalt,6.75,0,,,20,20,,,SPIRIT MIXERS,SPIRIT MIXERS - GK SPIRITS,single choice,no,POSTMIX LEMONADE,99600000300,,,,3.25,,no,342301674654
KRAFT GIN,GK,GIN,German Kraft,All,drink,Cobalt,6.75,0,,,20,20,,,SPIRIT MIXERS,SPIRIT MIXERS - GK SPIRITS,single choice,no,POSTMIX GINGER BEER,99600000700,,,,3.25,,no,342301674654
KRAFT GIN,GK,GIN,German Kraft,All,drink,Cobalt,6.75,0,,,20,20,,,SPIRIT MIXERS,SPIRIT MIXERS - GK SPIRITS,single choice,no,POSTMIX INDIAN TONIC,99600000400,,,,3.25,,no,342301674654
KRAFT GIN,GK,GIN,German Kraft,All,drink,Cobalt,6.75,0,,,20,20,,,SPIRIT MIXERS,SPIRIT MIXERS - GK SPIRITS,single choice,no,POSTMIX LIGHT TONIC,99600000500,,,,3.25,,no,342301674654
KRAFT GIN,GK,GIN,German Kraft,All,drink,Cobalt,6.75,0,,,20,20,,,SPIRIT MIXERS,SPIRIT MIXERS - GK SPIRITS,single choice,no,POSTMIX APPLE JUICE,99600000800,,,,3.25,,no,342301674654
KRAFT GIN,GK,GIN,German Kraft,All,drink,Cobalt,6.75,0,,,20,20,,,SPIRIT MIXERS,SPIRIT MIXERS - GK SPIRITS,single choice,no,POSTMIX ORANGE JUICE,99600001000,,,,3.25,,no,342301674654
KRAFT GIN,GK,GIN,German Kraft,All,drink,Cobalt,6.75,0,,,20,20,,,SPIRIT MIXERS,SPIRIT MIXERS - GK SPIRITS,single choice,no,POSTMIX CRANBERRY JUICE,99600000900,,,,3.25,,no,342301674654
KRAFT GIN,GK,GIN,German Kraft,All,drink,Cobalt,6.75,0,,,20,20,,,SPIRIT MIXERS,SPIRIT MIXERS - GK SPIRITS,single choice,no,POSTMIX PINEAPPLE JUICE,99600001100,,,,3.25,,no,342301674654
KRAFT GIN,GK,GIN,German Kraft,All,drink,Cobalt,6.75,0,,,20,20,,,SPIRIT MIXERS,SPIRIT MIXERS - GK SPIRITS,single choice,no,POSTMIX PINK GRAPEFRUIT JUICE,25200003900,,,,3.25,,no,342301674654
KRAFT GIN,GK,GIN,German Kraft,All,drink,Cobalt,6.75,0,,,20,20,,,SPIRIT MIXERS,SPIRIT MIXERS - GK SPIRITS,single choice,no,F&S SODA WATER,25100001600,,,,3.25,,no,342301674654
KRAFT GIN,GK,GIN,German Kraft,All,drink,Cobalt,6.75,0,,,20,20,,,SPIRIT MIXERS,SPIRIT MIXERS - GK SPIRITS,single choice,no,FRANKLIN & SONS COLA,25100000400,,,,3.25,,no,342301674654
KRAFT GIN,GK,GIN,German Kraft,All,drink,Cobalt,6.75,0,,,20,20,,,SPIRIT MIXERS,SPIRIT MIXERS - GK SPIRITS,single choice,no,F&S LEMONADE,25100001100,,,,3.25,,no,342301674654
KRAFT GIN,GK,GIN,German Kraft,All,drink,Cobalt,6.75,0,,,20,20,,,SPIRIT MIXERS,SPIRIT MIXERS - GK SPIRITS,single choice,no,F&S GINGER BEER,25100000800,,,,3.25,,no,342301674654
KRAFT GIN,GK,GIN,German Kraft,All,drink,Cobalt,6.75,0,,,20,20,,,SPIRIT MIXERS,SPIRIT MIXERS - GK SPIRITS,single choice,no,F&S GINGER ALE,25100000700,,,,3.25,,no,342301674654
KRAFT GIN,GK,GIN,German Kraft,All,drink,Cobalt,6.75,0,,,20,20,,,SPIRIT MIXERS,SPIRIT MIXERS - GK SPIRITS,single choice,no,F&S INDIAN TONIC,25100002000,,,,3.25,,no,342301674654
KRAFT GIN,GK,GIN,German Kraft,All,drink,Cobalt,6.75,0,,,20,20,,,SPIRIT MIXERS,SPIRIT MIXERS - GK SPIRITS,single choice,no,F&S LIGHT TONIC,25100002200,,,,3.25,,no,342301674654
KRAFT GIN,GK,GIN,German Kraft,All,drink,Cobalt,6.75,0,,,20,20,,,SPIRIT MIXERS,SPIRIT MIXERS - GK SPIRITS,single choice,no,F&S MALLORCAN TONIC,25100001200,,,,3.25,,no,342301674654
KRAFT GIN,GK,GIN,German Kraft,All,drink,Cobalt,6.75,0,,,20,20,,,SPIRIT MIXERS,SPIRIT MIXERS - GK SPIRITS,single choice,no,F&S GRAPEFRUIT TONIC,25100000900,,,,3.25,,no,342301674654
KRAFT GIN,GK,GIN,German Kraft,All,drink,Cobalt,6.75,0,,,20,20,,,SPIRIT MIXERS,SPIRIT MIXERS - GK SPIRITS,single choice,no,TWO KEYS PINK GRAPEFRUIT,25100003900,,,,3.25,,no,342301674654
KRAFT GIN,GK,GIN,German Kraft,All,drink,Cobalt,6.75,0,,,20,20,,,SPIRIT MIXERS,SPIRIT MIXERS - GK SPIRITS,single choice,no,FEVERTREE AROMATIC,25100000300,,,,3.25,,no,342301674654
KRAFT GIN,GK,GIN,German Kraft,All,drink,Cobalt,6.75,0,,,20,20,,,SPIRIT MIXERS,SPIRIT MIXERS - GK SPIRITS,single choice,no,FEVERTREE CUCUMBER,25100000500,,,,3.25,,no,342301674654
KRAFT GIN,GK,GIN,German Kraft,All,drink,Cobalt,6.75,0,,,20,20,,,SPIRIT MIXERS,SPIRIT MIXERS - GK SPIRITS,single choice,no,FEVERTREE ELDERFLOWER,25100000600,,,,3.25,,no,342301674654
KRAFT GIN,GK,GIN,German Kraft,All,drink,Cobalt,6.75,0,,,20,20,,,SPIRIT MIXERS,SPIRIT MIXERS - GK SPIRITS,single choice,no,FRITZ KOLA,GK,,,,3,,no,342301674654
KRAFT GIN,GK,GIN,German Kraft,All,drink,Cobalt,6.75,0,,,20,20,,,SPIRIT MIXERS,SPIRIT MIXERS - GK SPIRITS,single choice,no,FRITZ LIMO,GK,,,,3,,no,342301674654
LONDON DRY,GK,GIN,German Kraft,All,drink,Cobalt,6.75,0,,,20,20,,,MEASURE,MEASURE,single choice,no,SINGLE (25ML),22200000300,,,,0,,yes,342301662348
LONDON DRY,GK,GIN,German Kraft,All,drink,Cobalt,6.75,0,,,20,20,,,MEASURE,MEASURE,single choice,no,DOUBLE (50ML),22200000308,,,,2,,no,342301662348
LONDON DRY,GK,GIN,German Kraft,All,drink,Cobalt,6.75,0,,,20,20,,,SPIRIT MIXERS,SPIRIT MIXERS - GK SPIRITS,single choice,no,NO MIXER,GK,,,,0,,yes,342301656854
LONDON DRY,GK,GIN,German Kraft,All,drink,Cobalt,6.75,0,,,20,20,,,SPIRIT MIXERS,SPIRIT MIXERS - GK SPIRITS,single choice,no,POSTMIX SODA WATER,99600000600,,,,1,,no,342301656854
LONDON DRY,GK,GIN,German Kraft,All,drink,Cobalt,6.75,0,,,20,20,,,SPIRIT MIXERS,SPIRIT MIXERS - GK SPIRITS,single choice,no,DIET COLA,25200000600,,,,3.25,,no,342301656854
LONDON DRY,GK,GIN,German Kraft,All,drink,Cobalt,6.75,0,,,20,20,,,SPIRIT MIXERS,SPIRIT MIXERS - GK SPIRITS,single choice,no,POSTMIX COLA,99600000100,,,,3.25,,no,342301656854
LONDON DRY,GK,GIN,German Kraft,All,drink,Cobalt,6.75,0,,,20,20,,,SPIRIT MIXERS,SPIRIT MIXERS - GK SPIRITS,single choice,no,POSTMIX DIET COLA,99600000200,,,,3.25,,no,342301656854
LONDON DRY,GK,GIN,German Kraft,All,drink,Cobalt,6.75,0,,,20,20,,,SPIRIT MIXERS,SPIRIT MIXERS - GK SPIRITS,single choice,no,POSTMIX LEMONADE,99600000300,,,,3.25,,no,342301656854
LONDON DRY,GK,GIN,German Kraft,All,drink,Cobalt,6.75,0,,,20,20,,,SPIRIT MIXERS,SPIRIT MIXERS - GK SPIRITS,single choice,no,POSTMIX GINGER BEER,99600000700,,,,3.25,,no,342301656854
LONDON DRY,GK,GIN,German Kraft,All,drink,Cobalt,6.75,0,,,20,20,,,SPIRIT MIXERS,SPIRIT MIXERS - GK SPIRITS,single choice,no,POSTMIX INDIAN TONIC,99600000400,,,,3.25,,no,342301656854
LONDON DRY,GK,GIN,German Kraft,All,drink,Cobalt,6.75,0,,,20,20,,,SPIRIT MIXERS,SPIRIT MIXERS - GK SPIRITS,single choice,no,POSTMIX LIGHT TONIC,99600000500,,,,3.25,,no,342301656854
LONDON DRY,GK,GIN,German Kraft,All,drink,Cobalt,6.75,0,,,20,20,,,SPIRIT MIXERS,SPIRIT MIXERS - GK SPIRITS,single choice,no,POSTMIX APPLE JUICE,99600000800,,,,3.25,,no,342301656854
LONDON DRY,GK,GIN,German Kraft,All,drink,Cobalt,6.75,0,,,20,20,,,SPIRIT MIXERS,SPIRIT MIXERS - GK SPIRITS,single choice,no,POSTMIX ORANGE JUICE,99600001000,,,,3.25,,no,342301656854
LONDON DRY,GK,GIN,German Kraft,All,drink,Cobalt,6.75,0,,,20,20,,,SPIRIT MIXERS,SPIRIT MIXERS - GK SPIRITS,single choice,no,POSTMIX CRANBERRY JUICE,99600000900,,,,3.25,,no,342301656854
LONDON DRY,GK,GIN,German Kraft,All,drink,Cobalt,6.75,0,,,20,20,,,SPIRIT MIXERS,SPIRIT MIXERS - GK SPIRITS,single choice,no,POSTMIX PINEAPPLE JUICE,99600001100,,,,3.25,,no,342301656854
LONDON DRY,GK,GIN,German Kraft,All,drink,Cobalt,6.75,0,,,20,20,,,SPIRIT MIXERS,SPIRIT MIXERS - GK SPIRITS,single choice,no,POSTMIX PINK GRAPEFRUIT JUICE,25200003900,,,,3.25,,no,342301656854
LONDON DRY,GK,GIN,German Kraft,All,drink,Cobalt,6.75,0,,,20,20,,,SPIRIT MIXERS,SPIRIT MIXERS - GK SPIRITS,single choice,no,F&S SODA WATER,25100001600,,,,3.25,,no,342301656854
LONDON DRY,GK,GIN,German Kraft,All,drink,Cobalt,6.75,0,,,20,20,,,SPIRIT MIXERS,SPIRIT MIXERS - GK SPIRITS,single choice,no,FRANKLIN & SONS COLA,25100000400,,,,3.25,,no,342301656854
LONDON DRY,GK,GIN,German Kraft,All,drink,Cobalt,6.75,0,,,20,20,,,SPIRIT MIXERS,SPIRIT MIXERS - GK SPIRITS,single choice,no,F&S LEMONADE,25100001100,,,,3.25,,no,342301656854
LONDON DRY,GK,GIN,German Kraft,All,drink,Cobalt,6.75,0,,,20,20,,,SPIRIT MIXERS,SPIRIT MIXERS - GK SPIRITS,single choice,no,F&S GINGER BEER,25100000800,,,,3.25,,no,342301656854
LONDON DRY,GK,GIN,German Kraft,All,drink,Cobalt,6.75,0,,,20,20,,,SPIRIT MIXERS,SPIRIT MIXERS - GK SPIRITS,single choice,no,F&S GINGER ALE,25100000700,,,,3.25,,no,342301656854
LONDON DRY,GK,GIN,German Kraft,All,drink,Cobalt,6.75,0,,,20,20,,,SPIRIT MIXERS,SPIRIT MIXERS - GK SPIRITS,single choice,no,F&S INDIAN TONIC,25100002000,,,,3.25,,no,342301656854
LONDON DRY,GK,GIN,German Kraft,All,drink,Cobalt,6.75,0,,,20,20,,,SPIRIT MIXERS,SPIRIT MIXERS - GK SPIRITS,single choice,no,F&S LIGHT TONIC,25100002200,,,,3.25,,no,342301656854
LONDON DRY,GK,GIN,German Kraft,All,drink,Cobalt,6.75,0,,,20,20,,,SPIRIT MIXERS,SPIRIT MIXERS - GK SPIRITS,single choice,no,F&S MALLORCAN TONIC,25100001200,,,,3.25,,no,342301656854
LONDON DRY,GK,GIN,German Kraft,All,drink,Cobalt,6.75,0,,,20,20,,,SPIRIT MIXERS,SPIRIT MIXERS - GK SPIRITS,single choice,no,F&S GRAPEFRUIT TONIC,25100000900,,,,3.25,,no,342301656854
LONDON DRY,GK,GIN,German Kraft,All,drink,Cobalt,6.75,0,,,20,20,,,SPIRIT MIXERS,SPIRIT MIXERS - GK SPIRITS,single choice,no,TWO KEYS PINK GRAPEFRUIT,25100003900,,,,3.25,,no,342301656854
LONDON DRY,GK,GIN,German Kraft,All,drink,Cobalt,6.75,0,,,20,20,,,SPIRIT MIXERS,SPIRIT MIXERS - GK SPIRITS,single choice,no,FEVERTREE AROMATIC,25100000300,,,,3.25,,no,342301656854
LONDON DRY,GK,GIN,German Kraft,All,drink,Cobalt,6.75,0,,,20,20,,,SPIRIT MIXERS,SPIRIT MIXERS - GK SPIRITS,single choice,no,FEVERTREE CUCUMBER,25100000500,,,,3.25,,no,342301656854
LONDON DRY,GK,GIN,German Kraft,All,drink,Cobalt,6.75,0,,,20,20,,,SPIRIT MIXERS,SPIRIT MIXERS - GK SPIRITS,single choice,no,FEVERTREE ELDERFLOWER,25100000600,,,,3.25,,no,342301656854
LONDON DRY,GK,GIN,German Kraft,All,drink,Cobalt,6.75,0,,,20,20,,,SPIRIT MIXERS,SPIRIT MIXERS - GK SPIRITS,single choice,no,FRITZ KOLA,GK,,,,3,,no,342301656854
LONDON DRY,GK,GIN,German Kraft,All,drink,Cobalt,6.75,0,,,20,20,,,SPIRIT MIXERS,SPIRIT MIXERS - GK SPIRITS,single choice,no,FRITZ LIMO,GK,,,,3,,no,342301656854
MERCATO GIN,22200000100,GIN,German Kraft,All,drink,Cobalt,6.75,0,,,20,20,,,MEASURE,MEASURE - GK MERCATO,single choice,no,SINGLE (25ML),22200000100,,,,0,,yes,342301618748
MERCATO GIN,22200000100,GIN,German Kraft,All,drink,Cobalt,6.75,0,,,20,20,,,MEASURE,MEASURE - GK MERCATO,single choice,no,DOUBLE (50ML),22200000108,,,,2,,no,342301618748
MERCATO GIN,22200000100,GIN,German Kraft,All,drink,Cobalt,6.75,0,,,20,20,,,SPIRIT MIXERS,SPIRIT MIXERS - GK SPIRITS,single choice,no,NO MIXER,GK,,,,0,,yes,342301613254
MERCATO GIN,22200000100,GIN,German Kraft,All,drink,Cobalt,6.75,0,,,20,20,,,SPIRIT MIXERS,SPIRIT MIXERS - GK SPIRITS,single choice,no,POSTMIX SODA WATER,99600000600,,,,1,,no,342301613254
MERCATO GIN,22200000100,GIN,German Kraft,All,drink,Cobalt,6.75,0,,,20,20,,,SPIRIT MIXERS,SPIRIT MIXERS - GK SPIRITS,single choice,no,DIET COLA,25200000600,,,,3.25,,no,342301613254
MERCATO GIN,22200000100,GIN,German Kraft,All,drink,Cobalt,6.75,0,,,20,20,,,SPIRIT MIXERS,SPIRIT MIXERS - GK SPIRITS,single choice,no,POSTMIX COLA,99600000100,,,,3.25,,no,342301613254
MERCATO GIN,22200000100,GIN,German Kraft,All,drink,Cobalt,6.75,0,,,20,20,,,SPIRIT MIXERS,SPIRIT MIXERS - GK SPIRITS,single choice,no,POSTMIX DIET COLA,99600000200,,,,3.25,,no,342301613254
MERCATO GIN,22200000100,GIN,German Kraft,All,drink,Cobalt,6.75,0,,,20,20,,,SPIRIT MIXERS,SPIRIT MIXERS - GK SPIRITS,single choice,no,POSTMIX LEMONADE,99600000300,,,,3.25,,no,342301613254
MERCATO GIN,22200000100,GIN,German Kraft,All,drink,Cobalt,6.75,0,,,20,20,,,SPIRIT MIXERS,SPIRIT MIXERS - GK SPIRITS,single choice,no,POSTMIX GINGER BEER,99600000700,,,,3.25,,no,342301613254
MERCATO GIN,22200000100,GIN,German Kraft,All,drink,Cobalt,6.75,0,,,20,20,,,SPIRIT MIXERS,SPIRIT MIXERS - GK SPIRITS,single choice,no,POSTMIX INDIAN TONIC,99600000400,,,,3.25,,no,342301613254
MERCATO GIN,22200000100,GIN,German Kraft,All,drink,Cobalt,6.75,0,,,20,20,,,SPIRIT MIXERS,SPIRIT MIXERS - GK SPIRITS,single choice,no,POSTMIX LIGHT TONIC,99600000500,,,,3.25,,no,342301613254
MERCATO GIN,22200000100,GIN,German Kraft,All,drink,Cobalt,6.75,0,,,20,20,,,SPIRIT MIXERS,SPIRIT MIXERS - GK SPIRITS,single choice,no,POSTMIX APPLE JUICE,99600000800,,,,3.25,,no,342301613254
MERCATO GIN,22200000100,GIN,German Kraft,All,drink,Cobalt,6.75,0,,,20,20,,,SPIRIT MIXERS,SPIRIT MIXERS - GK SPIRITS,single choice,no,POSTMIX ORANGE JUICE,99600001000,,,,3.25,,no,342301613254
MERCATO GIN,22200000100,GIN,German Kraft,All,drink,Cobalt,6.75,0,,,20,20,,,SPIRIT MIXERS,SPIRIT MIXERS - GK SPIRITS,single choice,no,POSTMIX CRANBERRY JUICE,99600000900,,,,3.25,,no,342301613254
MERCATO GIN,22200000100,GIN,German Kraft,All,drink,Cobalt,6.75,0,,,20,20,,,SPIRIT MIXERS,SPIRIT MIXERS - GK SPIRITS,single choice,no,POSTMIX PINEAPPLE JUICE,99600001100,,,,3.25,,no,342301613254
MERCATO GIN,22200000100,GIN,German Kraft,All,drink,Cobalt,6.75,0,,,20,20,,,SPIRIT MIXERS,SPIRIT MIXERS - GK SPIRITS,single choice,no,POSTMIX PINK GRAPEFRUIT JUICE,25200003900,,,,3.25,,no,342301613254
MERCATO GIN,22200000100,GIN,German Kraft,All,drink,Cobalt,6.75,0,,,20,20,,,SPIRIT MIXERS,SPIRIT MIXERS - GK SPIRITS,single choice,no,F&S SODA WATER,25100001600,,,,3.25,,no,342301613254
MERCATO GIN,22200000100,GIN,German Kraft,All,drink,Cobalt,6.75,0,,,20,20,,,SPIRIT MIXERS,SPIRIT MIXERS - GK SPIRITS,single choice,no,FRANKLIN & SONS COLA,25100000400,,,,3.25,,no,342301613254
MERCATO GIN,22200000100,GIN,German Kraft,All,drink,Cobalt,6.75,0,,,20,20,,,SPIRIT MIXERS,SPIRIT MIXERS - GK SPIRITS,single choice,no,F&S LEMONADE,25100001100,,,,3.25,,no,342301613254
MERCATO GIN,22200000100,GIN,German Kraft,All,drink,Cobalt,6.75,0,,,20,20,,,SPIRIT MIXERS,SPIRIT MIXERS - GK SPIRITS,single choice,no,F&S GINGER BEER,25100000800,,,,3.25,,no,342301613254
MERCATO GIN,22200000100,GIN,German Kraft,All,drink,Cobalt,6.75,0,,,20,20,,,SPIRIT MIXERS,SPIRIT MIXERS - GK SPIRITS,single choice,no,F&S GINGER ALE,25100000700,,,,3.25,,no,342301613254
MERCATO GIN,22200000100,GIN,German Kraft,All,drink,Cobalt,6.75,0,,,20,20,,,SPIRIT MIXERS,SPIRIT MIXERS - GK SPIRITS,single choice,no,F&S INDIAN TONIC,25100002000,,,,3.25,,no,342301613254
MERCATO GIN,22200000100,GIN,German Kraft,All,drink,Cobalt,6.75,0,,,20,20,,,SPIRIT MIXERS,SPIRIT MIXERS - GK SPIRITS,single choice,no,F&S LIGHT TONIC,25100002200,,,,3.25,,no,342301613254
MERCATO GIN,22200000100,GIN,German Kraft,All,drink,Cobalt,6.75,0,,,20,20,,,SPIRIT MIXERS,SPIRIT MIXERS - GK SPIRITS,single choice,no,F&S MALLORCAN TONIC,25100001200,,,,3.25,,no,342301613254
MERCATO GIN,22200000100,GIN,German Kraft,All,drink,Cobalt,6.75,0,,,20,20,,,SPIRIT MIXERS,SPIRIT MIXERS - GK SPIRITS,single choice,no,F&S GRAPEFRUIT TONIC,25100000900,,,,3.25,,no,342301613254
MERCATO GIN,22200000100,GIN,German Kraft,All,drink,Cobalt,6.75,0,,,20,20,,,SPIRIT MIXERS,SPIRIT MIXERS - GK SPIRITS,single choice,no,TWO KEYS PINK GRAPEFRUIT,25100003900,,,,3.25,,no,342301613254
MERCATO GIN,22200000100,GIN,German Kraft,All,drink,Cobalt,6.75,0,,,20,20,,,SPIRIT MIXERS,SPIRIT MIXERS - GK SPIRITS,single choice,no,FEVERTREE AROMATIC,25100000300,,,,3.25,,no,342301613254
MERCATO GIN,22200000100,GIN,German Kraft,All,drink,Cobalt,6.75,0,,,20,20,,,SPIRIT MIXERS,SPIRIT MIXERS - GK SPIRITS,single choice,no,FEVERTREE CUCUMBER,25100000500,,,,3.25,,no,342301613254
MERCATO GIN,22200000100,GIN,German Kraft,All,drink,Cobalt,6.75,0,,,20,20,,,SPIRIT MIXERS,SPIRIT MIXERS - GK SPIRITS,single choice,no,FEVERTREE ELDERFLOWER,25100000600,,,,3.25,,no,342301613254
MERCATO GIN,22200000100,GIN,German Kraft,All,drink,Cobalt,6.75,0,,,20,20,,,SPIRIT MIXERS,SPIRIT MIXERS - GK SPIRITS,single choice,no,FRITZ KOLA,GK,,,,3,,no,342301613254
MERCATO GIN,22200000100,GIN,German Kraft,All,drink,Cobalt,6.75,0,,,20,20,,,SPIRIT MIXERS,SPIRIT MIXERS - GK SPIRITS,single choice,no,FRITZ LIMO,GK,,,,3,,no,342301613254
ROOBEE,GK,GIN,German Kraft,All,drink,Cobalt,6.75,0,,,20,20,,,MEASURE,MEASURE - GK ROOBEE,single choice,no,SINGLE (25ML),22200000200,,,,0,,yes,342301429648
ROOBEE,GK,GIN,German Kraft,All,drink,Cobalt,6.75,0,,,20,20,,,MEASURE,MEASURE - GK ROOBEE,single choice,no,DOUBLE (50ML),22200000208,,,,2,,no,342301429648
ROOBEE,GK,GIN,German Kraft,All,drink,Cobalt,6.75,0,,,20,20,,,SPIRIT MIXERS,SPIRIT MIXERS - GK SPIRITS,single choice,no,NO MIXER,GK,,,,0,,yes,342301424154
ROOBEE,GK,GIN,German Kraft,All,drink,Cobalt,6.75,0,,,20,20,,,SPIRIT MIXERS,SPIRIT MIXERS - GK SPIRITS,single choice,no,POSTMIX SODA WATER,99600000600,,,,1,,no,342301424154
ROOBEE,GK,GIN,German Kraft,All,drink,Cobalt,6.75,0,,,20,20,,,SPIRIT MIXERS,SPIRIT MIXERS - GK SPIRITS,single choice,no,DIET COLA,25200000600,,,,3.25,,no,342301424154
ROOBEE,GK,GIN,German Kraft,All,drink,Cobalt,6.75,0,,,20,20,,,SPIRIT MIXERS,SPIRIT MIXERS - GK SPIRITS,single choice,no,POSTMIX COLA,99600000100,,,,3.25,,no,342301424154
ROOBEE,GK,GIN,German Kraft,All,drink,Cobalt,6.75,0,,,20,20,,,SPIRIT MIXERS,SPIRIT MIXERS - GK SPIRITS,single choice,no,POSTMIX DIET COLA,99600000200,,,,3.25,,no,342301424154
ROOBEE,GK,GIN,German Kraft,All,drink,Cobalt,6.75,0,,,20,20,,,SPIRIT MIXERS,SPIRIT MIXERS - GK SPIRITS,single choice,no,POSTMIX LEMONADE,99600000300,,,,3.25,,no,342301424154
ROOBEE,GK,GIN,German Kraft,All,drink,Cobalt,6.75,0,,,20,20,,,SPIRIT MIXERS,SPIRIT MIXERS - GK SPIRITS,single choice,no,POSTMIX GINGER BEER,99600000700,,,,3.25,,no,342301424154
ROOBEE,GK,GIN,German Kraft,All,drink,Cobalt,6.75,0,,,20,20,,,SPIRIT MIXERS,SPIRIT MIXERS - GK SPIRITS,single choice,no,POSTMIX INDIAN TONIC,99600000400,,,,3.25,,no,342301424154
ROOBEE,GK,GIN,German Kraft,All,drink,Cobalt,6.75,0,,,20,20,,,SPIRIT MIXERS,SPIRIT MIXERS - GK SPIRITS,single choice,no,POSTMIX LIGHT TONIC,99600000500,,,,3.25,,no,342301424154
ROOBEE,GK,GIN,German Kraft,All,drink,Cobalt,6.75,0,,,20,20,,,SPIRIT MIXERS,SPIRIT MIXERS - GK SPIRITS,single choice,no,POSTMIX APPLE JUICE,99600000800,,,,3.25,,no,342301424154
ROOBEE,GK,GIN,German Kraft,All,drink,Cobalt,6.75,0,,,20,20,,,SPIRIT MIXERS,SPIRIT MIXERS - GK SPIRITS,single choice,no,POSTMIX ORANGE JUICE,99600001000,,,,3.25,,no,342301424154
ROOBEE,GK,GIN,German Kraft,All,drink,Cobalt,6.75,0,,,20,20,,,SPIRIT MIXERS,SPIRIT MIXERS - GK SPIRITS,single choice,no,POSTMIX CRANBERRY JUICE,99600000900,,,,3.25,,no,342301424154
ROOBEE,GK,GIN,German Kraft,All,drink,Cobalt,6.75,0,,,20,20,,,SPIRIT MIXERS,SPIRIT MIXERS - GK SPIRITS,single choice,no,POSTMIX PINEAPPLE JUICE,99600001100,,,,3.25,,no,342301424154
ROOBEE,GK,GIN,German Kraft,All,drink,Cobalt,6.75,0,,,20,20,,,SPIRIT MIXERS,SPIRIT MIXERS - GK SPIRITS,single choice,no,POSTMIX PINK GRAPEFRUIT JUICE,25200003900,,,,3.25,,no,342301424154
ROOBEE,GK,GIN,German Kraft,All,drink,Cobalt,6.75,0,,,20,20,,,SPIRIT MIXERS,SPIRIT MIXERS - GK SPIRITS,single choice,no,F&S SODA WATER,25100001600,,,,3.25,,no,342301424154
ROOBEE,GK,GIN,German Kraft,All,drink,Cobalt,6.75,0,,,20,20,,,SPIRIT MIXERS,SPIRIT MIXERS - GK SPIRITS,single choice,no,FRANKLIN & SONS COLA,25100000400,,,,3.25,,no,342301424154
ROOBEE,GK,GIN,German Kraft,All,drink,Cobalt,6.75,0,,,20,20,,,SPIRIT MIXERS,SPIRIT MIXERS - GK SPIRITS,single choice,no,F&S LEMONADE,25100001100,,,,3.25,,no,342301424154
ROOBEE,GK,GIN,German Kraft,All,drink,Cobalt,6.75,0,,,20,20,,,SPIRIT MIXERS,SPIRIT MIXERS - GK SPIRITS,single choice,no,F&S GINGER BEER,25100000800,,,,3.25,,no,342301424154
ROOBEE,GK,GIN,German Kraft,All,drink,Cobalt,6.75,0,,,20,20,,,SPIRIT MIXERS,SPIRIT MIXERS - GK SPIRITS,single choice,no,F&S GINGER ALE,25100000700,,,,3.25,,no,342301424154
ROOBEE,GK,GIN,German Kraft,All,drink,Cobalt,6.75,0,,,20,20,,,SPIRIT MIXERS,SPIRIT MIXERS - GK SPIRITS,single choice,no,F&S INDIAN TONIC,25100002000,,,,3.25,,no,342301424154
ROOBEE,GK,GIN,German Kraft,All,drink,Cobalt,6.75,0,,,20,20,,,SPIRIT MIXERS,SPIRIT MIXERS - GK SPIRITS,single choice,no,F&S LIGHT TONIC,25100002200,,,,3.25,,no,342301424154
ROOBEE,GK,GIN,German Kraft,All,drink,Cobalt,6.75,0,,,20,20,,,SPIRIT MIXERS,SPIRIT MIXERS - GK SPIRITS,single choice,no,F&S MALLORCAN TONIC,25100001200,,,,3.25,,no,342301424154
ROOBEE,GK,GIN,German Kraft,All,drink,Cobalt,6.75,0,,,20,20,,,SPIRIT MIXERS,SPIRIT MIXERS - GK SPIRITS,single choice,no,F&S GRAPEFRUIT TONIC,25100000900,,,,3.25,,no,342301424154
ROOBEE,GK,GIN,German Kraft,All,drink,Cobalt,6.75,0,,,20,20,,,SPIRIT MIXERS,SPIRIT MIXERS - GK SPIRITS,single choice,no,TWO KEYS PINK GRAPEFRUIT,25100003900,,,,3.25,,no,342301424154
ROOBEE,GK,GIN,German Kraft,All,drink,Cobalt,6.75,0,,,20,20,,,SPIRIT MIXERS,SPIRIT MIXERS - GK SPIRITS,single choice,no,FEVERTREE AROMATIC,25100000300,,,,3.25,,no,342301424154
ROOBEE,GK,GIN,German Kraft,All,drink,Cobalt,6.75,0,,,20,20,,,SPIRIT MIXERS,SPIRIT MIXERS - GK SPIRITS,single choice,no,FEVERTREE CUCUMBER,25100000500,,,,3.25,,no,342301424154
ROOBEE,GK,GIN,German Kraft,All,drink,Cobalt,6.75,0,,,20,20,,,SPIRIT MIXERS,SPIRIT MIXERS - GK SPIRITS,single choice,no,FEVERTREE ELDERFLOWER,25100000600,,,,3.25,,no,342301424154
ROOBEE,GK,GIN,German Kraft,All,drink,Cobalt,6.75,0,,,20,20,,,SPIRIT MIXERS,SPIRIT MIXERS - GK SPIRITS,single choice,no,FRITZ KOLA,GK,,,,3,,no,342301424154
ROOBEE,GK,GIN,German Kraft,All,drink,Cobalt,6.75,0,,,20,20,,,SPIRIT MIXERS,SPIRIT MIXERS - GK SPIRITS,single choice,no,FRITZ LIMO,GK,,,,3,,no,342301424154
BLOODY MARIA (MEZCAL),23040000200,BLOODY MARYS,German Kraft,All,drink,Coral,12,0,,,20,20,,,,,multi choice,no,,,,,,,,,229568914711
BLOODY MARY (VODKA),23040000100,BLOODY MARYS,German Kraft,All,drink,Coral,12,0,,,20,20,,,,,multi choice,no,,,,,,,,,229568914511
VIRGIN MARY (NO ALC),23040000400,BLOODY MARYS,German Kraft,All,drink,Coral,8,0,,,20,20,,,,,multi choice,no,,,,,,,,,229567876711
6X ANTICA SAMBUCA,22050000400,SHOT RACK,German Kraft,All,drink,Magenta,30,0,,,20,20,,,,,multi choice,no,,,,,,,,,222310004111
6X CAZCABEL COFFEE,22050000200,SHOT RACK,German Kraft,All,drink,Magenta,30,0,,,20,20,,,,,multi choice,no,,,,,,,,,222310004011
6X CAZCABEL HONEY,22050000300,SHOT RACK,German Kraft,All,drink,Magenta,30,0,,,20,20,,,,,multi choice,no,,,,,,,,,222310003911
6X CUT SPICED RUM,22050000600,SHOT RACK,German Kraft,All,drink,Magenta,31.25,0,,,20,20,,,,,multi choice,no,,,,,,,,,222310003811
6X GNARLY AGAVE TEQ,22050000800,SHOT RACK,German Kraft,All,drink,Magenta,31.25,0,,,20,20,,,,,multi choice,no,,,,,,,,,222310003711
6X KRAFT VODKA,22050000500,SHOT RACK,German Kraft,All,drink,Magenta,30,0,,,20,20,,,,,multi choice,no,,,,,,,,,222310003611
6X PLANTATION 3 STARS,22050000900,SHOT RACK,German Kraft,All,drink,Magenta,31.25,0,,,20,20,,,,,multi choice,no,,,,,,,,,222310003511
GNARLY AGAVE TEQUILA,GK,SPIRITS (DI/CE),German Kraft,All,drink,Cobalt,6.25,0,,,20,20,,,MEASURE,MEASURE - GK GNARLY AGAVE TEQUILA,single choice,no,SINGLE (25ML),22600010900,,,,0,,yes,222295785048
GNARLY AGAVE TEQUILA,GK,SPIRITS (DI/CE),German Kraft,All,drink,Cobalt,6.25,0,,,20,20,,,MEASURE,MEASURE - GK GNARLY AGAVE TEQUILA,single choice,no,DOUBLE (50ML),22600010908,,,,3,,no,222295785048
GNARLY AGAVE TEQUILA,GK,SPIRITS (DI/CE),German Kraft,All,drink,Cobalt,6.25,0,,,20,20,,,SPIRIT MIXERS,SPIRIT MIXERS - GK SPIRITS,single choice,no,NO MIXER,GK,,,,0,,yes,222295779554
GNARLY AGAVE TEQUILA,GK,SPIRITS (DI/CE),German Kraft,All,drink,Cobalt,6.25,0,,,20,20,,,SPIRIT MIXERS,SPIRIT MIXERS - GK SPIRITS,single choice,no,POSTMIX SODA WATER,99600000600,,,,1,,no,222295779554
GNARLY AGAVE TEQUILA,GK,SPIRITS (DI/CE),German Kraft,All,drink,Cobalt,6.25,0,,,20,20,,,SPIRIT MIXERS,SPIRIT MIXERS - GK SPIRITS,single choice,no,DIET COLA,25200000600,,,,3.25,,no,222295779554
GNARLY AGAVE TEQUILA,GK,SPIRITS (DI/CE),German Kraft,All,drink,Cobalt,6.25,0,,,20,20,,,SPIRIT MIXERS,SPIRIT MIXERS - GK SPIRITS,single choice,no,POSTMIX COLA,99600000100,,,,3.25,,no,222295779554
GNARLY AGAVE TEQUILA,GK,SPIRITS (DI/CE),German Kraft,All,drink,Cobalt,6.25,0,,,20,20,,,SPIRIT MIXERS,SPIRIT MIXERS - GK SPIRITS,single choice,no,POSTMIX DIET COLA,99600000200,,,,3.25,,no,222295779554
GNARLY AGAVE TEQUILA,GK,SPIRITS (DI/CE),German Kraft,All,drink,Cobalt,6.25,0,,,20,20,,,SPIRIT MIXERS,SPIRIT MIXERS - GK SPIRITS,single choice,no,POSTMIX LEMONADE,99600000300,,,,3.25,,no,222295779554
GNARLY AGAVE TEQUILA,GK,SPIRITS (DI/CE),German Kraft,All,drink,Cobalt,6.25,0,,,20,20,,,SPIRIT MIXERS,SPIRIT MIXERS - GK SPIRITS,single choice,no,POSTMIX GINGER BEER,99600000700,,,,3.25,,no,222295779554
GNARLY AGAVE TEQUILA,GK,SPIRITS (DI/CE),German Kraft,All,drink,Cobalt,6.25,0,,,20,20,,,SPIRIT MIXERS,SPIRIT MIXERS - GK SPIRITS,single choice,no,POSTMIX INDIAN TONIC,99600000400,,,,3.25,,no,222295779554
GNARLY AGAVE TEQUILA,GK,SPIRITS (DI/CE),German Kraft,All,drink,Cobalt,6.25,0,,,20,20,,,SPIRIT MIXERS,SPIRIT MIXERS - GK SPIRITS,single choice,no,POSTMIX LIGHT TONIC,99600000500,,,,3.25,,no,222295779554
GNARLY AGAVE TEQUILA,GK,SPIRITS (DI/CE),German Kraft,All,drink,Cobalt,6.25,0,,,20,20,,,SPIRIT MIXERS,SPIRIT MIXERS - GK SPIRITS,single choice,no,POSTMIX APPLE JUICE,99600000800,,,,3.25,,no,222295779554
GNARLY AGAVE TEQUILA,GK,SPIRITS (DI/CE),German Kraft,All,drink,Cobalt,6.25,0,,,20,20,,,SPIRIT MIXERS,SPIRIT MIXERS - GK SPIRITS,single choice,no,POSTMIX ORANGE JUICE,99600001000,,,,3.25,,no,222295779554
GNARLY AGAVE TEQUILA,GK,SPIRITS (DI/CE),German Kraft,All,drink,Cobalt,6.25,0,,,20,20,,,SPIRIT MIXERS,SPIRIT MIXERS - GK SPIRITS,single choice,no,POSTMIX CRANBERRY JUICE,99600000900,,,,3.25,,no,222295779554
GNARLY AGAVE TEQUILA,GK,SPIRITS (DI/CE),German Kraft,All,drink,Cobalt,6.25,0,,,20,20,,,SPIRIT MIXERS,SPIRIT MIXERS - GK SPIRITS,single choice,no,POSTMIX PINEAPPLE JUICE,99600001100,,,,3.25,,no,222295779554
GNARLY AGAVE TEQUILA,GK,SPIRITS (DI/CE),German Kraft,All,drink,Cobalt,6.25,0,,,20,20,,,SPIRIT MIXERS,SPIRIT MIXERS - GK SPIRITS,single choice,no,POSTMIX PINK GRAPEFRUIT JUICE,25200003900,,,,3.25,,no,222295779554
GNARLY AGAVE TEQUILA,GK,SPIRITS (DI/CE),German Kraft,All,drink,Cobalt,6.25,0,,,20,20,,,SPIRIT MIXERS,SPIRIT MIXERS - GK SPIRITS,single choice,no,F&S SODA WATER,25100001600,,,,3.25,,no,222295779554
GNARLY AGAVE TEQUILA,GK,SPIRITS (DI/CE),German Kraft,All,drink,Cobalt,6.25,0,,,20,20,,,SPIRIT MIXERS,SPIRIT MIXERS - GK SPIRITS,single choice,no,FRANKLIN & SONS COLA,25100000400,,,,3.25,,no,222295779554
GNARLY AGAVE TEQUILA,GK,SPIRITS (DI/CE),German Kraft,All,drink,Cobalt,6.25,0,,,20,20,,,SPIRIT MIXERS,SPIRIT MIXERS - GK SPIRITS,single choice,no,F&S LEMONADE,25100001100,,,,3.25,,no,222295779554
GNARLY AGAVE TEQUILA,GK,SPIRITS (DI/CE),German Kraft,All,drink,Cobalt,6.25,0,,,20,20,,,SPIRIT MIXERS,SPIRIT MIXERS - GK SPIRITS,single choice,no,F&S GINGER BEER,25100000800,,,,3.25,,no,222295779554
GNARLY AGAVE TEQUILA,GK,SPIRITS (DI/CE),German Kraft,All,drink,Cobalt,6.25,0,,,20,20,,,SPIRIT MIXERS,SPIRIT MIXERS - GK SPIRITS,single choice,no,F&S GINGER ALE,25100000700,,,,3.25,,no,222295779554
GNARLY AGAVE TEQUILA,GK,SPIRITS (DI/CE),German Kraft,All,drink,Cobalt,6.25,0,,,20,20,,,SPIRIT MIXERS,SPIRIT MIXERS - GK SPIRITS,single choice,no,F&S INDIAN TONIC,25100002000,,,,3.25,,no,222295779554
GNARLY AGAVE TEQUILA,GK,SPIRITS (DI/CE),German Kraft,All,drink,Cobalt,6.25,0,,,20,20,,,SPIRIT MIXERS,SPIRIT MIXERS - GK SPIRITS,single choice,no,F&S LIGHT TONIC,25100002200,,,,3.25,,no,222295779554
GNARLY AGAVE TEQUILA,GK,SPIRITS (DI/CE),German Kraft,All,drink,Cobalt,6.25,0,,,20,20,,,SPIRIT MIXERS,SPIRIT MIXERS - GK SPIRITS,single choice,no,F&S MALLORCAN TONIC,25100001200,,,,3.25,,no,222295779554
GNARLY AGAVE TEQUILA,GK,SPIRITS (DI/CE),German Kraft,All,drink,Cobalt,6.25,0,,,20,20,,,SPIRIT MIXERS,SPIRIT MIXERS - GK SPIRITS,single choice,no,F&S GRAPEFRUIT TONIC,25100000900,,,,3.25,,no,222295779554
GNARLY AGAVE TEQUILA,GK,SPIRITS (DI/CE),German Kraft,All,drink,Cobalt,6.25,0,,,20,20,,,SPIRIT MIXERS,SPIRIT MIXERS - GK SPIRITS,single choice,no,TWO KEYS PINK GRAPEFRUIT,25100003900,,,,3.25,,no,222295779554
GNARLY AGAVE TEQUILA,GK,SPIRITS (DI/CE),German Kraft,All,drink,Cobalt,6.25,0,,,20,20,,,SPIRIT MIXERS,SPIRIT MIXERS - GK SPIRITS,single choice,no,FEVERTREE AROMATIC,25100000300,,,,3.25,,no,222295779554
GNARLY AGAVE TEQUILA,GK,SPIRITS (DI/CE),German Kraft,All,drink,Cobalt,6.25,0,,,20,20,,,SPIRIT MIXERS,SPIRIT MIXERS - GK SPIRITS,single choice,no,FEVERTREE CUCUMBER,25100000500,,,,3.25,,no,222295779554
GNARLY AGAVE TEQUILA,GK,SPIRITS (DI/CE),German Kraft,All,drink,Cobalt,6.25,0,,,20,20,,,SPIRIT MIXERS,SPIRIT MIXERS - GK SPIRITS,single choice,no,FEVERTREE ELDERFLOWER,25100000600,,,,3.25,,no,222295779554
GNARLY AGAVE TEQUILA,GK,SPIRITS (DI/CE),German Kraft,All,drink,Cobalt,6.25,0,,,20,20,,,SPIRIT MIXERS,SPIRIT MIXERS - GK SPIRITS,single choice,no,FRITZ KOLA,GK,,,,3,,no,222295779554
GNARLY AGAVE TEQUILA,GK,SPIRITS (DI/CE),German Kraft,All,drink,Cobalt,6.25,0,,,20,20,,,SPIRIT MIXERS,SPIRIT MIXERS - GK SPIRITS,single choice,no,FRITZ LIMO,GK,,,,3,,no,222295779554
KRAFT 37.5,GK,SPIRITS (DI/CE),German Kraft,All,drink,Cobalt,6,0,,,20,20,,,MEASURE,MEASURE - GK KRAFT 37.5,single choice,no,SINGLE (25ML),22100001200,,,,0,,yes,222295683348
KRAFT 37.5,GK,SPIRITS (DI/CE),German Kraft,All,drink,Cobalt,6,0,,,20,20,,,MEASURE,MEASURE - GK KRAFT 37.5,single choice,no,DOUBLE (50ML),22100001208,,,,2.25,,no,222295683348
KRAFT 37.5,GK,SPIRITS (DI/CE),German Kraft,All,drink,Cobalt,6,0,,,20,20,,,SPIRIT MIXERS,SPIRIT MIXERS - GK SPIRITS,single choice,no,NO MIXER,GK,,,,0,,yes,222295677854
KRAFT 37.5,GK,SPIRITS (DI/CE),German Kraft,All,drink,Cobalt,6,0,,,20,20,,,SPIRIT MIXERS,SPIRIT MIXERS - GK SPIRITS,single choice,no,POSTMIX SODA WATER,99600000600,,,,1,,no,222295677854
KRAFT 37.5,GK,SPIRITS (DI/CE),German Kraft,All,drink,Cobalt,6,0,,,20,20,,,SPIRIT MIXERS,SPIRIT MIXERS - GK SPIRITS,single choice,no,DIET COLA,25200000600,,,,3.25,,no,222295677854
KRAFT 37.5,GK,SPIRITS (DI/CE),German Kraft,All,drink,Cobalt,6,0,,,20,20,,,SPIRIT MIXERS,SPIRIT MIXERS - GK SPIRITS,single choice,no,POSTMIX COLA,99600000100,,,,3.25,,no,222295677854
KRAFT 37.5,GK,SPIRITS (DI/CE),German Kraft,All,drink,Cobalt,6,0,,,20,20,,,SPIRIT MIXERS,SPIRIT MIXERS - GK SPIRITS,single choice,no,POSTMIX DIET COLA,99600000200,,,,3.25,,no,222295677854
KRAFT 37.5,GK,SPIRITS (DI/CE),German Kraft,All,drink,Cobalt,6,0,,,20,20,,,SPIRIT MIXERS,SPIRIT MIXERS - GK SPIRITS,single choice,no,POSTMIX LEMONADE,99600000300,,,,3.25,,no,222295677854
KRAFT 37.5,GK,SPIRITS (DI/CE),German Kraft,All,drink,Cobalt,6,0,,,20,20,,,SPIRIT MIXERS,SPIRIT MIXERS - GK SPIRITS,single choice,no,POSTMIX GINGER BEER,99600000700,,,,3.25,,no,222295677854
KRAFT 37.5,GK,SPIRITS (DI/CE),German Kraft,All,drink,Cobalt,6,0,,,20,20,,,SPIRIT MIXERS,SPIRIT MIXERS - GK SPIRITS,single choice,no,POSTMIX INDIAN TONIC,99600000400,,,,3.25,,no,222295677854
KRAFT 37.5,GK,SPIRITS (DI/CE),German Kraft,All,drink,Cobalt,6,0,,,20,20,,,SPIRIT MIXERS,SPIRIT MIXERS - GK SPIRITS,single choice,no,POSTMIX LIGHT TONIC,99600000500,,,,3.25,,no,222295677854
KRAFT 37.5,GK,SPIRITS (DI/CE),German Kraft,All,drink,Cobalt,6,0,,,20,20,,,SPIRIT MIXERS,SPIRIT MIXERS - GK SPIRITS,single choice,no,POSTMIX APPLE JUICE,99600000800,,,,3.25,,no,222295677854
KRAFT 37.5,GK,SPIRITS (DI/CE),German Kraft,All,drink,Cobalt,6,0,,,20,20,,,SPIRIT MIXERS,SPIRIT MIXERS - GK SPIRITS,single choice,no,POSTMIX ORANGE JUICE,99600001000,,,,3.25,,no,222295677854
KRAFT 37.5,GK,SPIRITS (DI/CE),German Kraft,All,drink,Cobalt,6,0,,,20,20,,,SPIRIT MIXERS,SPIRIT MIXERS - GK SPIRITS,single choice,no,POSTMIX CRANBERRY JUICE,99600000900,,,,3.25,,no,222295677854
KRAFT 37.5,GK,SPIRITS (DI/CE),German Kraft,All,drink,Cobalt,6,0,,,20,20,,,SPIRIT MIXERS,SPIRIT MIXERS - GK SPIRITS,single choice,no,POSTMIX PINEAPPLE JUICE,99600001100,,,,3.25,,no,222295677854
KRAFT 37.5,GK,SPIRITS (DI/CE),German Kraft,All,drink,Cobalt,6,0,,,20,20,,,SPIRIT MIXERS,SPIRIT MIXERS - GK SPIRITS,single choice,no,POSTMIX PINK GRAPEFRUIT JUICE,25200003900,,,,3.25,,no,222295677854
KRAFT 37.5,GK,SPIRITS (DI/CE),German Kraft,All,drink,Cobalt,6,0,,,20,20,,,SPIRIT MIXERS,SPIRIT MIXERS - GK SPIRITS,single choice,no,F&S SODA WATER,25100001600,,,,3.25,,no,222295677854
KRAFT 37.5,GK,SPIRITS (DI/CE),German Kraft,All,drink,Cobalt,6,0,,,20,20,,,SPIRIT MIXERS,SPIRIT MIXERS - GK SPIRITS,single choice,no,FRANKLIN & SONS COLA,25100000400,,,,3.25,,no,222295677854
KRAFT 37.5,GK,SPIRITS (DI/CE),German Kraft,All,drink,Cobalt,6,0,,,20,20,,,SPIRIT MIXERS,SPIRIT MIXERS - GK SPIRITS,single choice,no,F&S LEMONADE,25100001100,,,,3.25,,no,222295677854
KRAFT 37.5,GK,SPIRITS (DI/CE),German Kraft,All,drink,Cobalt,6,0,,,20,20,,,SPIRIT MIXERS,SPIRIT MIXERS - GK SPIRITS,single choice,no,F&S GINGER BEER,25100000800,,,,3.25,,no,222295677854
KRAFT 37.5,GK,SPIRITS (DI/CE),German Kraft,All,drink,Cobalt,6,0,,,20,20,,,SPIRIT MIXERS,SPIRIT MIXERS - GK SPIRITS,single choice,no,F&S GINGER ALE,25100000700,,,,3.25,,no,222295677854
KRAFT 37.5,GK,SPIRITS (DI/CE),German Kraft,All,drink,Cobalt,6,0,,,20,20,,,SPIRIT MIXERS,SPIRIT MIXERS - GK SPIRITS,single choice,no,F&S INDIAN TONIC,25100002000,,,,3.25,,no,222295677854
KRAFT 37.5,GK,SPIRITS (DI/CE),German Kraft,All,drink,Cobalt,6,0,,,20,20,,,SPIRIT MIXERS,SPIRIT MIXERS - GK SPIRITS,single choice,no,F&S LIGHT TONIC,25100002200,,,,3.25,,no,222295677854
KRAFT 37.5,GK,SPIRITS (DI/CE),German Kraft,All,drink,Cobalt,6,0,,,20,20,,,SPIRIT MIXERS,SPIRIT MIXERS - GK SPIRITS,single choice,no,F&S MALLORCAN TONIC,25100001200,,,,3.25,,no,222295677854
KRAFT 37.5,GK,SPIRITS (DI/CE),German Kraft,All,drink,Cobalt,6,0,,,20,20,,,SPIRIT MIXERS,SPIRIT MIXERS - GK SPIRITS,single choice,no,F&S GRAPEFRUIT TONIC,25100000900,,,,3.25,,no,222295677854
KRAFT 37.5,GK,SPIRITS (DI/CE),German Kraft,All,drink,Cobalt,6,0,,,20,20,,,SPIRIT MIXERS,SPIRIT MIXERS - GK SPIRITS,single choice,no,TWO KEYS PINK GRAPEFRUIT,25100003900,,,,3.25,,no,222295677854
KRAFT 37.5,GK,SPIRITS (DI/CE),German Kraft,All,drink,Cobalt,6,0,,,20,20,,,SPIRIT MIXERS,SPIRIT MIXERS - GK SPIRITS,single choice,no,FEVERTREE AROMATIC,25100000300,,,,3.25,,no,222295677854
KRAFT 37.5,GK,SPIRITS (DI/CE),German Kraft,All,drink,Cobalt,6,0,,,20,20,,,SPIRIT MIXERS,SPIRIT MIXERS - GK SPIRITS,single choice,no,FEVERTREE CUCUMBER,25100000500,,,,3.25,,no,222295677854
KRAFT 37.5,GK,SPIRITS (DI/CE),German Kraft,All,drink,Cobalt,6,0,,,20,20,,,SPIRIT MIXERS,SPIRIT MIXERS - GK SPIRITS,single choice,no,FEVERTREE ELDERFLOWER,25100000600,,,,3.25,,no,222295677854
KRAFT 37.5,GK,SPIRITS (DI/CE),German Kraft,All,drink,Cobalt,6,0,,,20,20,,,SPIRIT MIXERS,SPIRIT MIXERS - GK SPIRITS,single choice,no,FRITZ KOLA,GK,,,,3,,no,222295677854
KRAFT 37.5,GK,SPIRITS (DI/CE),German Kraft,All,drink,Cobalt,6,0,,,20,20,,,SPIRIT MIXERS,SPIRIT MIXERS - GK SPIRITS,single choice,no,FRITZ LIMO,GK,,,,3,,no,222295677854
PORTOBELLO VODKA,GK,SPIRITS (DI/CE),German Kraft,All,drink,Cobalt,7,0,,,20,20,,,MEASURE,MEASURE - GK PORTOBELLO VODKA,single choice,no,SINGLE (25ML),22100002400,,,,0,,yes,222295514048
PORTOBELLO VODKA,GK,SPIRITS (DI/CE),German Kraft,All,drink,Cobalt,7,0,,,20,20,,,MEASURE,MEASURE - GK PORTOBELLO VODKA,single choice,no,DOUBLE (50ML),22100002408,,,,3,,no,222295514048
PORTOBELLO VODKA,GK,SPIRITS (DI/CE),German Kraft,All,drink,Cobalt,7,0,,,20,20,,,SPIRIT MIXERS,SPIRIT MIXERS - GK SPIRITS,single choice,no,NO MIXER,GK,,,,0,,yes,222295508554
PORTOBELLO VODKA,GK,SPIRITS (DI/CE),German Kraft,All,drink,Cobalt,7,0,,,20,20,,,SPIRIT MIXERS,SPIRIT MIXERS - GK SPIRITS,single choice,no,POSTMIX SODA WATER,99600000600,,,,1,,no,222295508554
PORTOBELLO VODKA,GK,SPIRITS (DI/CE),German Kraft,All,drink,Cobalt,7,0,,,20,20,,,SPIRIT MIXERS,SPIRIT MIXERS - GK SPIRITS,single choice,no,DIET COLA,25200000600,,,,3.25,,no,222295508554
PORTOBELLO VODKA,GK,SPIRITS (DI/CE),German Kraft,All,drink,Cobalt,7,0,,,20,20,,,SPIRIT MIXERS,SPIRIT MIXERS - GK SPIRITS,single choice,no,POSTMIX COLA,99600000100,,,,3.25,,no,222295508554
PORTOBELLO VODKA,GK,SPIRITS (DI/CE),German Kraft,All,drink,Cobalt,7,0,,,20,20,,,SPIRIT MIXERS,SPIRIT MIXERS - GK SPIRITS,single choice,no,POSTMIX DIET COLA,99600000200,,,,3.25,,no,222295508554
PORTOBELLO VODKA,GK,SPIRITS (DI/CE),German Kraft,All,drink,Cobalt,7,0,,,20,20,,,SPIRIT MIXERS,SPIRIT MIXERS - GK SPIRITS,single choice,no,POSTMIX LEMONADE,99600000300,,,,3.25,,no,222295508554
PORTOBELLO VODKA,GK,SPIRITS (DI/CE),German Kraft,All,drink,Cobalt,7,0,,,20,20,,,SPIRIT MIXERS,SPIRIT MIXERS - GK SPIRITS,single choice,no,POSTMIX GINGER BEER,99600000700,,,,3.25,,no,222295508554
PORTOBELLO VODKA,GK,SPIRITS (DI/CE),German Kraft,All,drink,Cobalt,7,0,,,20,20,,,SPIRIT MIXERS,SPIRIT MIXERS - GK SPIRITS,single choice,no,POSTMIX INDIAN TONIC,99600000400,,,,3.25,,no,222295508554
PORTOBELLO VODKA,GK,SPIRITS (DI/CE),German Kraft,All,drink,Cobalt,7,0,,,20,20,,,SPIRIT MIXERS,SPIRIT MIXERS - GK SPIRITS,single choice,no,POSTMIX LIGHT TONIC,99600000500,,,,3.25,,no,222295508554
PORTOBELLO VODKA,GK,SPIRITS (DI/CE),German Kraft,All,drink,Cobalt,7,0,,,20,20,,,SPIRIT MIXERS,SPIRIT MIXERS - GK SPIRITS,single choice,no,POSTMIX APPLE JUICE,99600000800,,,,3.25,,no,222295508554
PORTOBELLO VODKA,GK,SPIRITS (DI/CE),German Kraft,All,drink,Cobalt,7,0,,,20,20,,,SPIRIT MIXERS,SPIRIT MIXERS - GK SPIRITS,single choice,no,POSTMIX ORANGE JUICE,99600001000,,,,3.25,,no,222295508554
PORTOBELLO VODKA,GK,SPIRITS (DI/CE),German Kraft,All,drink,Cobalt,7,0,,,20,20,,,SPIRIT MIXERS,SPIRIT MIXERS - GK SPIRITS,single choice,no,POSTMIX CRANBERRY JUICE,99600000900,,,,3.25,,no,222295508554
PORTOBELLO VODKA,GK,SPIRITS (DI/CE),German Kraft,All,drink,Cobalt,7,0,,,20,20,,,SPIRIT MIXERS,SPIRIT MIXERS - GK SPIRITS,single choice,no,POSTMIX PINEAPPLE JUICE,99600001100,,,,3.25,,no,222295508554
PORTOBELLO VODKA,GK,SPIRITS (DI/CE),German Kraft,All,drink,Cobalt,7,0,,,20,20,,,SPIRIT MIXERS,SPIRIT MIXERS - GK SPIRITS,single choice,no,POSTMIX PINK GRAPEFRUIT JUICE,25200003900,,,,3.25,,no,222295508554
PORTOBELLO VODKA,GK,SPIRITS (DI/CE),German Kraft,All,drink,Cobalt,7,0,,,20,20,,,SPIRIT MIXERS,SPIRIT MIXERS - GK SPIRITS,single choice,no,F&S SODA WATER,25100001600,,,,3.25,,no,222295508554
PORTOBELLO VODKA,GK,SPIRITS (DI/CE),German Kraft,All,drink,Cobalt,7,0,,,20,20,,,SPIRIT MIXERS,SPIRIT MIXERS - GK SPIRITS,single choice,no,FRANKLIN & SONS COLA,25100000400,,,,3.25,,no,222295508554
PORTOBELLO VODKA,GK,SPIRITS (DI/CE),German Kraft,All,drink,Cobalt,7,0,,,20,20,,,SPIRIT MIXERS,SPIRIT MIXERS - GK SPIRITS,single choice,no,F&S LEMONADE,25100001100,,,,3.25,,no,222295508554
PORTOBELLO VODKA,GK,SPIRITS (DI/CE),German Kraft,All,drink,Cobalt,7,0,,,20,20,,,SPIRIT MIXERS,SPIRIT MIXERS - GK SPIRITS,single choice,no,F&S GINGER BEER,25100000800,,,,3.25,,no,222295508554
PORTOBELLO VODKA,GK,SPIRITS (DI/CE),German Kraft,All,drink,Cobalt,7,0,,,20,20,,,SPIRIT MIXERS,SPIRIT MIXERS - GK SPIRITS,single choice,no,F&S GINGER ALE,25100000700,,,,3.25,,no,222295508554
PORTOBELLO VODKA,GK,SPIRITS (DI/CE),German Kraft,All,drink,Cobalt,7,0,,,20,20,,,SPIRIT MIXERS,SPIRIT MIXERS - GK SPIRITS,single choice,no,F&S INDIAN TONIC,25100002000,,,,3.25,,no,222295508554
PORTOBELLO VODKA,GK,SPIRITS (DI/CE),German Kraft,All,drink,Cobalt,7,0,,,20,20,,,SPIRIT MIXERS,SPIRIT MIXERS - GK SPIRITS,single choice,no,F&S LIGHT TONIC,25100002200,,,,3.25,,no,222295508554
PORTOBELLO VODKA,GK,SPIRITS (DI/CE),German Kraft,All,drink,Cobalt,7,0,,,20,20,,,SPIRIT MIXERS,SPIRIT MIXERS - GK SPIRITS,single choice,no,F&S MALLORCAN TONIC,25100001200,,,,3.25,,no,222295508554
PORTOBELLO VODKA,GK,SPIRITS (DI/CE),German Kraft,All,drink,Cobalt,7,0,,,20,20,,,SPIRIT MIXERS,SPIRIT MIXERS - GK SPIRITS,single choice,no,F&S GRAPEFRUIT TONIC,25100000900,,,,3.25,,no,222295508554
PORTOBELLO VODKA,GK,SPIRITS (DI/CE),German Kraft,All,drink,Cobalt,7,0,,,20,20,,,SPIRIT MIXERS,SPIRIT MIXERS - GK SPIRITS,single choice,no,TWO KEYS PINK GRAPEFRUIT,25100003900,,,,3.25,,no,222295508554
PORTOBELLO VODKA,GK,SPIRITS (DI/CE),German Kraft,All,drink,Cobalt,7,0,,,20,20,,,SPIRIT MIXERS,SPIRIT MIXERS - GK SPIRITS,single choice,no,FEVERTREE AROMATIC,25100000300,,,,3.25,,no,222295508554
PORTOBELLO VODKA,GK,SPIRITS (DI/CE),German Kraft,All,drink,Cobalt,7,0,,,20,20,,,SPIRIT MIXERS,SPIRIT MIXERS - GK SPIRITS,single choice,no,FEVERTREE CUCUMBER,25100000500,,,,3.25,,no,222295508554
PORTOBELLO VODKA,GK,SPIRITS (DI/CE),German Kraft,All,drink,Cobalt,7,0,,,20,20,,,SPIRIT MIXERS,SPIRIT MIXERS - GK SPIRITS,single choice,no,FEVERTREE ELDERFLOWER,25100000600,,,,3.25,,no,222295508554
PORTOBELLO VODKA,GK,SPIRITS (DI/CE),German Kraft,All,drink,Cobalt,7,0,,,20,20,,,SPIRIT MIXERS,SPIRIT MIXERS - GK SPIRITS,single choice,no,FRITZ KOLA,GK,,,,3,,no,222295508554
PORTOBELLO VODKA,GK,SPIRITS (DI/CE),German Kraft,All,drink,Cobalt,7,0,,,20,20,,,SPIRIT MIXERS,SPIRIT MIXERS - GK SPIRITS,single choice,no,FRITZ LIMO,GK,,,,3,,no,222295508554
BLACK TOT,GK,SPIRITS (DI/CE),German Kraft,All,drink,Coral,7.5,0,,,20,20,,,MEASURE,MEASURE - GK BLACK TOT,single choice,no,SINGLE (25ML),22300000400,,,,0,,yes,222286585348
BLACK TOT,GK,SPIRITS (DI/CE),German Kraft,All,drink,Coral,7.5,0,,,20,20,,,MEASURE,MEASURE - GK BLACK TOT,single choice,no,DOUBLE (50ML),22300000408,,,,3.75,,no,222286585348
BLACK TOT,GK,SPIRITS (DI/CE),German Kraft,All,drink,Coral,7.5,0,,,20,20,,,SPIRIT MIXERS,SPIRIT MIXERS - GK SPIRITS,single choice,no,NO MIXER,GK,,,,0,,yes,222286579854
BLACK TOT,GK,SPIRITS (DI/CE),German Kraft,All,drink,Coral,7.5,0,,,20,20,,,SPIRIT MIXERS,SPIRIT MIXERS - GK SPIRITS,single choice,no,POSTMIX SODA WATER,99600000600,,,,1,,no,222286579854
BLACK TOT,GK,SPIRITS (DI/CE),German Kraft,All,drink,Coral,7.5,0,,,20,20,,,SPIRIT MIXERS,SPIRIT MIXERS - GK SPIRITS,single choice,no,DIET COLA,25200000600,,,,3.25,,no,222286579854
BLACK TOT,GK,SPIRITS (DI/CE),German Kraft,All,drink,Coral,7.5,0,,,20,20,,,SPIRIT MIXERS,SPIRIT MIXERS - GK SPIRITS,single choice,no,POSTMIX COLA,99600000100,,,,3.25,,no,222286579854
BLACK TOT,GK,SPIRITS (DI/CE),German Kraft,All,drink,Coral,7.5,0,,,20,20,,,SPIRIT MIXERS,SPIRIT MIXERS - GK SPIRITS,single choice,no,POSTMIX DIET COLA,99600000200,,,,3.25,,no,222286579854
BLACK TOT,GK,SPIRITS (DI/CE),German Kraft,All,drink,Coral,7.5,0,,,20,20,,,SPIRIT MIXERS,SPIRIT MIXERS - GK SPIRITS,single choice,no,POSTMIX LEMONADE,99600000300,,,,3.25,,no,222286579854
BLACK TOT,GK,SPIRITS (DI/CE),German Kraft,All,drink,Coral,7.5,0,,,20,20,,,SPIRIT MIXERS,SPIRIT MIXERS - GK SPIRITS,single choice,no,POSTMIX GINGER BEER,99600000700,,,,3.25,,no,222286579854
BLACK TOT,GK,SPIRITS (DI/CE),German Kraft,All,drink,Coral,7.5,0,,,20,20,,,SPIRIT MIXERS,SPIRIT MIXERS - GK SPIRITS,single choice,no,POSTMIX INDIAN TONIC,99600000400,,,,3.25,,no,222286579854
BLACK TOT,GK,SPIRITS (DI/CE),German Kraft,All,drink,Coral,7.5,0,,,20,20,,,SPIRIT MIXERS,SPIRIT MIXERS - GK SPIRITS,single choice,no,POSTMIX LIGHT TONIC,99600000500,,,,3.25,,no,222286579854
BLACK TOT,GK,SPIRITS (DI/CE),German Kraft,All,drink,Coral,7.5,0,,,20,20,,,SPIRIT MIXERS,SPIRIT MIXERS - GK SPIRITS,single choice,no,POSTMIX APPLE JUICE,99600000800,,,,3.25,,no,222286579854
BLACK TOT,GK,SPIRITS (DI/CE),German Kraft,All,drink,Coral,7.5,0,,,20,20,,,SPIRIT MIXERS,SPIRIT MIXERS - GK SPIRITS,single choice,no,POSTMIX ORANGE JUICE,99600001000,,,,3.25,,no,222286579854
BLACK TOT,GK,SPIRITS (DI/CE),German Kraft,All,drink,Coral,7.5,0,,,20,20,,,SPIRIT MIXERS,SPIRIT MIXERS - GK SPIRITS,single choice,no,POSTMIX CRANBERRY JUICE,99600000900,,,,3.25,,no,222286579854
BLACK TOT,GK,SPIRITS (DI/CE),German Kraft,All,drink,Coral,7.5,0,,,20,20,,,SPIRIT MIXERS,SPIRIT MIXERS - GK SPIRITS,single choice,no,POSTMIX PINEAPPLE JUICE,99600001100,,,,3.25,,no,222286579854
BLACK TOT,GK,SPIRITS (DI/CE),German Kraft,All,drink,Coral,7.5,0,,,20,20,,,SPIRIT MIXERS,SPIRIT MIXERS - GK SPIRITS,single choice,no,POSTMIX PINK GRAPEFRUIT JUICE,25200003900,,,,3.25,,no,222286579854
BLACK TOT,GK,SPIRITS (DI/CE),German Kraft,All,drink,Coral,7.5,0,,,20,20,,,SPIRIT MIXERS,SPIRIT MIXERS - GK SPIRITS,single choice,no,F&S SODA WATER,25100001600,,,,3.25,,no,222286579854
BLACK TOT,GK,SPIRITS (DI/CE),German Kraft,All,drink,Coral,7.5,0,,,20,20,,,SPIRIT MIXERS,SPIRIT MIXERS - GK SPIRITS,single choice,no,FRANKLIN & SONS COLA,25100000400,,,,3.25,,no,222286579854
BLACK TOT,GK,SPIRITS (DI/CE),German Kraft,All,drink,Coral,7.5,0,,,20,20,,,SPIRIT MIXERS,SPIRIT MIXERS - GK SPIRITS,single choice,no,F&S LEMONADE,25100001100,,,,3.25,,no,222286579854
BLACK TOT,GK,SPIRITS (DI/CE),German Kraft,All,drink,Coral,7.5,0,,,20,20,,,SPIRIT MIXERS,SPIRIT MIXERS - GK SPIRITS,single choice,no,F&S GINGER BEER,25100000800,,,,3.25,,no,222286579854
BLACK TOT,GK,SPIRITS (DI/CE),German Kraft,All,drink,Coral,7.5,0,,,20,20,,,SPIRIT MIXERS,SPIRIT MIXERS - GK SPIRITS,single choice,no,F&S GINGER ALE,25100000700,,,,3.25,,no,222286579854
BLACK TOT,GK,SPIRITS (DI/CE),German Kraft,All,drink,Coral,7.5,0,,,20,20,,,SPIRIT MIXERS,SPIRIT MIXERS - GK SPIRITS,single choice,no,F&S INDIAN TONIC,25100002000,,,,3.25,,no,222286579854
BLACK TOT,GK,SPIRITS (DI/CE),German Kraft,All,drink,Coral,7.5,0,,,20,20,,,SPIRIT MIXERS,SPIRIT MIXERS - GK SPIRITS,single choice,no,F&S LIGHT TONIC,25100002200,,,,3.25,,no,222286579854
BLACK TOT,GK,SPIRITS (DI/CE),German Kraft,All,drink,Coral,7.5,0,,,20,20,,,SPIRIT MIXERS,SPIRIT MIXERS - GK SPIRITS,single choice,no,F&S MALLORCAN TONIC,25100001200,,,,3.25,,no,222286579854
BLACK TOT,GK,SPIRITS (DI/CE),German Kraft,All,drink,Coral,7.5,0,,,20,20,,,SPIRIT MIXERS,SPIRIT MIXERS - GK SPIRITS,single choice,no,F&S GRAPEFRUIT TONIC,25100000900,,,,3.25,,no,222286579854
BLACK TOT,GK,SPIRITS (DI/CE),German Kraft,All,drink,Coral,7.5,0,,,20,20,,,SPIRIT MIXERS,SPIRIT MIXERS - GK SPIRITS,single choice,no,TWO KEYS PINK GRAPEFRUIT,25100003900,,,,3.25,,no,222286579854
BLACK TOT,GK,SPIRITS (DI/CE),German Kraft,All,drink,Coral,7.5,0,,,20,20,,,SPIRIT MIXERS,SPIRIT MIXERS - GK SPIRITS,single choice,no,FEVERTREE AROMATIC,25100000300,,,,3.25,,no,222286579854
BLACK TOT,GK,SPIRITS (DI/CE),German Kraft,All,drink,Coral,7.5,0,,,20,20,,,SPIRIT MIXERS,SPIRIT MIXERS - GK SPIRITS,single choice,no,FEVERTREE CUCUMBER,25100000500,,,,3.25,,no,222286579854
BLACK TOT,GK,SPIRITS (DI/CE),German Kraft,All,drink,Coral,7.5,0,,,20,20,,,SPIRIT MIXERS,SPIRIT MIXERS - GK SPIRITS,single choice,no,FEVERTREE ELDERFLOWER,25100000600,,,,3.25,,no,222286579854
BLACK TOT,GK,SPIRITS (DI/CE),German Kraft,All,drink,Coral,7.5,0,,,20,20,,,SPIRIT MIXERS,SPIRIT MIXERS - GK SPIRITS,single choice,no,FRITZ KOLA,GK,,,,3,,no,222286579854
BLACK TOT,GK,SPIRITS (DI/CE),German Kraft,All,drink,Coral,7.5,0,,,20,20,,,SPIRIT MIXERS,SPIRIT MIXERS - GK SPIRITS,single choice,no,FRITZ LIMO,GK,,,,3,,no,222286579854
CUT SPICED,GK,SPIRITS (DI/CE),German Kraft,All,drink,Coral,6.25,0,,,20,20,,,MEASURE,MEASURE - GK CUT SPICED,single choice,no,SINGLE (25ML),22300000100,,,,0,,yes,222286460348
CUT SPICED,GK,SPIRITS (DI/CE),German Kraft,All,drink,Coral,6.25,0,,,20,20,,,MEASURE,MEASURE - GK CUT SPICED,single choice,no,DOUBLE (50ML),22300000108,,,,2,,no,222286460348
CUT SPICED,GK,SPIRITS (DI/CE),German Kraft,All,drink,Coral,6.25,0,,,20,20,,,SPIRIT MIXERS,SPIRIT MIXERS - GK SPIRITS,single choice,no,NO MIXER,GK,,,,0,,yes,222286454854
CUT SPICED,GK,SPIRITS (DI/CE),German Kraft,All,drink,Coral,6.25,0,,,20,20,,,SPIRIT MIXERS,SPIRIT MIXERS - GK SPIRITS,single choice,no,POSTMIX SODA WATER,99600000600,,,,1,,no,222286454854
CUT SPICED,GK,SPIRITS (DI/CE),German Kraft,All,drink,Coral,6.25,0,,,20,20,,,SPIRIT MIXERS,SPIRIT MIXERS - GK SPIRITS,single choice,no,DIET COLA,25200000600,,,,3.25,,no,222286454854
CUT SPICED,GK,SPIRITS (DI/CE),German Kraft,All,drink,Coral,6.25,0,,,20,20,,,SPIRIT MIXERS,SPIRIT MIXERS - GK SPIRITS,single choice,no,POSTMIX COLA,99600000100,,,,3.25,,no,222286454854
CUT SPICED,GK,SPIRITS (DI/CE),German Kraft,All,drink,Coral,6.25,0,,,20,20,,,SPIRIT MIXERS,SPIRIT MIXERS - GK SPIRITS,single choice,no,POSTMIX DIET COLA,99600000200,,,,3.25,,no,222286454854
CUT SPICED,GK,SPIRITS (DI/CE),German Kraft,All,drink,Coral,6.25,0,,,20,20,,,SPIRIT MIXERS,SPIRIT MIXERS - GK SPIRITS,single choice,no,POSTMIX LEMONADE,99600000300,,,,3.25,,no,222286454854
CUT SPICED,GK,SPIRITS (DI/CE),German Kraft,All,drink,Coral,6.25,0,,,20,20,,,SPIRIT MIXERS,SPIRIT MIXERS - GK SPIRITS,single choice,no,POSTMIX GINGER BEER,99600000700,,,,3.25,,no,222286454854
CUT SPICED,GK,SPIRITS (DI/CE),German Kraft,All,drink,Coral,6.25,0,,,20,20,,,SPIRIT MIXERS,SPIRIT MIXERS - GK SPIRITS,single choice,no,POSTMIX INDIAN TONIC,99600000400,,,,3.25,,no,222286454854
CUT SPICED,GK,SPIRITS (DI/CE),German Kraft,All,drink,Coral,6.25,0,,,20,20,,,SPIRIT MIXERS,SPIRIT MIXERS - GK SPIRITS,single choice,no,POSTMIX LIGHT TONIC,99600000500,,,,3.25,,no,222286454854
CUT SPICED,GK,SPIRITS (DI/CE),German Kraft,All,drink,Coral,6.25,0,,,20,20,,,SPIRIT MIXERS,SPIRIT MIXERS - GK SPIRITS,single choice,no,POSTMIX APPLE JUICE,99600000800,,,,3.25,,no,222286454854
CUT SPICED,GK,SPIRITS (DI/CE),German Kraft,All,drink,Coral,6.25,0,,,20,20,,,SPIRIT MIXERS,SPIRIT MIXERS - GK SPIRITS,single choice,no,POSTMIX ORANGE JUICE,99600001000,,,,3.25,,no,222286454854
CUT SPICED,GK,SPIRITS (DI/CE),German Kraft,All,drink,Coral,6.25,0,,,20,20,,,SPIRIT MIXERS,SPIRIT MIXERS - GK SPIRITS,single choice,no,POSTMIX CRANBERRY JUICE,99600000900,,,,3.25,,no,222286454854
CUT SPICED,GK,SPIRITS (DI/CE),German Kraft,All,drink,Coral,6.25,0,,,20,20,,,SPIRIT MIXERS,SPIRIT MIXERS - GK SPIRITS,single choice,no,POSTMIX PINEAPPLE JUICE,99600001100,,,,3.25,,no,222286454854
CUT SPICED,GK,SPIRITS (DI/CE),German Kraft,All,drink,Coral,6.25,0,,,20,20,,,SPIRIT MIXERS,SPIRIT MIXERS - GK SPIRITS,single choice,no,POSTMIX PINK GRAPEFRUIT JUICE,25200003900,,,,3.25,,no,222286454854
CUT SPICED,GK,SPIRITS (DI/CE),German Kraft,All,drink,Coral,6.25,0,,,20,20,,,SPIRIT MIXERS,SPIRIT MIXERS - GK SPIRITS,single choice,no,F&S SODA WATER,25100001600,,,,3.25,,no,222286454854
CUT SPICED,GK,SPIRITS (DI/CE),German Kraft,All,drink,Coral,6.25,0,,,20,20,,,SPIRIT MIXERS,SPIRIT MIXERS - GK SPIRITS,single choice,no,FRANKLIN & SONS COLA,25100000400,,,,3.25,,no,222286454854
CUT SPICED,GK,SPIRITS (DI/CE),German Kraft,All,drink,Coral,6.25,0,,,20,20,,,SPIRIT MIXERS,SPIRIT MIXERS - GK SPIRITS,single choice,no,F&S LEMONADE,25100001100,,,,3.25,,no,222286454854
CUT SPICED,GK,SPIRITS (DI/CE),German Kraft,All,drink,Coral,6.25,0,,,20,20,,,SPIRIT MIXERS,SPIRIT MIXERS - GK SPIRITS,single choice,no,F&S GINGER BEER,25100000800,,,,3.25,,no,222286454854
CUT SPICED,GK,SPIRITS (DI/CE),German Kraft,All,drink,Coral,6.25,0,,,20,20,,,SPIRIT MIXERS,SPIRIT MIXERS - GK SPIRITS,single choice,no,F&S GINGER ALE,25100000700,,,,3.25,,no,222286454854
CUT SPICED,GK,SPIRITS (DI/CE),German Kraft,All,drink,Coral,6.25,0,,,20,20,,,SPIRIT MIXERS,SPIRIT MIXERS - GK SPIRITS,single choice,no,F&S INDIAN TONIC,25100002000,,,,3.25,,no,222286454854
CUT SPICED,GK,SPIRITS (DI/CE),German Kraft,All,drink,Coral,6.25,0,,,20,20,,,SPIRIT MIXERS,SPIRIT MIXERS - GK SPIRITS,single choice,no,F&S LIGHT TONIC,25100002200,,,,3.25,,no,222286454854
CUT SPICED,GK,SPIRITS (DI/CE),German Kraft,All,drink,Coral,6.25,0,,,20,20,,,SPIRIT MIXERS,SPIRIT MIXERS - GK SPIRITS,single choice,no,F&S MALLORCAN TONIC,25100001200,,,,3.25,,no,222286454854
CUT SPICED,GK,SPIRITS (DI/CE),German Kraft,All,drink,Coral,6.25,0,,,20,20,,,SPIRIT MIXERS,SPIRIT MIXERS - GK SPIRITS,single choice,no,F&S GRAPEFRUIT TONIC,25100000900,,,,3.25,,no,222286454854
CUT SPICED,GK,SPIRITS (DI/CE),German Kraft,All,drink,Coral,6.25,0,,,20,20,,,SPIRIT MIXERS,SPIRIT MIXERS - GK SPIRITS,single choice,no,TWO KEYS PINK GRAPEFRUIT,25100003900,,,,3.25,,no,222286454854
CUT SPICED,GK,SPIRITS (DI/CE),German Kraft,All,drink,Coral,6.25,0,,,20,20,,,SPIRIT MIXERS,SPIRIT MIXERS - GK SPIRITS,single choice,no,FEVERTREE AROMATIC,25100000300,,,,3.25,,no,222286454854
CUT SPICED,GK,SPIRITS (DI/CE),German Kraft,All,drink,Coral,6.25,0,,,20,20,,,SPIRIT MIXERS,SPIRIT MIXERS - GK SPIRITS,single choice,no,FEVERTREE CUCUMBER,25100000500,,,,3.25,,no,222286454854
CUT SPICED,GK,SPIRITS (DI/CE),German Kraft,All,drink,Coral,6.25,0,,,20,20,,,SPIRIT MIXERS,SPIRIT MIXERS - GK SPIRITS,single choice,no,FEVERTREE ELDERFLOWER,25100000600,,,,3.25,,no,222286454854
CUT SPICED,GK,SPIRITS (DI/CE),German Kraft,All,drink,Coral,6.25,0,,,20,20,,,SPIRIT MIXERS,SPIRIT MIXERS - GK SPIRITS,single choice,no,FRITZ KOLA,GK,,,,3,,no,222286454854
CUT SPICED,GK,SPIRITS (DI/CE),German Kraft,All,drink,Coral,6.25,0,,,20,20,,,SPIRIT MIXERS,SPIRIT MIXERS - GK SPIRITS,single choice,no,FRITZ LIMO,GK,,,,3,,no,222286454854
J&T DARK RUM,GK,SPIRITS (DI/CE),German Kraft,All,drink,Coral,6,0,,,20,20,,,MEASURE,MEASURE - GK J&T DARK RUM,single choice,no,SINGLE (25ML),22300001200,,,,0,,yes,222286108848
J&T DARK RUM,GK,SPIRITS (DI/CE),German Kraft,All,drink,Coral,6,0,,,20,20,,,MEASURE,MEASURE - GK J&T DARK RUM,single choice,no,DOUBLE (50ML),22300001208,,,,2.25,,no,222286108848
J&T DARK RUM,GK,SPIRITS (DI/CE),German Kraft,All,drink,Coral,6,0,,,20,20,,,SPIRIT MIXERS,SPIRIT MIXERS - GK SPIRITS,single choice,no,NO MIXER,GK,,,,0,,yes,222286103354
J&T DARK RUM,GK,SPIRITS (DI/CE),German Kraft,All,drink,Coral,6,0,,,20,20,,,SPIRIT MIXERS,SPIRIT MIXERS - GK SPIRITS,single choice,no,POSTMIX SODA WATER,99600000600,,,,1,,no,222286103354
J&T DARK RUM,GK,SPIRITS (DI/CE),German Kraft,All,drink,Coral,6,0,,,20,20,,,SPIRIT MIXERS,SPIRIT MIXERS - GK SPIRITS,single choice,no,DIET COLA,25200000600,,,,3.25,,no,222286103354
J&T DARK RUM,GK,SPIRITS (DI/CE),German Kraft,All,drink,Coral,6,0,,,20,20,,,SPIRIT MIXERS,SPIRIT MIXERS - GK SPIRITS,single choice,no,POSTMIX COLA,99600000100,,,,3.25,,no,222286103354
J&T DARK RUM,GK,SPIRITS (DI/CE),German Kraft,All,drink,Coral,6,0,,,20,20,,,SPIRIT MIXERS,SPIRIT MIXERS - GK SPIRITS,single choice,no,POSTMIX DIET COLA,99600000200,,,,3.25,,no,222286103354
J&T DARK RUM,GK,SPIRITS (DI/CE),German Kraft,All,drink,Coral,6,0,,,20,20,,,SPIRIT MIXERS,SPIRIT MIXERS - GK SPIRITS,single choice,no,POSTMIX LEMONADE,99600000300,,,,3.25,,no,222286103354
J&T DARK RUM,GK,SPIRITS (DI/CE),German Kraft,All,drink,Coral,6,0,,,20,20,,,SPIRIT MIXERS,SPIRIT MIXERS - GK SPIRITS,single choice,no,POSTMIX GINGER BEER,99600000700,,,,3.25,,no,222286103354
J&T DARK RUM,GK,SPIRITS (DI/CE),German Kraft,All,drink,Coral,6,0,,,20,20,,,SPIRIT MIXERS,SPIRIT MIXERS - GK SPIRITS,single choice,no,POSTMIX INDIAN TONIC,99600000400,,,,3.25,,no,222286103354
J&T DARK RUM,GK,SPIRITS (DI/CE),German Kraft,All,drink,Coral,6,0,,,20,20,,,SPIRIT MIXERS,SPIRIT MIXERS - GK SPIRITS,single choice,no,POSTMIX LIGHT TONIC,99600000500,,,,3.25,,no,222286103354
J&T DARK RUM,GK,SPIRITS (DI/CE),German Kraft,All,drink,Coral,6,0,,,20,20,,,SPIRIT MIXERS,SPIRIT MIXERS - GK SPIRITS,single choice,no,POSTMIX APPLE JUICE,99600000800,,,,3.25,,no,222286103354
J&T DARK RUM,GK,SPIRITS (DI/CE),German Kraft,All,drink,Coral,6,0,,,20,20,,,SPIRIT MIXERS,SPIRIT MIXERS - GK SPIRITS,single choice,no,POSTMIX ORANGE JUICE,99600001000,,,,3.25,,no,222286103354
J&T DARK RUM,GK,SPIRITS (DI/CE),German Kraft,All,drink,Coral,6,0,,,20,20,,,SPIRIT MIXERS,SPIRIT MIXERS - GK SPIRITS,single choice,no,POSTMIX CRANBERRY JUICE,99600000900,,,,3.25,,no,222286103354
J&T DARK RUM,GK,SPIRITS (DI/CE),German Kraft,All,drink,Coral,6,0,,,20,20,,,SPIRIT MIXERS,SPIRIT MIXERS - GK SPIRITS,single choice,no,POSTMIX PINEAPPLE JUICE,99600001100,,,,3.25,,no,222286103354
J&T DARK RUM,GK,SPIRITS (DI/CE),German Kraft,All,drink,Coral,6,0,,,20,20,,,SPIRIT MIXERS,SPIRIT MIXERS - GK SPIRITS,single choice,no,POSTMIX PINK GRAPEFRUIT JUICE,25200003900,,,,3.25,,no,222286103354
J&T DARK RUM,GK,SPIRITS (DI/CE),German Kraft,All,drink,Coral,6,0,,,20,20,,,SPIRIT MIXERS,SPIRIT MIXERS - GK SPIRITS,single choice,no,F&S SODA WATER,25100001600,,,,3.25,,no,222286103354
J&T DARK RUM,GK,SPIRITS (DI/CE),German Kraft,All,drink,Coral,6,0,,,20,20,,,SPIRIT MIXERS,SPIRIT MIXERS - GK SPIRITS,single choice,no,FRANKLIN & SONS COLA,25100000400,,,,3.25,,no,222286103354
J&T DARK RUM,GK,SPIRITS (DI/CE),German Kraft,All,drink,Coral,6,0,,,20,20,,,SPIRIT MIXERS,SPIRIT MIXERS - GK SPIRITS,single choice,no,F&S LEMONADE,25100001100,,,,3.25,,no,222286103354
J&T DARK RUM,GK,SPIRITS (DI/CE),German Kraft,All,drink,Coral,6,0,,,20,20,,,SPIRIT MIXERS,SPIRIT MIXERS - GK SPIRITS,single choice,no,F&S GINGER BEER,25100000800,,,,3.25,,no,222286103354
J&T DARK RUM,GK,SPIRITS (DI/CE),German Kraft,All,drink,Coral,6,0,,,20,20,,,SPIRIT MIXERS,SPIRIT MIXERS - GK SPIRITS,single choice,no,F&S GINGER ALE,25100000700,,,,3.25,,no,222286103354
J&T DARK RUM,GK,SPIRITS (DI/CE),German Kraft,All,drink,Coral,6,0,,,20,20,,,SPIRIT MIXERS,SPIRIT MIXERS - GK SPIRITS,single choice,no,F&S INDIAN TONIC,25100002000,,,,3.25,,no,222286103354
J&T DARK RUM,GK,SPIRITS (DI/CE),German Kraft,All,drink,Coral,6,0,,,20,20,,,SPIRIT MIXERS,SPIRIT MIXERS - GK SPIRITS,single choice,no,F&S LIGHT TONIC,25100002200,,,,3.25,,no,222286103354
J&T DARK RUM,GK,SPIRITS (DI/CE),German Kraft,All,drink,Coral,6,0,,,20,20,,,SPIRIT MIXERS,SPIRIT MIXERS - GK SPIRITS,single choice,no,F&S MALLORCAN TONIC,25100001200,,,,3.25,,no,222286103354
J&T DARK RUM,GK,SPIRITS (DI/CE),German Kraft,All,drink,Coral,6,0,,,20,20,,,SPIRIT MIXERS,SPIRIT MIXERS - GK SPIRITS,single choice,no,F&S GRAPEFRUIT TONIC,25100000900,,,,3.25,,no,222286103354
J&T DARK RUM,GK,SPIRITS (DI/CE),German Kraft,All,drink,Coral,6,0,,,20,20,,,SPIRIT MIXERS,SPIRIT MIXERS - GK SPIRITS,single choice,no,TWO KEYS PINK GRAPEFRUIT,25100003900,,,,3.25,,no,222286103354
J&T DARK RUM,GK,SPIRITS (DI/CE),German Kraft,All,drink,Coral,6,0,,,20,20,,,SPIRIT MIXERS,SPIRIT MIXERS - GK SPIRITS,single choice,no,FEVERTREE AROMATIC,25100000300,,,,3.25,,no,222286103354
J&T DARK RUM,GK,SPIRITS (DI/CE),German Kraft,All,drink,Coral,6,0,,,20,20,,,SPIRIT MIXERS,SPIRIT MIXERS - GK SPIRITS,single choice,no,FEVERTREE CUCUMBER,25100000500,,,,3.25,,no,222286103354
J&T DARK RUM,GK,SPIRITS (DI/CE),German Kraft,All,drink,Coral,6,0,,,20,20,,,SPIRIT MIXERS,SPIRIT MIXERS - GK SPIRITS,single choice,no,FEVERTREE ELDERFLOWER,25100000600,,,,3.25,,no,222286103354
J&T DARK RUM,GK,SPIRITS (DI/CE),German Kraft,All,drink,Coral,6,0,,,20,20,,,SPIRIT MIXERS,SPIRIT MIXERS - GK SPIRITS,single choice,no,FRITZ KOLA,GK,,,,3,,no,222286103354
J&T DARK RUM,GK,SPIRITS (DI/CE),German Kraft,All,drink,Coral,6,0,,,20,20,,,SPIRIT MIXERS,SPIRIT MIXERS - GK SPIRITS,single choice,no,FRITZ LIMO,GK,,,,3,,no,222286103354
PLANTATION 3 STARS,GK,SPIRITS (DI/CE),German Kraft,All,drink,Coral,6.25,0,,,20,20,,,MEASURE,MEASURE - GK PLANTATION 3 STARS,single choice,no,SINGLE (25ML),22300004000,,,,0,,yes,222285901648
PLANTATION 3 STARS,GK,SPIRITS (DI/CE),German Kraft,All,drink,Coral,6.25,0,,,20,20,,,MEASURE,MEASURE - GK PLANTATION 3 STARS,single choice,no,DOUBLE (50ML),22300004008,,,,2,,no,222285901648
PLANTATION 3 STARS,GK,SPIRITS (DI/CE),German Kraft,All,drink,Coral,6.25,0,,,20,20,,,SPIRIT MIXERS,SPIRIT MIXERS - GK SPIRITS,single choice,no,NO MIXER,GK,,,,0,,yes,222285896154
PLANTATION 3 STARS,GK,SPIRITS (DI/CE),German Kraft,All,drink,Coral,6.25,0,,,20,20,,,SPIRIT MIXERS,SPIRIT MIXERS - GK SPIRITS,single choice,no,POSTMIX SODA WATER,99600000600,,,,1,,no,222285896154
PLANTATION 3 STARS,GK,SPIRITS (DI/CE),German Kraft,All,drink,Coral,6.25,0,,,20,20,,,SPIRIT MIXERS,SPIRIT MIXERS - GK SPIRITS,single choice,no,DIET COLA,25200000600,,,,3.25,,no,222285896154
PLANTATION 3 STARS,GK,SPIRITS (DI/CE),German Kraft,All,drink,Coral,6.25,0,,,20,20,,,SPIRIT MIXERS,SPIRIT MIXERS - GK SPIRITS,single choice,no,POSTMIX COLA,99600000100,,,,3.25,,no,222285896154
PLANTATION 3 STARS,GK,SPIRITS (DI/CE),German Kraft,All,drink,Coral,6.25,0,,,20,20,,,SPIRIT MIXERS,SPIRIT MIXERS - GK SPIRITS,single choice,no,POSTMIX DIET COLA,99600000200,,,,3.25,,no,222285896154
PLANTATION 3 STARS,GK,SPIRITS (DI/CE),German Kraft,All,drink,Coral,6.25,0,,,20,20,,,SPIRIT MIXERS,SPIRIT MIXERS - GK SPIRITS,single choice,no,POSTMIX LEMONADE,99600000300,,,,3.25,,no,222285896154
PLANTATION 3 STARS,GK,SPIRITS (DI/CE),German Kraft,All,drink,Coral,6.25,0,,,20,20,,,SPIRIT MIXERS,SPIRIT MIXERS - GK SPIRITS,single choice,no,POSTMIX GINGER BEER,99600000700,,,,3.25,,no,222285896154
PLANTATION 3 STARS,GK,SPIRITS (DI/CE),German Kraft,All,drink,Coral,6.25,0,,,20,20,,,SPIRIT MIXERS,SPIRIT MIXERS - GK SPIRITS,single choice,no,POSTMIX INDIAN TONIC,99600000400,,,,3.25,,no,222285896154
PLANTATION 3 STARS,GK,SPIRITS (DI/CE),German Kraft,All,drink,Coral,6.25,0,,,20,20,,,SPIRIT MIXERS,SPIRIT MIXERS - GK SPIRITS,single choice,no,POSTMIX LIGHT TONIC,99600000500,,,,3.25,,no,222285896154
PLANTATION 3 STARS,GK,SPIRITS (DI/CE),German Kraft,All,drink,Coral,6.25,0,,,20,20,,,SPIRIT MIXERS,SPIRIT MIXERS - GK SPIRITS,single choice,no,POSTMIX APPLE JUICE,99600000800,,,,3.25,,no,222285896154
PLANTATION 3 STARS,GK,SPIRITS (DI/CE),German Kraft,All,drink,Coral,6.25,0,,,20,20,,,SPIRIT MIXERS,SPIRIT MIXERS - GK SPIRITS,single choice,no,POSTMIX ORANGE JUICE,99600001000,,,,3.25,,no,222285896154
PLANTATION 3 STARS,GK,SPIRITS (DI/CE),German Kraft,All,drink,Coral,6.25,0,,,20,20,,,SPIRIT MIXERS,SPIRIT MIXERS - GK SPIRITS,single choice,no,POSTMIX CRANBERRY JUICE,99600000900,,,,3.25,,no,222285896154
PLANTATION 3 STARS,GK,SPIRITS (DI/CE),German Kraft,All,drink,Coral,6.25,0,,,20,20,,,SPIRIT MIXERS,SPIRIT MIXERS - GK SPIRITS,single choice,no,POSTMIX PINEAPPLE JUICE,99600001100,,,,3.25,,no,222285896154
PLANTATION 3 STARS,GK,SPIRITS (DI/CE),German Kraft,All,drink,Coral,6.25,0,,,20,20,,,SPIRIT MIXERS,SPIRIT MIXERS - GK SPIRITS,single choice,no,POSTMIX PINK GRAPEFRUIT JUICE,25200003900,,,,3.25,,no,222285896154
PLANTATION 3 STARS,GK,SPIRITS (DI/CE),German Kraft,All,drink,Coral,6.25,0,,,20,20,,,SPIRIT MIXERS,SPIRIT MIXERS - GK SPIRITS,single choice,no,F&S SODA WATER,25100001600,,,,3.25,,no,222285896154
PLANTATION 3 STARS,GK,SPIRITS (DI/CE),German Kraft,All,drink,Coral,6.25,0,,,20,20,,,SPIRIT MIXERS,SPIRIT MIXERS - GK SPIRITS,single choice,no,FRANKLIN & SONS COLA,25100000400,,,,3.25,,no,222285896154
PLANTATION 3 STARS,GK,SPIRITS (DI/CE),German Kraft,All,drink,Coral,6.25,0,,,20,20,,,SPIRIT MIXERS,SPIRIT MIXERS - GK SPIRITS,single choice,no,F&S LEMONADE,25100001100,,,,3.25,,no,222285896154
PLANTATION 3 STARS,GK,SPIRITS (DI/CE),German Kraft,All,drink,Coral,6.25,0,,,20,20,,,SPIRIT MIXERS,SPIRIT MIXERS - GK SPIRITS,single choice,no,F&S GINGER BEER,25100000800,,,,3.25,,no,222285896154
PLANTATION 3 STARS,GK,SPIRITS (DI/CE),German Kraft,All,drink,Coral,6.25,0,,,20,20,,,SPIRIT MIXERS,SPIRIT MIXERS - GK SPIRITS,single choice,no,F&S GINGER ALE,25100000700,,,,3.25,,no,222285896154
PLANTATION 3 STARS,GK,SPIRITS (DI/CE),German Kraft,All,drink,Coral,6.25,0,,,20,20,,,SPIRIT MIXERS,SPIRIT MIXERS - GK SPIRITS,single choice,no,F&S INDIAN TONIC,25100002000,,,,3.25,,no,222285896154
PLANTATION 3 STARS,GK,SPIRITS (DI/CE),German Kraft,All,drink,Coral,6.25,0,,,20,20,,,SPIRIT MIXERS,SPIRIT MIXERS - GK SPIRITS,single choice,no,F&S LIGHT TONIC,25100002200,,,,3.25,,no,222285896154
PLANTATION 3 STARS,GK,SPIRITS (DI/CE),German Kraft,All,drink,Coral,6.25,0,,,20,20,,,SPIRIT MIXERS,SPIRIT MIXERS - GK SPIRITS,single choice,no,F&S MALLORCAN TONIC,25100001200,,,,3.25,,no,222285896154
PLANTATION 3 STARS,GK,SPIRITS (DI/CE),German Kraft,All,drink,Coral,6.25,0,,,20,20,,,SPIRIT MIXERS,SPIRIT MIXERS - GK SPIRITS,single choice,no,F&S GRAPEFRUIT TONIC,25100000900,,,,3.25,,no,222285896154
PLANTATION 3 STARS,GK,SPIRITS (DI/CE),German Kraft,All,drink,Coral,6.25,0,,,20,20,,,SPIRIT MIXERS,SPIRIT MIXERS - GK SPIRITS,single choice,no,TWO KEYS PINK GRAPEFRUIT,25100003900,,,,3.25,,no,222285896154
PLANTATION 3 STARS,GK,SPIRITS (DI/CE),German Kraft,All,drink,Coral,6.25,0,,,20,20,,,SPIRIT MIXERS,SPIRIT MIXERS - GK SPIRITS,single choice,no,FEVERTREE AROMATIC,25100000300,,,,3.25,,no,222285896154
PLANTATION 3 STARS,GK,SPIRITS (DI/CE),German Kraft,All,drink,Coral,6.25,0,,,20,20,,,SPIRIT MIXERS,SPIRIT MIXERS - GK SPIRITS,single choice,no,FEVERTREE CUCUMBER,25100000500,,,,3.25,,no,222285896154
PLANTATION 3 STARS,GK,SPIRITS (DI/CE),German Kraft,All,drink,Coral,6.25,0,,,20,20,,,SPIRIT MIXERS,SPIRIT MIXERS - GK SPIRITS,single choice,no,FEVERTREE ELDERFLOWER,25100000600,,,,3.25,,no,222285896154
PLANTATION 3 STARS,GK,SPIRITS (DI/CE),German Kraft,All,drink,Coral,6.25,0,,,20,20,,,SPIRIT MIXERS,SPIRIT MIXERS - GK SPIRITS,single choice,no,FRITZ KOLA,GK,,,,3,,no,222285896154
PLANTATION 3 STARS,GK,SPIRITS (DI/CE),German Kraft,All,drink,Coral,6.25,0,,,20,20,,,SPIRIT MIXERS,SPIRIT MIXERS - GK SPIRITS,single choice,no,FRITZ LIMO,GK,,,,3,,no,222285896154
RUMBAR OVERPROOF,GK,SPIRITS (DI/CE),German Kraft,All,drink,Coral,7,0,,,20,20,,,MEASURE,MEASURE - GK RUMBAR OVERPROOF,single choice,no,SINGLE (25ML),22300000700,,,,0,,yes,222285799048
RUMBAR OVERPROOF,GK,SPIRITS (DI/CE),German Kraft,All,drink,Coral,7,0,,,20,20,,,MEASURE,MEASURE - GK RUMBAR OVERPROOF,single choice,no,DOUBLE (50ML),22300000708,,,,3.5,,no,222285799048
RUMBAR OVERPROOF,GK,SPIRITS (DI/CE),German Kraft,All,drink,Coral,7,0,,,20,20,,,SPIRIT MIXERS,SPIRIT MIXERS - GK SPIRITS,single choice,no,NO MIXER,GK,,,,0,,yes,222285793554
RUMBAR OVERPROOF,GK,SPIRITS (DI/CE),German Kraft,All,drink,Coral,7,0,,,20,20,,,SPIRIT MIXERS,SPIRIT MIXERS - GK SPIRITS,single choice,no,POSTMIX SODA WATER,99600000600,,,,1,,no,222285793554
RUMBAR OVERPROOF,GK,SPIRITS (DI/CE),German Kraft,All,drink,Coral,7,0,,,20,20,,,SPIRIT MIXERS,SPIRIT MIXERS - GK SPIRITS,single choice,no,DIET COLA,25200000600,,,,3.25,,no,222285793554
RUMBAR OVERPROOF,GK,SPIRITS (DI/CE),German Kraft,All,drink,Coral,7,0,,,20,20,,,SPIRIT MIXERS,SPIRIT MIXERS - GK SPIRITS,single choice,no,POSTMIX COLA,99600000100,,,,3.25,,no,222285793554
RUMBAR OVERPROOF,GK,SPIRITS (DI/CE),German Kraft,All,drink,Coral,7,0,,,20,20,,,SPIRIT MIXERS,SPIRIT MIXERS - GK SPIRITS,single choice,no,POSTMIX DIET COLA,99600000200,,,,3.25,,no,222285793554
RUMBAR OVERPROOF,GK,SPIRITS (DI/CE),German Kraft,All,drink,Coral,7,0,,,20,20,,,SPIRIT MIXERS,SPIRIT MIXERS - GK SPIRITS,single choice,no,POSTMIX LEMONADE,99600000300,,,,3.25,,no,222285793554
RUMBAR OVERPROOF,GK,SPIRITS (DI/CE),German Kraft,All,drink,Coral,7,0,,,20,20,,,SPIRIT MIXERS,SPIRIT MIXERS - GK SPIRITS,single choice,no,POSTMIX GINGER BEER,99600000700,,,,3.25,,no,222285793554
RUMBAR OVERPROOF,GK,SPIRITS (DI/CE),German Kraft,All,drink,Coral,7,0,,,20,20,,,SPIRIT MIXERS,SPIRIT MIXERS - GK SPIRITS,single choice,no,POSTMIX INDIAN TONIC,99600000400,,,,3.25,,no,222285793554
RUMBAR OVERPROOF,GK,SPIRITS (DI/CE),German Kraft,All,drink,Coral,7,0,,,20,20,,,SPIRIT MIXERS,SPIRIT MIXERS - GK SPIRITS,single choice,no,POSTMIX LIGHT TONIC,99600000500,,,,3.25,,no,222285793554
RUMBAR OVERPROOF,GK,SPIRITS (DI/CE),German Kraft,All,drink,Coral,7,0,,,20,20,,,SPIRIT MIXERS,SPIRIT MIXERS - GK SPIRITS,single choice,no,POSTMIX APPLE JUICE,99600000800,,,,3.25,,no,222285793554
RUMBAR OVERPROOF,GK,SPIRITS (DI/CE),German Kraft,All,drink,Coral,7,0,,,20,20,,,SPIRIT MIXERS,SPIRIT MIXERS - GK SPIRITS,single choice,no,POSTMIX ORANGE JUICE,99600001000,,,,3.25,,no,222285793554
RUMBAR OVERPROOF,GK,SPIRITS (DI/CE),German Kraft,All,drink,Coral,7,0,,,20,20,,,SPIRIT MIXERS,SPIRIT MIXERS - GK SPIRITS,single choice,no,POSTMIX CRANBERRY JUICE,99600000900,,,,3.25,,no,222285793554
RUMBAR OVERPROOF,GK,SPIRITS (DI/CE),German Kraft,All,drink,Coral,7,0,,,20,20,,,SPIRIT MIXERS,SPIRIT MIXERS - GK SPIRITS,single choice,no,POSTMIX PINEAPPLE JUICE,99600001100,,,,3.25,,no,222285793554
RUMBAR OVERPROOF,GK,SPIRITS (DI/CE),German Kraft,All,drink,Coral,7,0,,,20,20,,,SPIRIT MIXERS,SPIRIT MIXERS - GK SPIRITS,single choice,no,POSTMIX PINK GRAPEFRUIT JUICE,25200003900,,,,3.25,,no,222285793554
RUMBAR OVERPROOF,GK,SPIRITS (DI/CE),German Kraft,All,drink,Coral,7,0,,,20,20,,,SPIRIT MIXERS,SPIRIT MIXERS - GK SPIRITS,single choice,no,F&S SODA WATER,25100001600,,,,3.25,,no,222285793554
RUMBAR OVERPROOF,GK,SPIRITS (DI/CE),German Kraft,All,drink,Coral,7,0,,,20,20,,,SPIRIT MIXERS,SPIRIT MIXERS - GK SPIRITS,single choice,no,FRANKLIN & SONS COLA,25100000400,,,,3.25,,no,222285793554
RUMBAR OVERPROOF,GK,SPIRITS (DI/CE),German Kraft,All,drink,Coral,7,0,,,20,20,,,SPIRIT MIXERS,SPIRIT MIXERS - GK SPIRITS,single choice,no,F&S LEMONADE,25100001100,,,,3.25,,no,222285793554
RUMBAR OVERPROOF,GK,SPIRITS (DI/CE),German Kraft,All,drink,Coral,7,0,,,20,20,,,SPIRIT MIXERS,SPIRIT MIXERS - GK SPIRITS,single choice,no,F&S GINGER BEER,25100000800,,,,3.25,,no,222285793554
RUMBAR OVERPROOF,GK,SPIRITS (DI/CE),German Kraft,All,drink,Coral,7,0,,,20,20,,,SPIRIT MIXERS,SPIRIT MIXERS - GK SPIRITS,single choice,no,F&S GINGER ALE,25100000700,,,,3.25,,no,222285793554
RUMBAR OVERPROOF,GK,SPIRITS (DI/CE),German Kraft,All,drink,Coral,7,0,,,20,20,,,SPIRIT MIXERS,SPIRIT MIXERS - GK SPIRITS,single choice,no,F&S INDIAN TONIC,25100002000,,,,3.25,,no,222285793554
RUMBAR OVERPROOF,GK,SPIRITS (DI/CE),German Kraft,All,drink,Coral,7,0,,,20,20,,,SPIRIT MIXERS,SPIRIT MIXERS - GK SPIRITS,single choice,no,F&S LIGHT TONIC,25100002200,,,,3.25,,no,222285793554
RUMBAR OVERPROOF,GK,SPIRITS (DI/CE),German Kraft,All,drink,Coral,7,0,,,20,20,,,SPIRIT MIXERS,SPIRIT MIXERS - GK SPIRITS,single choice,no,F&S MALLORCAN TONIC,25100001200,,,,3.25,,no,222285793554
RUMBAR OVERPROOF,GK,SPIRITS (DI/CE),German Kraft,All,drink,Coral,7,0,,,20,20,,,SPIRIT MIXERS,SPIRIT MIXERS - GK SPIRITS,single choice,no,F&S GRAPEFRUIT TONIC,25100000900,,,,3.25,,no,222285793554
RUMBAR OVERPROOF,GK,SPIRITS (DI/CE),German Kraft,All,drink,Coral,7,0,,,20,20,,,SPIRIT MIXERS,SPIRIT MIXERS - GK SPIRITS,single choice,no,TWO KEYS PINK GRAPEFRUIT,25100003900,,,,3.25,,no,222285793554
RUMBAR OVERPROOF,GK,SPIRITS (DI/CE),German Kraft,All,drink,Coral,7,0,,,20,20,,,SPIRIT MIXERS,SPIRIT MIXERS - GK SPIRITS,single choice,no,FEVERTREE AROMATIC,25100000300,,,,3.25,,no,222285793554
RUMBAR OVERPROOF,GK,SPIRITS (DI/CE),German Kraft,All,drink,Coral,7,0,,,20,20,,,SPIRIT MIXERS,SPIRIT MIXERS - GK SPIRITS,single choice,no,FEVERTREE CUCUMBER,25100000500,,,,3.25,,no,222285793554
RUMBAR OVERPROOF,GK,SPIRITS (DI/CE),German Kraft,All,drink,Coral,7,0,,,20,20,,,SPIRIT MIXERS,SPIRIT MIXERS - GK SPIRITS,single choice,no,FEVERTREE ELDERFLOWER,25100000600,,,,3.25,,no,222285793554
RUMBAR OVERPROOF,GK,SPIRITS (DI/CE),German Kraft,All,drink,Coral,7,0,,,20,20,,,SPIRIT MIXERS,SPIRIT MIXERS - GK SPIRITS,single choice,no,FRITZ KOLA,GK,,,,3,,no,222285793554
RUMBAR OVERPROOF,GK,SPIRITS (DI/CE),German Kraft,All,drink,Coral,7,0,,,20,20,,,SPIRIT MIXERS,SPIRIT MIXERS - GK SPIRITS,single choice,no,FRITZ LIMO,GK,,,,3,,no,222285793554
WESTERHALL NO. 10,GK,SPIRITS (DI/CE),German Kraft,All,drink,Coral,7.2,0,,,20,20,,,MEASURE,MEASURE - GK WESTERHALL NO. 10,single choice,no,SINGLE (25ML),22300002200,,,,0,,yes,222285513748
WESTERHALL NO. 10,GK,SPIRITS (DI/CE),German Kraft,All,drink,Coral,7.2,0,,,20,20,,,MEASURE,MEASURE - GK WESTERHALL NO. 10,single choice,no,DOUBLE (50ML),22300002208,,,,3.6,,no,222285513748
WESTERHALL NO. 10,GK,SPIRITS (DI/CE),German Kraft,All,drink,Coral,7.2,0,,,20,20,,,SPIRIT MIXERS,SPIRIT MIXERS - GK SPIRITS,single choice,no,NO MIXER,GK,,,,0,,yes,222285508254
WESTERHALL NO. 10,GK,SPIRITS (DI/CE),German Kraft,All,drink,Coral,7.2,0,,,20,20,,,SPIRIT MIXERS,SPIRIT MIXERS - GK SPIRITS,single choice,no,POSTMIX SODA WATER,99600000600,,,,1,,no,222285508254
WESTERHALL NO. 10,GK,SPIRITS (DI/CE),German Kraft,All,drink,Coral,7.2,0,,,20,20,,,SPIRIT MIXERS,SPIRIT MIXERS - GK SPIRITS,single choice,no,DIET COLA,25200000600,,,,3.25,,no,222285508254
WESTERHALL NO. 10,GK,SPIRITS (DI/CE),German Kraft,All,drink,Coral,7.2,0,,,20,20,,,SPIRIT MIXERS,SPIRIT MIXERS - GK SPIRITS,single choice,no,POSTMIX COLA,99600000100,,,,3.25,,no,222285508254
WESTERHALL NO. 10,GK,SPIRITS (DI/CE),German Kraft,All,drink,Coral,7.2,0,,,20,20,,,SPIRIT MIXERS,SPIRIT MIXERS - GK SPIRITS,single choice,no,POSTMIX DIET COLA,99600000200,,,,3.25,,no,222285508254
WESTERHALL NO. 10,GK,SPIRITS (DI/CE),German Kraft,All,drink,Coral,7.2,0,,,20,20,,,SPIRIT MIXERS,SPIRIT MIXERS - GK SPIRITS,single choice,no,POSTMIX LEMONADE,99600000300,,,,3.25,,no,222285508254
WESTERHALL NO. 10,GK,SPIRITS (DI/CE),German Kraft,All,drink,Coral,7.2,0,,,20,20,,,SPIRIT MIXERS,SPIRIT MIXERS - GK SPIRITS,single choice,no,POSTMIX GINGER BEER,99600000700,,,,3.25,,no,222285508254
WESTERHALL NO. 10,GK,SPIRITS (DI/CE),German Kraft,All,drink,Coral,7.2,0,,,20,20,,,SPIRIT MIXERS,SPIRIT MIXERS - GK SPIRITS,single choice,no,POSTMIX INDIAN TONIC,99600000400,,,,3.25,,no,222285508254
WESTERHALL NO. 10,GK,SPIRITS (DI/CE),German Kraft,All,drink,Coral,7.2,0,,,20,20,,,SPIRIT MIXERS,SPIRIT MIXERS - GK SPIRITS,single choice,no,POSTMIX LIGHT TONIC,99600000500,,,,3.25,,no,222285508254
WESTERHALL NO. 10,GK,SPIRITS (DI/CE),German Kraft,All,drink,Coral,7.2,0,,,20,20,,,SPIRIT MIXERS,SPIRIT MIXERS - GK SPIRITS,single choice,no,POSTMIX APPLE JUICE,99600000800,,,,3.25,,no,222285508254
WESTERHALL NO. 10,GK,SPIRITS (DI/CE),German Kraft,All,drink,Coral,7.2,0,,,20,20,,,SPIRIT MIXERS,SPIRIT MIXERS - GK SPIRITS,single choice,no,POSTMIX ORANGE JUICE,99600001000,,,,3.25,,no,222285508254
WESTERHALL NO. 10,GK,SPIRITS (DI/CE),German Kraft,All,drink,Coral,7.2,0,,,20,20,,,SPIRIT MIXERS,SPIRIT MIXERS - GK SPIRITS,single choice,no,POSTMIX CRANBERRY JUICE,99600000900,,,,3.25,,no,222285508254
WESTERHALL NO. 10,GK,SPIRITS (DI/CE),German Kraft,All,drink,Coral,7.2,0,,,20,20,,,SPIRIT MIXERS,SPIRIT MIXERS - GK SPIRITS,single choice,no,POSTMIX PINEAPPLE JUICE,99600001100,,,,3.25,,no,222285508254
WESTERHALL NO. 10,GK,SPIRITS (DI/CE),German Kraft,All,drink,Coral,7.2,0,,,20,20,,,SPIRIT MIXERS,SPIRIT MIXERS - GK SPIRITS,single choice,no,POSTMIX PINK GRAPEFRUIT JUICE,25200003900,,,,3.25,,no,222285508254
WESTERHALL NO. 10,GK,SPIRITS (DI/CE),German Kraft,All,drink,Coral,7.2,0,,,20,20,,,SPIRIT MIXERS,SPIRIT MIXERS - GK SPIRITS,single choice,no,F&S SODA WATER,25100001600,,,,3.25,,no,222285508254
WESTERHALL NO. 10,GK,SPIRITS (DI/CE),German Kraft,All,drink,Coral,7.2,0,,,20,20,,,SPIRIT MIXERS,SPIRIT MIXERS - GK SPIRITS,single choice,no,FRANKLIN & SONS COLA,25100000400,,,,3.25,,no,222285508254
WESTERHALL NO. 10,GK,SPIRITS (DI/CE),German Kraft,All,drink,Coral,7.2,0,,,20,20,,,SPIRIT MIXERS,SPIRIT MIXERS - GK SPIRITS,single choice,no,F&S LEMONADE,25100001100,,,,3.25,,no,222285508254
WESTERHALL NO. 10,GK,SPIRITS (DI/CE),German Kraft,All,drink,Coral,7.2,0,,,20,20,,,SPIRIT MIXERS,SPIRIT MIXERS - GK SPIRITS,single choice,no,F&S GINGER BEER,25100000800,,,,3.25,,no,222285508254
WESTERHALL NO. 10,GK,SPIRITS (DI/CE),German Kraft,All,drink,Coral,7.2,0,,,20,20,,,SPIRIT MIXERS,SPIRIT MIXERS - GK SPIRITS,single choice,no,F&S GINGER ALE,25100000700,,,,3.25,,no,222285508254
WESTERHALL NO. 10,GK,SPIRITS (DI/CE),German Kraft,All,drink,Coral,7.2,0,,,20,20,,,SPIRIT MIXERS,SPIRIT MIXERS - GK SPIRITS,single choice,no,F&S INDIAN TONIC,25100002000,,,,3.25,,no,222285508254
WESTERHALL NO. 10,GK,SPIRITS (DI/CE),German Kraft,All,drink,Coral,7.2,0,,,20,20,,,SPIRIT MIXERS,SPIRIT MIXERS - GK SPIRITS,single choice,no,F&S LIGHT TONIC,25100002200,,,,3.25,,no,222285508254
WESTERHALL NO. 10,GK,SPIRITS (DI/CE),German Kraft,All,drink,Coral,7.2,0,,,20,20,,,SPIRIT MIXERS,SPIRIT MIXERS - GK SPIRITS,single choice,no,F&S MALLORCAN TONIC,25100001200,,,,3.25,,no,222285508254
WESTERHALL NO. 10,GK,SPIRITS (DI/CE),German Kraft,All,drink,Coral,7.2,0,,,20,20,,,SPIRIT MIXERS,SPIRIT MIXERS - GK SPIRITS,single choice,no,F&S GRAPEFRUIT TONIC,25100000900,,,,3.25,,no,222285508254
WESTERHALL NO. 10,GK,SPIRITS (DI/CE),German Kraft,All,drink,Coral,7.2,0,,,20,20,,,SPIRIT MIXERS,SPIRIT MIXERS - GK SPIRITS,single choice,no,TWO KEYS PINK GRAPEFRUIT,25100003900,,,,3.25,,no,222285508254
WESTERHALL NO. 10,GK,SPIRITS (DI/CE),German Kraft,All,drink,Coral,7.2,0,,,20,20,,,SPIRIT MIXERS,SPIRIT MIXERS - GK SPIRITS,single choice,no,FEVERTREE AROMATIC,25100000300,,,,3.25,,no,222285508254
WESTERHALL NO. 10,GK,SPIRITS (DI/CE),German Kraft,All,drink,Coral,7.2,0,,,20,20,,,SPIRIT MIXERS,SPIRIT MIXERS - GK SPIRITS,single choice,no,FEVERTREE CUCUMBER,25100000500,,,,3.25,,no,222285508254
WESTERHALL NO. 10,GK,SPIRITS (DI/CE),German Kraft,All,drink,Coral,7.2,0,,,20,20,,,SPIRIT MIXERS,SPIRIT MIXERS - GK SPIRITS,single choice,no,FEVERTREE ELDERFLOWER,25100000600,,,,3.25,,no,222285508254
WESTERHALL NO. 10,GK,SPIRITS (DI/CE),German Kraft,All,drink,Coral,7.2,0,,,20,20,,,SPIRIT MIXERS,SPIRIT MIXERS - GK SPIRITS,single choice,no,FRITZ KOLA,GK,,,,3,,no,222285508254
WESTERHALL NO. 10,GK,SPIRITS (DI/CE),German Kraft,All,drink,Coral,7.2,0,,,20,20,,,SPIRIT MIXERS,SPIRIT MIXERS - GK SPIRITS,single choice,no,FRITZ LIMO,GK,,,,3,,no,222285508254
BENCHMARK,GK,SPIRITS (DI/CE),German Kraft,All,drink,Sunrise,6.5,0,,,20,20,,,MEASURE,MEASURE - GK BENCHMARK,single choice,no,SINGLE (25ML),22400002800,,,,0,,yes,222277771348
BENCHMARK,GK,SPIRITS (DI/CE),German Kraft,All,drink,Sunrise,6.5,0,,,20,20,,,MEASURE,MEASURE - GK BENCHMARK,single choice,no,DOUBLE (50ML),22400002808,,,,2,,no,222277771348
BENCHMARK,GK,SPIRITS (DI/CE),German Kraft,All,drink,Sunrise,6.5,0,,,20,20,,,SPIRIT MIXERS,SPIRIT MIXERS - GK SPIRITS,single choice,no,NO MIXER,GK,,,,0,,yes,222277765854
BENCHMARK,GK,SPIRITS (DI/CE),German Kraft,All,drink,Sunrise,6.5,0,,,20,20,,,SPIRIT MIXERS,SPIRIT MIXERS - GK SPIRITS,single choice,no,POSTMIX SODA WATER,99600000600,,,,1,,no,222277765854
BENCHMARK,GK,SPIRITS (DI/CE),German Kraft,All,drink,Sunrise,6.5,0,,,20,20,,,SPIRIT MIXERS,SPIRIT MIXERS - GK SPIRITS,single choice,no,DIET COLA,25200000600,,,,3.25,,no,222277765854
BENCHMARK,GK,SPIRITS (DI/CE),German Kraft,All,drink,Sunrise,6.5,0,,,20,20,,,SPIRIT MIXERS,SPIRIT MIXERS - GK SPIRITS,single choice,no,POSTMIX COLA,99600000100,,,,3.25,,no,222277765854
BENCHMARK,GK,SPIRITS (DI/CE),German Kraft,All,drink,Sunrise,6.5,0,,,20,20,,,SPIRIT MIXERS,SPIRIT MIXERS - GK SPIRITS,single choice,no,POSTMIX DIET COLA,99600000200,,,,3.25,,no,222277765854
BENCHMARK,GK,SPIRITS (DI/CE),German Kraft,All,drink,Sunrise,6.5,0,,,20,20,,,SPIRIT MIXERS,SPIRIT MIXERS - GK SPIRITS,single choice,no,POSTMIX LEMONADE,99600000300,,,,3.25,,no,222277765854
BENCHMARK,GK,SPIRITS (DI/CE),German Kraft,All,drink,Sunrise,6.5,0,,,20,20,,,SPIRIT MIXERS,SPIRIT MIXERS - GK SPIRITS,single choice,no,POSTMIX GINGER BEER,99600000700,,,,3.25,,no,222277765854
BENCHMARK,GK,SPIRITS (DI/CE),German Kraft,All,drink,Sunrise,6.5,0,,,20,20,,,SPIRIT MIXERS,SPIRIT MIXERS - GK SPIRITS,single choice,no,POSTMIX INDIAN TONIC,99600000400,,,,3.25,,no,222277765854
BENCHMARK,GK,SPIRITS (DI/CE),German Kraft,All,drink,Sunrise,6.5,0,,,20,20,,,SPIRIT MIXERS,SPIRIT MIXERS - GK SPIRITS,single choice,no,POSTMIX LIGHT TONIC,99600000500,,,,3.25,,no,222277765854
BENCHMARK,GK,SPIRITS (DI/CE),German Kraft,All,drink,Sunrise,6.5,0,,,20,20,,,SPIRIT MIXERS,SPIRIT MIXERS - GK SPIRITS,single choice,no,POSTMIX APPLE JUICE,99600000800,,,,3.25,,no,222277765854
BENCHMARK,GK,SPIRITS (DI/CE),German Kraft,All,drink,Sunrise,6.5,0,,,20,20,,,SPIRIT MIXERS,SPIRIT MIXERS - GK SPIRITS,single choice,no,POSTMIX ORANGE JUICE,99600001000,,,,3.25,,no,222277765854
BENCHMARK,GK,SPIRITS (DI/CE),German Kraft,All,drink,Sunrise,6.5,0,,,20,20,,,SPIRIT MIXERS,SPIRIT MIXERS - GK SPIRITS,single choice,no,POSTMIX CRANBERRY JUICE,99600000900,,,,3.25,,no,222277765854
BENCHMARK,GK,SPIRITS (DI/CE),German Kraft,All,drink,Sunrise,6.5,0,,,20,20,,,SPIRIT MIXERS,SPIRIT MIXERS - GK SPIRITS,single choice,no,POSTMIX PINEAPPLE JUICE,99600001100,,,,3.25,,no,222277765854
BENCHMARK,GK,SPIRITS (DI/CE),German Kraft,All,drink,Sunrise,6.5,0,,,20,20,,,SPIRIT MIXERS,SPIRIT MIXERS - GK SPIRITS,single choice,no,POSTMIX PINK GRAPEFRUIT JUICE,25200003900,,,,3.25,,no,222277765854
BENCHMARK,GK,SPIRITS (DI/CE),German Kraft,All,drink,Sunrise,6.5,0,,,20,20,,,SPIRIT MIXERS,SPIRIT MIXERS - GK SPIRITS,single choice,no,F&S SODA WATER,25100001600,,,,3.25,,no,222277765854
BENCHMARK,GK,SPIRITS (DI/CE),German Kraft,All,drink,Sunrise,6.5,0,,,20,20,,,SPIRIT MIXERS,SPIRIT MIXERS - GK SPIRITS,single choice,no,FRANKLIN & SONS COLA,25100000400,,,,3.25,,no,222277765854
BENCHMARK,GK,SPIRITS (DI/CE),German Kraft,All,drink,Sunrise,6.5,0,,,20,20,,,SPIRIT MIXERS,SPIRIT MIXERS - GK SPIRITS,single choice,no,F&S LEMONADE,25100001100,,,,3.25,,no,222277765854
BENCHMARK,GK,SPIRITS (DI/CE),German Kraft,All,drink,Sunrise,6.5,0,,,20,20,,,SPIRIT MIXERS,SPIRIT MIXERS - GK SPIRITS,single choice,no,F&S GINGER BEER,25100000800,,,,3.25,,no,222277765854
BENCHMARK,GK,SPIRITS (DI/CE),German Kraft,All,drink,Sunrise,6.5,0,,,20,20,,,SPIRIT MIXERS,SPIRIT MIXERS - GK SPIRITS,single choice,no,F&S GINGER ALE,25100000700,,,,3.25,,no,222277765854
BENCHMARK,GK,SPIRITS (DI/CE),German Kraft,All,drink,Sunrise,6.5,0,,,20,20,,,SPIRIT MIXERS,SPIRIT MIXERS - GK SPIRITS,single choice,no,F&S INDIAN TONIC,25100002000,,,,3.25,,no,222277765854
BENCHMARK,GK,SPIRITS (DI/CE),German Kraft,All,drink,Sunrise,6.5,0,,,20,20,,,SPIRIT MIXERS,SPIRIT MIXERS - GK SPIRITS,single choice,no,F&S LIGHT TONIC,25100002200,,,,3.25,,no,222277765854
BENCHMARK,GK,SPIRITS (DI/CE),German Kraft,All,drink,Sunrise,6.5,0,,,20,20,,,SPIRIT MIXERS,SPIRIT MIXERS - GK SPIRITS,single choice,no,F&S MALLORCAN TONIC,25100001200,,,,3.25,,no,222277765854
BENCHMARK,GK,SPIRITS (DI/CE),German Kraft,All,drink,Sunrise,6.5,0,,,20,20,,,SPIRIT MIXERS,SPIRIT MIXERS - GK SPIRITS,single choice,no,F&S GRAPEFRUIT TONIC,25100000900,,,,3.25,,no,222277765854
BENCHMARK,GK,SPIRITS (DI/CE),German Kraft,All,drink,Sunrise,6.5,0,,,20,20,,,SPIRIT MIXERS,SPIRIT MIXERS - GK SPIRITS,single choice,no,TWO KEYS PINK GRAPEFRUIT,25100003900,,,,3.25,,no,222277765854
BENCHMARK,GK,SPIRITS (DI/CE),German Kraft,All,drink,Sunrise,6.5,0,,,20,20,,,SPIRIT MIXERS,SPIRIT MIXERS - GK SPIRITS,single choice,no,FEVERTREE AROMATIC,25100000300,,,,3.25,,no,222277765854
BENCHMARK,GK,SPIRITS (DI/CE),German Kraft,All,drink,Sunrise,6.5,0,,,20,20,,,SPIRIT MIXERS,SPIRIT MIXERS - GK SPIRITS,single choice,no,FEVERTREE CUCUMBER,25100000500,,,,3.25,,no,222277765854
BENCHMARK,GK,SPIRITS (DI/CE),German Kraft,All,drink,Sunrise,6.5,0,,,20,20,,,SPIRIT MIXERS,SPIRIT MIXERS - GK SPIRITS,single choice,no,FEVERTREE ELDERFLOWER,25100000600,,,,3.25,,no,222277765854
BENCHMARK,GK,SPIRITS (DI/CE),German Kraft,All,drink,Sunrise,6.5,0,,,20,20,,,SPIRIT MIXERS,SPIRIT MIXERS - GK SPIRITS,single choice,no,FRITZ KOLA,GK,,,,3,,no,222277765854
BENCHMARK,GK,SPIRITS (DI/CE),German Kraft,All,drink,Sunrise,6.5,0,,,20,20,,,SPIRIT MIXERS,SPIRIT MIXERS - GK SPIRITS,single choice,no,FRITZ LIMO,GK,,,,3,,no,222277765854
COMPASS BOX,GK,SPIRITS (DI/CE),German Kraft,All,drink,Sunrise,7.2,0,,,20,20,,,MEASURE,MEASURE - GK COMPASS BOX,single choice,no,SINGLE (25ML),22400000100,,,,0,,yes,222277648848
COMPASS BOX,GK,SPIRITS (DI/CE),German Kraft,All,drink,Sunrise,7.2,0,,,20,20,,,MEASURE,MEASURE - GK COMPASS BOX,single choice,no,DOUBLE (50ML),22400000108,,,,3,,no,222277648848
COMPASS BOX,GK,SPIRITS (DI/CE),German Kraft,All,drink,Sunrise,7.2,0,,,20,20,,,SPIRIT MIXERS,SPIRIT MIXERS - GK SPIRITS,single choice,no,NO MIXER,GK,,,,0,,yes,222277643354
COMPASS BOX,GK,SPIRITS (DI/CE),German Kraft,All,drink,Sunrise,7.2,0,,,20,20,,,SPIRIT MIXERS,SPIRIT MIXERS - GK SPIRITS,single choice,no,POSTMIX SODA WATER,99600000600,,,,1,,no,222277643354
COMPASS BOX,GK,SPIRITS (DI/CE),German Kraft,All,drink,Sunrise,7.2,0,,,20,20,,,SPIRIT MIXERS,SPIRIT MIXERS - GK SPIRITS,single choice,no,DIET COLA,25200000600,,,,3.25,,no,222277643354
COMPASS BOX,GK,SPIRITS (DI/CE),German Kraft,All,drink,Sunrise,7.2,0,,,20,20,,,SPIRIT MIXERS,SPIRIT MIXERS - GK SPIRITS,single choice,no,POSTMIX COLA,99600000100,,,,3.25,,no,222277643354
COMPASS BOX,GK,SPIRITS (DI/CE),German Kraft,All,drink,Sunrise,7.2,0,,,20,20,,,SPIRIT MIXERS,SPIRIT MIXERS - GK SPIRITS,single choice,no,POSTMIX DIET COLA,99600000200,,,,3.25,,no,222277643354
COMPASS BOX,GK,SPIRITS (DI/CE),German Kraft,All,drink,Sunrise,7.2,0,,,20,20,,,SPIRIT MIXERS,SPIRIT MIXERS - GK SPIRITS,single choice,no,POSTMIX LEMONADE,99600000300,,,,3.25,,no,222277643354
COMPASS BOX,GK,SPIRITS (DI/CE),German Kraft,All,drink,Sunrise,7.2,0,,,20,20,,,SPIRIT MIXERS,SPIRIT MIXERS - GK SPIRITS,single choice,no,POSTMIX GINGER BEER,99600000700,,,,3.25,,no,222277643354
COMPASS BOX,GK,SPIRITS (DI/CE),German Kraft,All,drink,Sunrise,7.2,0,,,20,20,,,SPIRIT MIXERS,SPIRIT MIXERS - GK SPIRITS,single choice,no,POSTMIX INDIAN TONIC,99600000400,,,,3.25,,no,222277643354
COMPASS BOX,GK,SPIRITS (DI/CE),German Kraft,All,drink,Sunrise,7.2,0,,,20,20,,,SPIRIT MIXERS,SPIRIT MIXERS - GK SPIRITS,single choice,no,POSTMIX LIGHT TONIC,99600000500,,,,3.25,,no,222277643354
COMPASS BOX,GK,SPIRITS (DI/CE),German Kraft,All,drink,Sunrise,7.2,0,,,20,20,,,SPIRIT MIXERS,SPIRIT MIXERS - GK SPIRITS,single choice,no,POSTMIX APPLE JUICE,99600000800,,,,3.25,,no,222277643354
COMPASS BOX,GK,SPIRITS (DI/CE),German Kraft,All,drink,Sunrise,7.2,0,,,20,20,,,SPIRIT MIXERS,SPIRIT MIXERS - GK SPIRITS,single choice,no,POSTMIX ORANGE JUICE,99600001000,,,,3.25,,no,222277643354
COMPASS BOX,GK,SPIRITS (DI/CE),German Kraft,All,drink,Sunrise,7.2,0,,,20,20,,,SPIRIT MIXERS,SPIRIT MIXERS - GK SPIRITS,single choice,no,POSTMIX CRANBERRY JUICE,99600000900,,,,3.25,,no,222277643354
COMPASS BOX,GK,SPIRITS (DI/CE),German Kraft,All,drink,Sunrise,7.2,0,,,20,20,,,SPIRIT MIXERS,SPIRIT MIXERS - GK SPIRITS,single choice,no,POSTMIX PINEAPPLE JUICE,99600001100,,,,3.25,,no,222277643354
COMPASS BOX,GK,SPIRITS (DI/CE),German Kraft,All,drink,Sunrise,7.2,0,,,20,20,,,SPIRIT MIXERS,SPIRIT MIXERS - GK SPIRITS,single choice,no,POSTMIX PINK GRAPEFRUIT JUICE,25200003900,,,,3.25,,no,222277643354
COMPASS BOX,GK,SPIRITS (DI/CE),German Kraft,All,drink,Sunrise,7.2,0,,,20,20,,,SPIRIT MIXERS,SPIRIT MIXERS - GK SPIRITS,single choice,no,F&S SODA WATER,25100001600,,,,3.25,,no,222277643354
COMPASS BOX,GK,SPIRITS (DI/CE),German Kraft,All,drink,Sunrise,7.2,0,,,20,20,,,SPIRIT MIXERS,SPIRIT MIXERS - GK SPIRITS,single choice,no,FRANKLIN & SONS COLA,25100000400,,,,3.25,,no,222277643354
COMPASS BOX,GK,SPIRITS (DI/CE),German Kraft,All,drink,Sunrise,7.2,0,,,20,20,,,SPIRIT MIXERS,SPIRIT MIXERS - GK SPIRITS,single choice,no,F&S LEMONADE,25100001100,,,,3.25,,no,222277643354
COMPASS BOX,GK,SPIRITS (DI/CE),German Kraft,All,drink,Sunrise,7.2,0,,,20,20,,,SPIRIT MIXERS,SPIRIT MIXERS - GK SPIRITS,single choice,no,F&S GINGER BEER,25100000800,,,,3.25,,no,222277643354
COMPASS BOX,GK,SPIRITS (DI/CE),German Kraft,All,drink,Sunrise,7.2,0,,,20,20,,,SPIRIT MIXERS,SPIRIT MIXERS - GK SPIRITS,single choice,no,F&S GINGER ALE,25100000700,,,,3.25,,no,222277643354
COMPASS BOX,GK,SPIRITS (DI/CE),German Kraft,All,drink,Sunrise,7.2,0,,,20,20,,,SPIRIT MIXERS,SPIRIT MIXERS - GK SPIRITS,single choice,no,F&S INDIAN TONIC,25100002000,,,,3.25,,no,222277643354
COMPASS BOX,GK,SPIRITS (DI/CE),German Kraft,All,drink,Sunrise,7.2,0,,,20,20,,,SPIRIT MIXERS,SPIRIT MIXERS - GK SPIRITS,single choice,no,F&S LIGHT TONIC,25100002200,,,,3.25,,no,222277643354
COMPASS BOX,GK,SPIRITS (DI/CE),German Kraft,All,drink,Sunrise,7.2,0,,,20,20,,,SPIRIT MIXERS,SPIRIT MIXERS - GK SPIRITS,single choice,no,F&S MALLORCAN TONIC,25100001200,,,,3.25,,no,222277643354
COMPASS BOX,GK,SPIRITS (DI/CE),German Kraft,All,drink,Sunrise,7.2,0,,,20,20,,,SPIRIT MIXERS,SPIRIT MIXERS - GK SPIRITS,single choice,no,F&S GRAPEFRUIT TONIC,25100000900,,,,3.25,,no,222277643354
COMPASS BOX,GK,SPIRITS (DI/CE),German Kraft,All,drink,Sunrise,7.2,0,,,20,20,,,SPIRIT MIXERS,SPIRIT MIXERS - GK SPIRITS,single choice,no,TWO KEYS PINK GRAPEFRUIT,25100003900,,,,3.25,,no,222277643354
COMPASS BOX,GK,SPIRITS (DI/CE),German Kraft,All,drink,Sunrise,7.2,0,,,20,20,,,SPIRIT MIXERS,SPIRIT MIXERS - GK SPIRITS,single choice,no,FEVERTREE AROMATIC,25100000300,,,,3.25,,no,222277643354
COMPASS BOX,GK,SPIRITS (DI/CE),German Kraft,All,drink,Sunrise,7.2,0,,,20,20,,,SPIRIT MIXERS,SPIRIT MIXERS - GK SPIRITS,single choice,no,FEVERTREE CUCUMBER,25100000500,,,,3.25,,no,222277643354
COMPASS BOX,GK,SPIRITS (DI/CE),German Kraft,All,drink,Sunrise,7.2,0,,,20,20,,,SPIRIT MIXERS,SPIRIT MIXERS - GK SPIRITS,single choice,no,FEVERTREE ELDERFLOWER,25100000600,,,,3.25,,no,222277643354
COMPASS BOX,GK,SPIRITS (DI/CE),German Kraft,All,drink,Sunrise,7.2,0,,,20,20,,,SPIRIT MIXERS,SPIRIT MIXERS - GK SPIRITS,single choice,no,FRITZ KOLA,GK,,,,3,,no,222277643354
COMPASS BOX,GK,SPIRITS (DI/CE),German Kraft,All,drink,Sunrise,7.2,0,,,20,20,,,SPIRIT MIXERS,SPIRIT MIXERS - GK SPIRITS,single choice,no,FRITZ LIMO,GK,,,,3,,no,222277643354
GLENTURRET TRIPLE WOOD,GK,SPIRITS (DI/CE),German Kraft,All,drink,Sunrise,7.5,0,,,20,20,,,MEASURE,MEASURE - GK GLENTURRET TPL WOOD,single choice,no,SINGLE (25ML),22400000400,,,,0,,yes,222277344348
GLENTURRET TRIPLE WOOD,GK,SPIRITS (DI/CE),German Kraft,All,drink,Sunrise,7.5,0,,,20,20,,,MEASURE,MEASURE - GK GLENTURRET TPL WOOD,single choice,no,DOUBLE (50ML),22400000408,,,,4.5,,no,222277344348
GLENTURRET TRIPLE WOOD,GK,SPIRITS (DI/CE),German Kraft,All,drink,Sunrise,7.5,0,,,20,20,,,SPIRIT MIXERS,SPIRIT MIXERS - GK SPIRITS,single choice,no,NO MIXER,GK,,,,0,,yes,222277338854
GLENTURRET TRIPLE WOOD,GK,SPIRITS (DI/CE),German Kraft,All,drink,Sunrise,7.5,0,,,20,20,,,SPIRIT MIXERS,SPIRIT MIXERS - GK SPIRITS,single choice,no,POSTMIX SODA WATER,99600000600,,,,1,,no,222277338854
GLENTURRET TRIPLE WOOD,GK,SPIRITS (DI/CE),German Kraft,All,drink,Sunrise,7.5,0,,,20,20,,,SPIRIT MIXERS,SPIRIT MIXERS - GK SPIRITS,single choice,no,DIET COLA,25200000600,,,,3.25,,no,222277338854
GLENTURRET TRIPLE WOOD,GK,SPIRITS (DI/CE),German Kraft,All,drink,Sunrise,7.5,0,,,20,20,,,SPIRIT MIXERS,SPIRIT MIXERS - GK SPIRITS,single choice,no,POSTMIX COLA,99600000100,,,,3.25,,no,222277338854
GLENTURRET TRIPLE WOOD,GK,SPIRITS (DI/CE),German Kraft,All,drink,Sunrise,7.5,0,,,20,20,,,SPIRIT MIXERS,SPIRIT MIXERS - GK SPIRITS,single choice,no,POSTMIX DIET COLA,99600000200,,,,3.25,,no,222277338854
GLENTURRET TRIPLE WOOD,GK,SPIRITS (DI/CE),German Kraft,All,drink,Sunrise,7.5,0,,,20,20,,,SPIRIT MIXERS,SPIRIT MIXERS - GK SPIRITS,single choice,no,POSTMIX LEMONADE,99600000300,,,,3.25,,no,222277338854
GLENTURRET TRIPLE WOOD,GK,SPIRITS (DI/CE),German Kraft,All,drink,Sunrise,7.5,0,,,20,20,,,SPIRIT MIXERS,SPIRIT MIXERS - GK SPIRITS,single choice,no,POSTMIX GINGER BEER,99600000700,,,,3.25,,no,222277338854
GLENTURRET TRIPLE WOOD,GK,SPIRITS (DI/CE),German Kraft,All,drink,Sunrise,7.5,0,,,20,20,,,SPIRIT MIXERS,SPIRIT MIXERS - GK SPIRITS,single choice,no,POSTMIX INDIAN TONIC,99600000400,,,,3.25,,no,222277338854
GLENTURRET TRIPLE WOOD,GK,SPIRITS (DI/CE),German Kraft,All,drink,Sunrise,7.5,0,,,20,20,,,SPIRIT MIXERS,SPIRIT MIXERS - GK SPIRITS,single choice,no,POSTMIX LIGHT TONIC,99600000500,,,,3.25,,no,222277338854
GLENTURRET TRIPLE WOOD,GK,SPIRITS (DI/CE),German Kraft,All,drink,Sunrise,7.5,0,,,20,20,,,SPIRIT MIXERS,SPIRIT MIXERS - GK SPIRITS,single choice,no,POSTMIX APPLE JUICE,99600000800,,,,3.25,,no,222277338854
GLENTURRET TRIPLE WOOD,GK,SPIRITS (DI/CE),German Kraft,All,drink,Sunrise,7.5,0,,,20,20,,,SPIRIT MIXERS,SPIRIT MIXERS - GK SPIRITS,single choice,no,POSTMIX ORANGE JUICE,99600001000,,,,3.25,,no,222277338854
GLENTURRET TRIPLE WOOD,GK,SPIRITS (DI/CE),German Kraft,All,drink,Sunrise,7.5,0,,,20,20,,,SPIRIT MIXERS,SPIRIT MIXERS - GK SPIRITS,single choice,no,POSTMIX CRANBERRY JUICE,99600000900,,,,3.25,,no,222277338854
GLENTURRET TRIPLE WOOD,GK,SPIRITS (DI/CE),German Kraft,All,drink,Sunrise,7.5,0,,,20,20,,,SPIRIT MIXERS,SPIRIT MIXERS - GK SPIRITS,single choice,no,POSTMIX PINEAPPLE JUICE,99600001100,,,,3.25,,no,222277338854
GLENTURRET TRIPLE WOOD,GK,SPIRITS (DI/CE),German Kraft,All,drink,Sunrise,7.5,0,,,20,20,,,SPIRIT MIXERS,SPIRIT MIXERS - GK SPIRITS,single choice,no,POSTMIX PINK GRAPEFRUIT JUICE,25200003900,,,,3.25,,no,222277338854
GLENTURRET TRIPLE WOOD,GK,SPIRITS (DI/CE),German Kraft,All,drink,Sunrise,7.5,0,,,20,20,,,SPIRIT MIXERS,SPIRIT MIXERS - GK SPIRITS,single choice,no,F&S SODA WATER,25100001600,,,,3.25,,no,222277338854
GLENTURRET TRIPLE WOOD,GK,SPIRITS (DI/CE),German Kraft,All,drink,Sunrise,7.5,0,,,20,20,,,SPIRIT MIXERS,SPIRIT MIXERS - GK SPIRITS,single choice,no,FRANKLIN & SONS COLA,25100000400,,,,3.25,,no,222277338854
GLENTURRET TRIPLE WOOD,GK,SPIRITS (DI/CE),German Kraft,All,drink,Sunrise,7.5,0,,,20,20,,,SPIRIT MIXERS,SPIRIT MIXERS - GK SPIRITS,single choice,no,F&S LEMONADE,25100001100,,,,3.25,,no,222277338854
GLENTURRET TRIPLE WOOD,GK,SPIRITS (DI/CE),German Kraft,All,drink,Sunrise,7.5,0,,,20,20,,,SPIRIT MIXERS,SPIRIT MIXERS - GK SPIRITS,single choice,no,F&S GINGER BEER,25100000800,,,,3.25,,no,222277338854
GLENTURRET TRIPLE WOOD,GK,SPIRITS (DI/CE),German Kraft,All,drink,Sunrise,7.5,0,,,20,20,,,SPIRIT MIXERS,SPIRIT MIXERS - GK SPIRITS,single choice,no,F&S GINGER ALE,25100000700,,,,3.25,,no,222277338854
GLENTURRET TRIPLE WOOD,GK,SPIRITS (DI/CE),German Kraft,All,drink,Sunrise,7.5,0,,,20,20,,,SPIRIT MIXERS,SPIRIT MIXERS - GK SPIRITS,single choice,no,F&S INDIAN TONIC,25100002000,,,,3.25,,no,222277338854
GLENTURRET TRIPLE WOOD,GK,SPIRITS (DI/CE),German Kraft,All,drink,Sunrise,7.5,0,,,20,20,,,SPIRIT MIXERS,SPIRIT MIXERS - GK SPIRITS,single choice,no,F&S LIGHT TONIC,25100002200,,,,3.25,,no,222277338854
GLENTURRET TRIPLE WOOD,GK,SPIRITS (DI/CE),German Kraft,All,drink,Sunrise,7.5,0,,,20,20,,,SPIRIT MIXERS,SPIRIT MIXERS - GK SPIRITS,single choice,no,F&S MALLORCAN TONIC,25100001200,,,,3.25,,no,222277338854
GLENTURRET TRIPLE WOOD,GK,SPIRITS (DI/CE),German Kraft,All,drink,Sunrise,7.5,0,,,20,20,,,SPIRIT MIXERS,SPIRIT MIXERS - GK SPIRITS,single choice,no,F&S GRAPEFRUIT TONIC,25100000900,,,,3.25,,no,222277338854
GLENTURRET TRIPLE WOOD,GK,SPIRITS (DI/CE),German Kraft,All,drink,Sunrise,7.5,0,,,20,20,,,SPIRIT MIXERS,SPIRIT MIXERS - GK SPIRITS,single choice,no,TWO KEYS PINK GRAPEFRUIT,25100003900,,,,3.25,,no,222277338854
GLENTURRET TRIPLE WOOD,GK,SPIRITS (DI/CE),German Kraft,All,drink,Sunrise,7.5,0,,,20,20,,,SPIRIT MIXERS,SPIRIT MIXERS - GK SPIRITS,single choice,no,FEVERTREE AROMATIC,25100000300,,,,3.25,,no,222277338854
GLENTURRET TRIPLE WOOD,GK,SPIRITS (DI/CE),German Kraft,All,drink,Sunrise,7.5,0,,,20,20,,,SPIRIT MIXERS,SPIRIT MIXERS - GK SPIRITS,single choice,no,FEVERTREE CUCUMBER,25100000500,,,,3.25,,no,222277338854
GLENTURRET TRIPLE WOOD,GK,SPIRITS (DI/CE),German Kraft,All,drink,Sunrise,7.5,0,,,20,20,,,SPIRIT MIXERS,SPIRIT MIXERS - GK SPIRITS,single choice,no,FEVERTREE ELDERFLOWER,25100000600,,,,3.25,,no,222277338854
GLENTURRET TRIPLE WOOD,GK,SPIRITS (DI/CE),German Kraft,All,drink,Sunrise,7.5,0,,,20,20,,,SPIRIT MIXERS,SPIRIT MIXERS - GK SPIRITS,single choice,no,FRITZ KOLA,GK,,,,3,,no,222277338854
GLENTURRET TRIPLE WOOD,GK,SPIRITS (DI/CE),German Kraft,All,drink,Sunrise,7.5,0,,,20,20,,,SPIRIT MIXERS,SPIRIT MIXERS - GK SPIRITS,single choice,no,FRITZ LIMO,GK,,,,3,,no,222277338854
J&T MAPLE WHISKY,GK,SPIRITS (DI/CE),German Kraft,All,drink,Sunrise,6.25,0,,,20,20,,,MEASURE,MEASURE - GK J&T MAPLE WHISKY,single choice,no,SINGLE (25ML),22400005300,,,,0,,yes,222277266648
J&T MAPLE WHISKY,GK,SPIRITS (DI/CE),German Kraft,All,drink,Sunrise,6.25,0,,,20,20,,,MEASURE,MEASURE - GK J&T MAPLE WHISKY,single choice,no,DOUBLE (50ML),22400005308,,,,3,,no,222277266648
J&T MAPLE WHISKY,GK,SPIRITS (DI/CE),German Kraft,All,drink,Sunrise,6.25,0,,,20,20,,,SPIRIT MIXERS,SPIRIT MIXERS - GK SPIRITS,single choice,no,NO MIXER,GK,,,,0,,yes,222277261154
J&T MAPLE WHISKY,GK,SPIRITS (DI/CE),German Kraft,All,drink,Sunrise,6.25,0,,,20,20,,,SPIRIT MIXERS,SPIRIT MIXERS - GK SPIRITS,single choice,no,POSTMIX SODA WATER,99600000600,,,,1,,no,222277261154
J&T MAPLE WHISKY,GK,SPIRITS (DI/CE),German Kraft,All,drink,Sunrise,6.25,0,,,20,20,,,SPIRIT MIXERS,SPIRIT MIXERS - GK SPIRITS,single choice,no,DIET COLA,25200000600,,,,3.25,,no,222277261154
J&T MAPLE WHISKY,GK,SPIRITS (DI/CE),German Kraft,All,drink,Sunrise,6.25,0,,,20,20,,,SPIRIT MIXERS,SPIRIT MIXERS - GK SPIRITS,single choice,no,POSTMIX COLA,99600000100,,,,3.25,,no,222277261154
J&T MAPLE WHISKY,GK,SPIRITS (DI/CE),German Kraft,All,drink,Sunrise,6.25,0,,,20,20,,,SPIRIT MIXERS,SPIRIT MIXERS - GK SPIRITS,single choice,no,POSTMIX DIET COLA,99600000200,,,,3.25,,no,222277261154
J&T MAPLE WHISKY,GK,SPIRITS (DI/CE),German Kraft,All,drink,Sunrise,6.25,0,,,20,20,,,SPIRIT MIXERS,SPIRIT MIXERS - GK SPIRITS,single choice,no,POSTMIX LEMONADE,99600000300,,,,3.25,,no,222277261154
J&T MAPLE WHISKY,GK,SPIRITS (DI/CE),German Kraft,All,drink,Sunrise,6.25,0,,,20,20,,,SPIRIT MIXERS,SPIRIT MIXERS - GK SPIRITS,single choice,no,POSTMIX GINGER BEER,99600000700,,,,3.25,,no,222277261154
J&T MAPLE WHISKY,GK,SPIRITS (DI/CE),German Kraft,All,drink,Sunrise,6.25,0,,,20,20,,,SPIRIT MIXERS,SPIRIT MIXERS - GK SPIRITS,single choice,no,POSTMIX INDIAN TONIC,99600000400,,,,3.25,,no,222277261154
J&T MAPLE WHISKY,GK,SPIRITS (DI/CE),German Kraft,All,drink,Sunrise,6.25,0,,,20,20,,,SPIRIT MIXERS,SPIRIT MIXERS - GK SPIRITS,single choice,no,POSTMIX LIGHT TONIC,99600000500,,,,3.25,,no,222277261154
J&T MAPLE WHISKY,GK,SPIRITS (DI/CE),German Kraft,All,drink,Sunrise,6.25,0,,,20,20,,,SPIRIT MIXERS,SPIRIT MIXERS - GK SPIRITS,single choice,no,POSTMIX APPLE JUICE,99600000800,,,,3.25,,no,222277261154
J&T MAPLE WHISKY,GK,SPIRITS (DI/CE),German Kraft,All,drink,Sunrise,6.25,0,,,20,20,,,SPIRIT MIXERS,SPIRIT MIXERS - GK SPIRITS,single choice,no,POSTMIX ORANGE JUICE,99600001000,,,,3.25,,no,222277261154
J&T MAPLE WHISKY,GK,SPIRITS (DI/CE),German Kraft,All,drink,Sunrise,6.25,0,,,20,20,,,SPIRIT MIXERS,SPIRIT MIXERS - GK SPIRITS,single choice,no,POSTMIX CRANBERRY JUICE,99600000900,,,,3.25,,no,222277261154
J&T MAPLE WHISKY,GK,SPIRITS (DI/CE),German Kraft,All,drink,Sunrise,6.25,0,,,20,20,,,SPIRIT MIXERS,SPIRIT MIXERS - GK SPIRITS,single choice,no,POSTMIX PINEAPPLE JUICE,99600001100,,,,3.25,,no,222277261154
J&T MAPLE WHISKY,GK,SPIRITS (DI/CE),German Kraft,All,drink,Sunrise,6.25,0,,,20,20,,,SPIRIT MIXERS,SPIRIT MIXERS - GK SPIRITS,single choice,no,POSTMIX PINK GRAPEFRUIT JUICE,25200003900,,,,3.25,,no,222277261154
J&T MAPLE WHISKY,GK,SPIRITS (DI/CE),German Kraft,All,drink,Sunrise,6.25,0,,,20,20,,,SPIRIT MIXERS,SPIRIT MIXERS - GK SPIRITS,single choice,no,F&S SODA WATER,25100001600,,,,3.25,,no,222277261154
J&T MAPLE WHISKY,GK,SPIRITS (DI/CE),German Kraft,All,drink,Sunrise,6.25,0,,,20,20,,,SPIRIT MIXERS,SPIRIT MIXERS - GK SPIRITS,single choice,no,FRANKLIN & SONS COLA,25100000400,,,,3.25,,no,222277261154
J&T MAPLE WHISKY,GK,SPIRITS (DI/CE),German Kraft,All,drink,Sunrise,6.25,0,,,20,20,,,SPIRIT MIXERS,SPIRIT MIXERS - GK SPIRITS,single choice,no,F&S LEMONADE,25100001100,,,,3.25,,no,222277261154
J&T MAPLE WHISKY,GK,SPIRITS (DI/CE),German Kraft,All,drink,Sunrise,6.25,0,,,20,20,,,SPIRIT MIXERS,SPIRIT MIXERS - GK SPIRITS,single choice,no,F&S GINGER BEER,25100000800,,,,3.25,,no,222277261154
J&T MAPLE WHISKY,GK,SPIRITS (DI/CE),German Kraft,All,drink,Sunrise,6.25,0,,,20,20,,,SPIRIT MIXERS,SPIRIT MIXERS - GK SPIRITS,single choice,no,F&S GINGER ALE,25100000700,,,,3.25,,no,222277261154
J&T MAPLE WHISKY,GK,SPIRITS (DI/CE),German Kraft,All,drink,Sunrise,6.25,0,,,20,20,,,SPIRIT MIXERS,SPIRIT MIXERS - GK SPIRITS,single choice,no,F&S INDIAN TONIC,25100002000,,,,3.25,,no,222277261154
J&T MAPLE WHISKY,GK,SPIRITS (DI/CE),German Kraft,All,drink,Sunrise,6.25,0,,,20,20,,,SPIRIT MIXERS,SPIRIT MIXERS - GK SPIRITS,single choice,no,F&S LIGHT TONIC,25100002200,,,,3.25,,no,222277261154
J&T MAPLE WHISKY,GK,SPIRITS (DI/CE),German Kraft,All,drink,Sunrise,6.25,0,,,20,20,,,SPIRIT MIXERS,SPIRIT MIXERS - GK SPIRITS,single choice,no,F&S MALLORCAN TONIC,25100001200,,,,3.25,,no,222277261154
J&T MAPLE WHISKY,GK,SPIRITS (DI/CE),German Kraft,All,drink,Sunrise,6.25,0,,,20,20,,,SPIRIT MIXERS,SPIRIT MIXERS - GK SPIRITS,single choice,no,F&S GRAPEFRUIT TONIC,25100000900,,,,3.25,,no,222277261154
J&T MAPLE WHISKY,GK,SPIRITS (DI/CE),German Kraft,All,drink,Sunrise,6.25,0,,,20,20,,,SPIRIT MIXERS,SPIRIT MIXERS - GK SPIRITS,single choice,no,TWO KEYS PINK GRAPEFRUIT,25100003900,,,,3.25,,no,222277261154
J&T MAPLE WHISKY,GK,SPIRITS (DI/CE),German Kraft,All,drink,Sunrise,6.25,0,,,20,20,,,SPIRIT MIXERS,SPIRIT MIXERS - GK SPIRITS,single choice,no,FEVERTREE AROMATIC,25100000300,,,,3.25,,no,222277261154
J&T MAPLE WHISKY,GK,SPIRITS (DI/CE),German Kraft,All,drink,Sunrise,6.25,0,,,20,20,,,SPIRIT MIXERS,SPIRIT MIXERS - GK SPIRITS,single choice,no,FEVERTREE CUCUMBER,25100000500,,,,3.25,,no,222277261154
J&T MAPLE WHISKY,GK,SPIRITS (DI/CE),German Kraft,All,drink,Sunrise,6.25,0,,,20,20,,,SPIRIT MIXERS,SPIRIT MIXERS - GK SPIRITS,single choice,no,FEVERTREE ELDERFLOWER,25100000600,,,,3.25,,no,222277261154
J&T MAPLE WHISKY,GK,SPIRITS (DI/CE),German Kraft,All,drink,Sunrise,6.25,0,,,20,20,,,SPIRIT MIXERS,SPIRIT MIXERS - GK SPIRITS,single choice,no,FRITZ KOLA,GK,,,,3,,no,222277261154
J&T MAPLE WHISKY,GK,SPIRITS (DI/CE),German Kraft,All,drink,Sunrise,6.25,0,,,20,20,,,SPIRIT MIXERS,SPIRIT MIXERS - GK SPIRITS,single choice,no,FRITZ LIMO,GK,,,,3,,no,222277261154
LOT 40,GK,SPIRITS (DI/CE),German Kraft,All,drink,Sunrise,7,0,,,20,20,,,MEASURE,MEASURE - GK LOT 40,single choice,no,SINGLE (25ML),22400000500,,,,0,,yes,222277205748
LOT 40,GK,SPIRITS (DI/CE),German Kraft,All,drink,Sunrise,7,0,,,20,20,,,MEASURE,MEASURE - GK LOT 40,single choice,no,DOUBLE (50ML),22400000508,,,,5,,no,222277205748
LOT 40,GK,SPIRITS (DI/CE),German Kraft,All,drink,Sunrise,7,0,,,20,20,,,SPIRIT MIXERS,SPIRIT MIXERS - GK SPIRITS,single choice,no,NO MIXER,GK,,,,0,,yes,222277200254
LOT 40,GK,SPIRITS (DI/CE),German Kraft,All,drink,Sunrise,7,0,,,20,20,,,SPIRIT MIXERS,SPIRIT MIXERS - GK SPIRITS,single choice,no,POSTMIX SODA WATER,99600000600,,,,1,,no,222277200254
LOT 40,GK,SPIRITS (DI/CE),German Kraft,All,drink,Sunrise,7,0,,,20,20,,,SPIRIT MIXERS,SPIRIT MIXERS - GK SPIRITS,single choice,no,DIET COLA,25200000600,,,,3.25,,no,222277200254
LOT 40,GK,SPIRITS (DI/CE),German Kraft,All,drink,Sunrise,7,0,,,20,20,,,SPIRIT MIXERS,SPIRIT MIXERS - GK SPIRITS,single choice,no,POSTMIX COLA,99600000100,,,,3.25,,no,222277200254
LOT 40,GK,SPIRITS (DI/CE),German Kraft,All,drink,Sunrise,7,0,,,20,20,,,SPIRIT MIXERS,SPIRIT MIXERS - GK SPIRITS,single choice,no,POSTMIX DIET COLA,99600000200,,,,3.25,,no,222277200254
LOT 40,GK,SPIRITS (DI/CE),German Kraft,All,drink,Sunrise,7,0,,,20,20,,,SPIRIT MIXERS,SPIRIT MIXERS - GK SPIRITS,single choice,no,POSTMIX LEMONADE,99600000300,,,,3.25,,no,222277200254
LOT 40,GK,SPIRITS (DI/CE),German Kraft,All,drink,Sunrise,7,0,,,20,20,,,SPIRIT MIXERS,SPIRIT MIXERS - GK SPIRITS,single choice,no,POSTMIX GINGER BEER,99600000700,,,,3.25,,no,222277200254
LOT 40,GK,SPIRITS (DI/CE),German Kraft,All,drink,Sunrise,7,0,,,20,20,,,SPIRIT MIXERS,SPIRIT MIXERS - GK SPIRITS,single choice,no,POSTMIX INDIAN TONIC,99600000400,,,,3.25,,no,222277200254
LOT 40,GK,SPIRITS (DI/CE),German Kraft,All,drink,Sunrise,7,0,,,20,20,,,SPIRIT MIXERS,SPIRIT MIXERS - GK SPIRITS,single choice,no,POSTMIX LIGHT TONIC,99600000500,,,,3.25,,no,222277200254
LOT 40,GK,SPIRITS (DI/CE),German Kraft,All,drink,Sunrise,7,0,,,20,20,,,SPIRIT MIXERS,SPIRIT MIXERS - GK SPIRITS,single choice,no,POSTMIX APPLE JUICE,99600000800,,,,3.25,,no,222277200254
LOT 40,GK,SPIRITS (DI/CE),German Kraft,All,drink,Sunrise,7,0,,,20,20,,,SPIRIT MIXERS,SPIRIT MIXERS - GK SPIRITS,single choice,no,POSTMIX ORANGE JUICE,99600001000,,,,3.25,,no,222277200254
LOT 40,GK,SPIRITS (DI/CE),German Kraft,All,drink,Sunrise,7,0,,,20,20,,,SPIRIT MIXERS,SPIRIT MIXERS - GK SPIRITS,single choice,no,POSTMIX CRANBERRY JUICE,99600000900,,,,3.25,,no,222277200254
LOT 40,GK,SPIRITS (DI/CE),German Kraft,All,drink,Sunrise,7,0,,,20,20,,,SPIRIT MIXERS,SPIRIT MIXERS - GK SPIRITS,single choice,no,POSTMIX PINEAPPLE JUICE,99600001100,,,,3.25,,no,222277200254
LOT 40,GK,SPIRITS (DI/CE),German Kraft,All,drink,Sunrise,7,0,,,20,20,,,SPIRIT MIXERS,SPIRIT MIXERS - GK SPIRITS,single choice,no,POSTMIX PINK GRAPEFRUIT JUICE,25200003900,,,,3.25,,no,222277200254
LOT 40,GK,SPIRITS (DI/CE),German Kraft,All,drink,Sunrise,7,0,,,20,20,,,SPIRIT MIXERS,SPIRIT MIXERS - GK SPIRITS,single choice,no,F&S SODA WATER,25100001600,,,,3.25,,no,222277200254
LOT 40,GK,SPIRITS (DI/CE),German Kraft,All,drink,Sunrise,7,0,,,20,20,,,SPIRIT MIXERS,SPIRIT MIXERS - GK SPIRITS,single choice,no,FRANKLIN & SONS COLA,25100000400,,,,3.25,,no,222277200254
LOT 40,GK,SPIRITS (DI/CE),German Kraft,All,drink,Sunrise,7,0,,,20,20,,,SPIRIT MIXERS,SPIRIT MIXERS - GK SPIRITS,single choice,no,F&S LEMONADE,25100001100,,,,3.25,,no,222277200254
LOT 40,GK,SPIRITS (DI/CE),German Kraft,All,drink,Sunrise,7,0,,,20,20,,,SPIRIT MIXERS,SPIRIT MIXERS - GK SPIRITS,single choice,no,F&S GINGER BEER,25100000800,,,,3.25,,no,222277200254
LOT 40,GK,SPIRITS (DI/CE),German Kraft,All,drink,Sunrise,7,0,,,20,20,,,SPIRIT MIXERS,SPIRIT MIXERS - GK SPIRITS,single choice,no,F&S GINGER ALE,25100000700,,,,3.25,,no,222277200254
LOT 40,GK,SPIRITS (DI/CE),German Kraft,All,drink,Sunrise,7,0,,,20,20,,,SPIRIT MIXERS,SPIRIT MIXERS - GK SPIRITS,single choice,no,F&S INDIAN TONIC,25100002000,,,,3.25,,no,222277200254
LOT 40,GK,SPIRITS (DI/CE),German Kraft,All,drink,Sunrise,7,0,,,20,20,,,SPIRIT MIXERS,SPIRIT MIXERS - GK SPIRITS,single choice,no,F&S LIGHT TONIC,25100002200,,,,3.25,,no,222277200254
LOT 40,GK,SPIRITS (DI/CE),German Kraft,All,drink,Sunrise,7,0,,,20,20,,,SPIRIT MIXERS,SPIRIT MIXERS - GK SPIRITS,single choice,no,F&S MALLORCAN TONIC,25100001200,,,,3.25,,no,222277200254
LOT 40,GK,SPIRITS (DI/CE),German Kraft,All,drink,Sunrise,7,0,,,20,20,,,SPIRIT MIXERS,SPIRIT MIXERS - GK SPIRITS,single choice,no,F&S GRAPEFRUIT TONIC,25100000900,,,,3.25,,no,222277200254
LOT 40,GK,SPIRITS (DI/CE),German Kraft,All,drink,Sunrise,7,0,,,20,20,,,SPIRIT MIXERS,SPIRIT MIXERS - GK SPIRITS,single choice,no,TWO KEYS PINK GRAPEFRUIT,25100003900,,,,3.25,,no,222277200254
LOT 40,GK,SPIRITS (DI/CE),German Kraft,All,drink,Sunrise,7,0,,,20,20,,,SPIRIT MIXERS,SPIRIT MIXERS - GK SPIRITS,single choice,no,FEVERTREE AROMATIC,25100000300,,,,3.25,,no,222277200254
LOT 40,GK,SPIRITS (DI/CE),German Kraft,All,drink,Sunrise,7,0,,,20,20,,,SPIRIT MIXERS,SPIRIT MIXERS - GK SPIRITS,single choice,no,FEVERTREE CUCUMBER,25100000500,,,,3.25,,no,222277200254
LOT 40,GK,SPIRITS (DI/CE),German Kraft,All,drink,Sunrise,7,0,,,20,20,,,SPIRIT MIXERS,SPIRIT MIXERS - GK SPIRITS,single choice,no,FEVERTREE ELDERFLOWER,25100000600,,,,3.25,,no,222277200254
LOT 40,GK,SPIRITS (DI/CE),German Kraft,All,drink,Sunrise,7,0,,,20,20,,,SPIRIT MIXERS,SPIRIT MIXERS - GK SPIRITS,single choice,no,FRITZ KOLA,GK,,,,3,,no,222277200254
LOT 40,GK,SPIRITS (DI/CE),German Kraft,All,drink,Sunrise,7,0,,,20,20,,,SPIRIT MIXERS,SPIRIT MIXERS - GK SPIRITS,single choice,no,FRITZ LIMO,GK,,,,3,,no,222277200254
YELLOWSTONE BOURBON,GK,SPIRITS (DI/CE),German Kraft,All,drink,Sunrise,7,0,,,20,20,,,MEASURE,MEASURE - GK YELLOWSTONE BOURBON,single choice,no,SINGLE (25ML),22400005400,,,,0,,yes,222276656348
YELLOWSTONE BOURBON,GK,SPIRITS (DI/CE),German Kraft,All,drink,Sunrise,7,0,,,20,20,,,MEASURE,MEASURE - GK YELLOWSTONE BOURBON,single choice,no,DOUBLE (50ML),22400005408,,,,3,,no,222276656348
YELLOWSTONE BOURBON,GK,SPIRITS (DI/CE),German Kraft,All,drink,Sunrise,7,0,,,20,20,,,SPIRIT MIXERS,SPIRIT MIXERS - GK SPIRITS,single choice,no,NO MIXER,GK,,,,0,,yes,222276650854
YELLOWSTONE BOURBON,GK,SPIRITS (DI/CE),German Kraft,All,drink,Sunrise,7,0,,,20,20,,,SPIRIT MIXERS,SPIRIT MIXERS - GK SPIRITS,single choice,no,POSTMIX SODA WATER,99600000600,,,,1,,no,222276650854
YELLOWSTONE BOURBON,GK,SPIRITS (DI/CE),German Kraft,All,drink,Sunrise,7,0,,,20,20,,,SPIRIT MIXERS,SPIRIT MIXERS - GK SPIRITS,single choice,no,DIET COLA,25200000600,,,,3.25,,no,222276650854
YELLOWSTONE BOURBON,GK,SPIRITS (DI/CE),German Kraft,All,drink,Sunrise,7,0,,,20,20,,,SPIRIT MIXERS,SPIRIT MIXERS - GK SPIRITS,single choice,no,POSTMIX COLA,99600000100,,,,3.25,,no,222276650854
YELLOWSTONE BOURBON,GK,SPIRITS (DI/CE),German Kraft,All,drink,Sunrise,7,0,,,20,20,,,SPIRIT MIXERS,SPIRIT MIXERS - GK SPIRITS,single choice,no,POSTMIX DIET COLA,99600000200,,,,3.25,,no,222276650854
YELLOWSTONE BOURBON,GK,SPIRITS (DI/CE),German Kraft,All,drink,Sunrise,7,0,,,20,20,,,SPIRIT MIXERS,SPIRIT MIXERS - GK SPIRITS,single choice,no,POSTMIX LEMONADE,99600000300,,,,3.25,,no,222276650854
YELLOWSTONE BOURBON,GK,SPIRITS (DI/CE),German Kraft,All,drink,Sunrise,7,0,,,20,20,,,SPIRIT MIXERS,SPIRIT MIXERS - GK SPIRITS,single choice,no,POSTMIX GINGER BEER,99600000700,,,,3.25,,no,222276650854
YELLOWSTONE BOURBON,GK,SPIRITS (DI/CE),German Kraft,All,drink,Sunrise,7,0,,,20,20,,,SPIRIT MIXERS,SPIRIT MIXERS - GK SPIRITS,single choice,no,POSTMIX INDIAN TONIC,99600000400,,,,3.25,,no,222276650854
YELLOWSTONE BOURBON,GK,SPIRITS (DI/CE),German Kraft,All,drink,Sunrise,7,0,,,20,20,,,SPIRIT MIXERS,SPIRIT MIXERS - GK SPIRITS,single choice,no,POSTMIX LIGHT TONIC,99600000500,,,,3.25,,no,222276650854
YELLOWSTONE BOURBON,GK,SPIRITS (DI/CE),German Kraft,All,drink,Sunrise,7,0,,,20,20,,,SPIRIT MIXERS,SPIRIT MIXERS - GK SPIRITS,single choice,no,POSTMIX APPLE JUICE,99600000800,,,,3.25,,no,222276650854
YELLOWSTONE BOURBON,GK,SPIRITS (DI/CE),German Kraft,All,drink,Sunrise,7,0,,,20,20,,,SPIRIT MIXERS,SPIRIT MIXERS - GK SPIRITS,single choice,no,POSTMIX ORANGE JUICE,99600001000,,,,3.25,,no,222276650854
YELLOWSTONE BOURBON,GK,SPIRITS (DI/CE),German Kraft,All,drink,Sunrise,7,0,,,20,20,,,SPIRIT MIXERS,SPIRIT MIXERS - GK SPIRITS,single choice,no,POSTMIX CRANBERRY JUICE,99600000900,,,,3.25,,no,222276650854
YELLOWSTONE BOURBON,GK,SPIRITS (DI/CE),German Kraft,All,drink,Sunrise,7,0,,,20,20,,,SPIRIT MIXERS,SPIRIT MIXERS - GK SPIRITS,single choice,no,POSTMIX PINEAPPLE JUICE,99600001100,,,,3.25,,no,222276650854
YELLOWSTONE BOURBON,GK,SPIRITS (DI/CE),German Kraft,All,drink,Sunrise,7,0,,,20,20,,,SPIRIT MIXERS,SPIRIT MIXERS - GK SPIRITS,single choice,no,POSTMIX PINK GRAPEFRUIT JUICE,25200003900,,,,3.25,,no,222276650854
YELLOWSTONE BOURBON,GK,SPIRITS (DI/CE),German Kraft,All,drink,Sunrise,7,0,,,20,20,,,SPIRIT MIXERS,SPIRIT MIXERS - GK SPIRITS,single choice,no,F&S SODA WATER,25100001600,,,,3.25,,no,222276650854
YELLOWSTONE BOURBON,GK,SPIRITS (DI/CE),German Kraft,All,drink,Sunrise,7,0,,,20,20,,,SPIRIT MIXERS,SPIRIT MIXERS - GK SPIRITS,single choice,no,FRANKLIN & SONS COLA,25100000400,,,,3.25,,no,222276650854
YELLOWSTONE BOURBON,GK,SPIRITS (DI/CE),German Kraft,All,drink,Sunrise,7,0,,,20,20,,,SPIRIT MIXERS,SPIRIT MIXERS - GK SPIRITS,single choice,no,F&S LEMONADE,25100001100,,,,3.25,,no,222276650854
YELLOWSTONE BOURBON,GK,SPIRITS (DI/CE),German Kraft,All,drink,Sunrise,7,0,,,20,20,,,SPIRIT MIXERS,SPIRIT MIXERS - GK SPIRITS,single choice,no,F&S GINGER BEER,25100000800,,,,3.25,,no,222276650854
YELLOWSTONE BOURBON,GK,SPIRITS (DI/CE),German Kraft,All,drink,Sunrise,7,0,,,20,20,,,SPIRIT MIXERS,SPIRIT MIXERS - GK SPIRITS,single choice,no,F&S GINGER ALE,25100000700,,,,3.25,,no,222276650854
YELLOWSTONE BOURBON,GK,SPIRITS (DI/CE),German Kraft,All,drink,Sunrise,7,0,,,20,20,,,SPIRIT MIXERS,SPIRIT MIXERS - GK SPIRITS,single choice,no,F&S INDIAN TONIC,25100002000,,,,3.25,,no,222276650854
YELLOWSTONE BOURBON,GK,SPIRITS (DI/CE),German Kraft,All,drink,Sunrise,7,0,,,20,20,,,SPIRIT MIXERS,SPIRIT MIXERS - GK SPIRITS,single choice,no,F&S LIGHT TONIC,25100002200,,,,3.25,,no,222276650854
YELLOWSTONE BOURBON,GK,SPIRITS (DI/CE),German Kraft,All,drink,Sunrise,7,0,,,20,20,,,SPIRIT MIXERS,SPIRIT MIXERS - GK SPIRITS,single choice,no,F&S MALLORCAN TONIC,25100001200,,,,3.25,,no,222276650854
YELLOWSTONE BOURBON,GK,SPIRITS (DI/CE),German Kraft,All,drink,Sunrise,7,0,,,20,20,,,SPIRIT MIXERS,SPIRIT MIXERS - GK SPIRITS,single choice,no,F&S GRAPEFRUIT TONIC,25100000900,,,,3.25,,no,222276650854
YELLOWSTONE BOURBON,GK,SPIRITS (DI/CE),German Kraft,All,drink,Sunrise,7,0,,,20,20,,,SPIRIT MIXERS,SPIRIT MIXERS - GK SPIRITS,single choice,no,TWO KEYS PINK GRAPEFRUIT,25100003900,,,,3.25,,no,222276650854
YELLOWSTONE BOURBON,GK,SPIRITS (DI/CE),German Kraft,All,drink,Sunrise,7,0,,,20,20,,,SPIRIT MIXERS,SPIRIT MIXERS - GK SPIRITS,single choice,no,FEVERTREE AROMATIC,25100000300,,,,3.25,,no,222276650854
YELLOWSTONE BOURBON,GK,SPIRITS (DI/CE),German Kraft,All,drink,Sunrise,7,0,,,20,20,,,SPIRIT MIXERS,SPIRIT MIXERS - GK SPIRITS,single choice,no,FEVERTREE CUCUMBER,25100000500,,,,3.25,,no,222276650854
YELLOWSTONE BOURBON,GK,SPIRITS (DI/CE),German Kraft,All,drink,Sunrise,7,0,,,20,20,,,SPIRIT MIXERS,SPIRIT MIXERS - GK SPIRITS,single choice,no,FEVERTREE ELDERFLOWER,25100000600,,,,3.25,,no,222276650854
YELLOWSTONE BOURBON,GK,SPIRITS (DI/CE),German Kraft,All,drink,Sunrise,7,0,,,20,20,,,SPIRIT MIXERS,SPIRIT MIXERS - GK SPIRITS,single choice,no,FRITZ KOLA,GK,,,,3,,no,222276650854
YELLOWSTONE BOURBON,GK,SPIRITS (DI/CE),German Kraft,All,drink,Sunrise,7,0,,,20,20,,,SPIRIT MIXERS,SPIRIT MIXERS - GK SPIRITS,single choice,no,FRITZ LIMO,GK,,,,3,,no,222276650854
KLIPPS,GK,SPIRITS (DI/CE),German Kraft,All,drink,Spring,6.5,0,,,20,20,,,MEASURE,MEASURE - GK KLIPPS,single choice,no,SINGLE (25ML),22500001000,,,,0,,yes,222269679648
KLIPPS,GK,SPIRITS (DI/CE),German Kraft,All,drink,Spring,6.5,0,,,20,20,,,MEASURE,MEASURE - GK KLIPPS,single choice,no,DOUBLE (50ML),22500001008,,,,2,,no,222269679648
KLIPPS,GK,SPIRITS (DI/CE),German Kraft,All,drink,Spring,6.5,0,,,20,20,,,SPIRIT MIXERS,SPIRIT MIXERS - GK SPIRITS,single choice,no,NO MIXER,GK,,,,0,,yes,222269674154
KLIPPS,GK,SPIRITS (DI/CE),German Kraft,All,drink,Spring,6.5,0,,,20,20,,,SPIRIT MIXERS,SPIRIT MIXERS - GK SPIRITS,single choice,no,POSTMIX SODA WATER,99600000600,,,,1,,no,222269674154
KLIPPS,GK,SPIRITS (DI/CE),German Kraft,All,drink,Spring,6.5,0,,,20,20,,,SPIRIT MIXERS,SPIRIT MIXERS - GK SPIRITS,single choice,no,DIET COLA,25200000600,,,,3.25,,no,222269674154
KLIPPS,GK,SPIRITS (DI/CE),German Kraft,All,drink,Spring,6.5,0,,,20,20,,,SPIRIT MIXERS,SPIRIT MIXERS - GK SPIRITS,single choice,no,POSTMIX COLA,99600000100,,,,3.25,,no,222269674154
KLIPPS,GK,SPIRITS (DI/CE),German Kraft,All,drink,Spring,6.5,0,,,20,20,,,SPIRIT MIXERS,SPIRIT MIXERS - GK SPIRITS,single choice,no,POSTMIX DIET COLA,99600000200,,,,3.25,,no,222269674154
KLIPPS,GK,SPIRITS (DI/CE),German Kraft,All,drink,Spring,6.5,0,,,20,20,,,SPIRIT MIXERS,SPIRIT MIXERS - GK SPIRITS,single choice,no,POSTMIX LEMONADE,99600000300,,,,3.25,,no,222269674154
KLIPPS,GK,SPIRITS (DI/CE),German Kraft,All,drink,Spring,6.5,0,,,20,20,,,SPIRIT MIXERS,SPIRIT MIXERS - GK SPIRITS,single choice,no,POSTMIX GINGER BEER,99600000700,,,,3.25,,no,222269674154
KLIPPS,GK,SPIRITS (DI/CE),German Kraft,All,drink,Spring,6.5,0,,,20,20,,,SPIRIT MIXERS,SPIRIT MIXERS - GK SPIRITS,single choice,no,POSTMIX INDIAN TONIC,99600000400,,,,3.25,,no,222269674154
KLIPPS,GK,SPIRITS (DI/CE),German Kraft,All,drink,Spring,6.5,0,,,20,20,,,SPIRIT MIXERS,SPIRIT MIXERS - GK SPIRITS,single choice,no,POSTMIX LIGHT TONIC,99600000500,,,,3.25,,no,222269674154
KLIPPS,GK,SPIRITS (DI/CE),German Kraft,All,drink,Spring,6.5,0,,,20,20,,,SPIRIT MIXERS,SPIRIT MIXERS - GK SPIRITS,single choice,no,POSTMIX APPLE JUICE,99600000800,,,,3.25,,no,222269674154
KLIPPS,GK,SPIRITS (DI/CE),German Kraft,All,drink,Spring,6.5,0,,,20,20,,,SPIRIT MIXERS,SPIRIT MIXERS - GK SPIRITS,single choice,no,POSTMIX ORANGE JUICE,99600001000,,,,3.25,,no,222269674154
KLIPPS,GK,SPIRITS (DI/CE),German Kraft,All,drink,Spring,6.5,0,,,20,20,,,SPIRIT MIXERS,SPIRIT MIXERS - GK SPIRITS,single choice,no,POSTMIX CRANBERRY JUICE,99600000900,,,,3.25,,no,222269674154
KLIPPS,GK,SPIRITS (DI/CE),German Kraft,All,drink,Spring,6.5,0,,,20,20,,,SPIRIT MIXERS,SPIRIT MIXERS - GK SPIRITS,single choice,no,POSTMIX PINEAPPLE JUICE,99600001100,,,,3.25,,no,222269674154
KLIPPS,GK,SPIRITS (DI/CE),German Kraft,All,drink,Spring,6.5,0,,,20,20,,,SPIRIT MIXERS,SPIRIT MIXERS - GK SPIRITS,single choice,no,POSTMIX PINK GRAPEFRUIT JUICE,25200003900,,,,3.25,,no,222269674154
KLIPPS,GK,SPIRITS (DI/CE),German Kraft,All,drink,Spring,6.5,0,,,20,20,,,SPIRIT MIXERS,SPIRIT MIXERS - GK SPIRITS,single choice,no,F&S SODA WATER,25100001600,,,,3.25,,no,222269674154
KLIPPS,GK,SPIRITS (DI/CE),German Kraft,All,drink,Spring,6.5,0,,,20,20,,,SPIRIT MIXERS,SPIRIT MIXERS - GK SPIRITS,single choice,no,FRANKLIN & SONS COLA,25100000400,,,,3.25,,no,222269674154
KLIPPS,GK,SPIRITS (DI/CE),German Kraft,All,drink,Spring,6.5,0,,,20,20,,,SPIRIT MIXERS,SPIRIT MIXERS - GK SPIRITS,single choice,no,F&S LEMONADE,25100001100,,,,3.25,,no,222269674154
KLIPPS,GK,SPIRITS (DI/CE),German Kraft,All,drink,Spring,6.5,0,,,20,20,,,SPIRIT MIXERS,SPIRIT MIXERS - GK SPIRITS,single choice,no,F&S GINGER BEER,25100000800,,,,3.25,,no,222269674154
KLIPPS,GK,SPIRITS (DI/CE),German Kraft,All,drink,Spring,6.5,0,,,20,20,,,SPIRIT MIXERS,SPIRIT MIXERS - GK SPIRITS,single choice,no,F&S GINGER ALE,25100000700,,,,3.25,,no,222269674154
KLIPPS,GK,SPIRITS (DI/CE),German Kraft,All,drink,Spring,6.5,0,,,20,20,,,SPIRIT MIXERS,SPIRIT MIXERS - GK SPIRITS,single choice,no,F&S INDIAN TONIC,25100002000,,,,3.25,,no,222269674154
KLIPPS,GK,SPIRITS (DI/CE),German Kraft,All,drink,Spring,6.5,0,,,20,20,,,SPIRIT MIXERS,SPIRIT MIXERS - GK SPIRITS,single choice,no,F&S LIGHT TONIC,25100002200,,,,3.25,,no,222269674154
KLIPPS,GK,SPIRITS (DI/CE),German Kraft,All,drink,Spring,6.5,0,,,20,20,,,SPIRIT MIXERS,SPIRIT MIXERS - GK SPIRITS,single choice,no,F&S MALLORCAN TONIC,25100001200,,,,3.25,,no,222269674154
KLIPPS,GK,SPIRITS (DI/CE),German Kraft,All,drink,Spring,6.5,0,,,20,20,,,SPIRIT MIXERS,SPIRIT MIXERS - GK SPIRITS,single choice,no,F&S GRAPEFRUIT TONIC,25100000900,,,,3.25,,no,222269674154
KLIPPS,GK,SPIRITS (DI/CE),German Kraft,All,drink,Spring,6.5,0,,,20,20,,,SPIRIT MIXERS,SPIRIT MIXERS - GK SPIRITS,single choice,no,TWO KEYS PINK GRAPEFRUIT,25100003900,,,,3.25,,no,222269674154
KLIPPS,GK,SPIRITS (DI/CE),German Kraft,All,drink,Spring,6.5,0,,,20,20,,,SPIRIT MIXERS,SPIRIT MIXERS - GK SPIRITS,single choice,no,FEVERTREE AROMATIC,25100000300,,,,3.25,,no,222269674154
KLIPPS,GK,SPIRITS (DI/CE),German Kraft,All,drink,Spring,6.5,0,,,20,20,,,SPIRIT MIXERS,SPIRIT MIXERS - GK SPIRITS,single choice,no,FEVERTREE CUCUMBER,25100000500,,,,3.25,,no,222269674154
KLIPPS,GK,SPIRITS (DI/CE),German Kraft,All,drink,Spring,6.5,0,,,20,20,,,SPIRIT MIXERS,SPIRIT MIXERS - GK SPIRITS,single choice,no,FEVERTREE ELDERFLOWER,25100000600,,,,3.25,,no,222269674154
KLIPPS,GK,SPIRITS (DI/CE),German Kraft,All,drink,Spring,6.5,0,,,20,20,,,SPIRIT MIXERS,SPIRIT MIXERS - GK SPIRITS,single choice,no,FRITZ KOLA,GK,,,,3,,no,222269674154
KLIPPS,GK,SPIRITS (DI/CE),German Kraft,All,drink,Spring,6.5,0,,,20,20,,,SPIRIT MIXERS,SPIRIT MIXERS - GK SPIRITS,single choice,no,FRITZ LIMO,GK,,,,3,,no,222269674154
MERLET COGNAC,GK,SPIRITS (DI/CE),German Kraft,All,drink,Spring,6.5,0,,,20,20,,,MEASURE,MEASURE - GK MERLET COGNAC,single choice,no,SINGLE (25ML),22500000100,,,,0,,yes,222269604948
MERLET COGNAC,GK,SPIRITS (DI/CE),German Kraft,All,drink,Spring,6.5,0,,,20,20,,,MEASURE,MEASURE - GK MERLET COGNAC,single choice,no,DOUBLE (50ML),22500000108,,,,4,,no,222269604948
MERLET COGNAC,GK,SPIRITS (DI/CE),German Kraft,All,drink,Spring,6.5,0,,,20,20,,,SPIRIT MIXERS,SPIRIT MIXERS - GK SPIRITS,single choice,no,NO MIXER,GK,,,,0,,yes,222269599454
MERLET COGNAC,GK,SPIRITS (DI/CE),German Kraft,All,drink,Spring,6.5,0,,,20,20,,,SPIRIT MIXERS,SPIRIT MIXERS - GK SPIRITS,single choice,no,POSTMIX SODA WATER,99600000600,,,,1,,no,222269599454
MERLET COGNAC,GK,SPIRITS (DI/CE),German Kraft,All,drink,Spring,6.5,0,,,20,20,,,SPIRIT MIXERS,SPIRIT MIXERS - GK SPIRITS,single choice,no,DIET COLA,25200000600,,,,3.25,,no,222269599454
MERLET COGNAC,GK,SPIRITS (DI/CE),German Kraft,All,drink,Spring,6.5,0,,,20,20,,,SPIRIT MIXERS,SPIRIT MIXERS - GK SPIRITS,single choice,no,POSTMIX COLA,99600000100,,,,3.25,,no,222269599454
MERLET COGNAC,GK,SPIRITS (DI/CE),German Kraft,All,drink,Spring,6.5,0,,,20,20,,,SPIRIT MIXERS,SPIRIT MIXERS - GK SPIRITS,single choice,no,POSTMIX DIET COLA,99600000200,,,,3.25,,no,222269599454
MERLET COGNAC,GK,SPIRITS (DI/CE),German Kraft,All,drink,Spring,6.5,0,,,20,20,,,SPIRIT MIXERS,SPIRIT MIXERS - GK SPIRITS,single choice,no,POSTMIX LEMONADE,99600000300,,,,3.25,,no,222269599454
MERLET COGNAC,GK,SPIRITS (DI/CE),German Kraft,All,drink,Spring,6.5,0,,,20,20,,,SPIRIT MIXERS,SPIRIT MIXERS - GK SPIRITS,single choice,no,POSTMIX GINGER BEER,99600000700,,,,3.25,,no,222269599454
MERLET COGNAC,GK,SPIRITS (DI/CE),German Kraft,All,drink,Spring,6.5,0,,,20,20,,,SPIRIT MIXERS,SPIRIT MIXERS - GK SPIRITS,single choice,no,POSTMIX INDIAN TONIC,99600000400,,,,3.25,,no,222269599454
MERLET COGNAC,GK,SPIRITS (DI/CE),German Kraft,All,drink,Spring,6.5,0,,,20,20,,,SPIRIT MIXERS,SPIRIT MIXERS - GK SPIRITS,single choice,no,POSTMIX LIGHT TONIC,99600000500,,,,3.25,,no,222269599454
MERLET COGNAC,GK,SPIRITS (DI/CE),German Kraft,All,drink,Spring,6.5,0,,,20,20,,,SPIRIT MIXERS,SPIRIT MIXERS - GK SPIRITS,single choice,no,POSTMIX APPLE JUICE,99600000800,,,,3.25,,no,222269599454
MERLET COGNAC,GK,SPIRITS (DI/CE),German Kraft,All,drink,Spring,6.5,0,,,20,20,,,SPIRIT MIXERS,SPIRIT MIXERS - GK SPIRITS,single choice,no,POSTMIX ORANGE JUICE,99600001000,,,,3.25,,no,222269599454
MERLET COGNAC,GK,SPIRITS (DI/CE),German Kraft,All,drink,Spring,6.5,0,,,20,20,,,SPIRIT MIXERS,SPIRIT MIXERS - GK SPIRITS,single choice,no,POSTMIX CRANBERRY JUICE,99600000900,,,,3.25,,no,222269599454
MERLET COGNAC,GK,SPIRITS (DI/CE),German Kraft,All,drink,Spring,6.5,0,,,20,20,,,SPIRIT MIXERS,SPIRIT MIXERS - GK SPIRITS,single choice,no,POSTMIX PINEAPPLE JUICE,99600001100,,,,3.25,,no,222269599454
MERLET COGNAC,GK,SPIRITS (DI/CE),German Kraft,All,drink,Spring,6.5,0,,,20,20,,,SPIRIT MIXERS,SPIRIT MIXERS - GK SPIRITS,single choice,no,POSTMIX PINK GRAPEFRUIT JUICE,25200003900,,,,3.25,,no,222269599454
MERLET COGNAC,GK,SPIRITS (DI/CE),German Kraft,All,drink,Spring,6.5,0,,,20,20,,,SPIRIT MIXERS,SPIRIT MIXERS - GK SPIRITS,single choice,no,F&S SODA WATER,25100001600,,,,3.25,,no,222269599454
MERLET COGNAC,GK,SPIRITS (DI/CE),German Kraft,All,drink,Spring,6.5,0,,,20,20,,,SPIRIT MIXERS,SPIRIT MIXERS - GK SPIRITS,single choice,no,FRANKLIN & SONS COLA,25100000400,,,,3.25,,no,222269599454
MERLET COGNAC,GK,SPIRITS (DI/CE),German Kraft,All,drink,Spring,6.5,0,,,20,20,,,SPIRIT MIXERS,SPIRIT MIXERS - GK SPIRITS,single choice,no,F&S LEMONADE,25100001100,,,,3.25,,no,222269599454
MERLET COGNAC,GK,SPIRITS (DI/CE),German Kraft,All,drink,Spring,6.5,0,,,20,20,,,SPIRIT MIXERS,SPIRIT MIXERS - GK SPIRITS,single choice,no,F&S GINGER BEER,25100000800,,,,3.25,,no,222269599454
MERLET COGNAC,GK,SPIRITS (DI/CE),German Kraft,All,drink,Spring,6.5,0,,,20,20,,,SPIRIT MIXERS,SPIRIT MIXERS - GK SPIRITS,single choice,no,F&S GINGER ALE,25100000700,,,,3.25,,no,222269599454
MERLET COGNAC,GK,SPIRITS (DI/CE),German Kraft,All,drink,Spring,6.5,0,,,20,20,,,SPIRIT MIXERS,SPIRIT MIXERS - GK SPIRITS,single choice,no,F&S INDIAN TONIC,25100002000,,,,3.25,,no,222269599454
MERLET COGNAC,GK,SPIRITS (DI/CE),German Kraft,All,drink,Spring,6.5,0,,,20,20,,,SPIRIT MIXERS,SPIRIT MIXERS - GK SPIRITS,single choice,no,F&S LIGHT TONIC,25100002200,,,,3.25,,no,222269599454
MERLET COGNAC,GK,SPIRITS (DI/CE),German Kraft,All,drink,Spring,6.5,0,,,20,20,,,SPIRIT MIXERS,SPIRIT MIXERS - GK SPIRITS,single choice,no,F&S MALLORCAN TONIC,25100001200,,,,3.25,,no,222269599454
MERLET COGNAC,GK,SPIRITS (DI/CE),German Kraft,All,drink,Spring,6.5,0,,,20,20,,,SPIRIT MIXERS,SPIRIT MIXERS - GK SPIRITS,single choice,no,F&S GRAPEFRUIT TONIC,25100000900,,,,3.25,,no,222269599454
MERLET COGNAC,GK,SPIRITS (DI/CE),German Kraft,All,drink,Spring,6.5,0,,,20,20,,,SPIRIT MIXERS,SPIRIT MIXERS - GK SPIRITS,single choice,no,TWO KEYS PINK GRAPEFRUIT,25100003900,,,,3.25,,no,222269599454
MERLET COGNAC,GK,SPIRITS (DI/CE),German Kraft,All,drink,Spring,6.5,0,,,20,20,,,SPIRIT MIXERS,SPIRIT MIXERS - GK SPIRITS,single choice,no,FEVERTREE AROMATIC,25100000300,,,,3.25,,no,222269599454
MERLET COGNAC,GK,SPIRITS (DI/CE),German Kraft,All,drink,Spring,6.5,0,,,20,20,,,SPIRIT MIXERS,SPIRIT MIXERS - GK SPIRITS,single choice,no,FEVERTREE CUCUMBER,25100000500,,,,3.25,,no,222269599454
MERLET COGNAC,GK,SPIRITS (DI/CE),German Kraft,All,drink,Spring,6.5,0,,,20,20,,,SPIRIT MIXERS,SPIRIT MIXERS - GK SPIRITS,single choice,no,FEVERTREE ELDERFLOWER,25100000600,,,,3.25,,no,222269599454
MERLET COGNAC,GK,SPIRITS (DI/CE),German Kraft,All,drink,Spring,6.5,0,,,20,20,,,SPIRIT MIXERS,SPIRIT MIXERS - GK SPIRITS,single choice,no,FRITZ KOLA,GK,,,,3,,no,222269599454
MERLET COGNAC,GK,SPIRITS (DI/CE),German Kraft,All,drink,Spring,6.5,0,,,20,20,,,SPIRIT MIXERS,SPIRIT MIXERS - GK SPIRITS,single choice,no,FRITZ LIMO,GK,,,,3,,no,222269599454
AMARETTO,GK,SPIRITS (DI/CE),German Kraft,All,drink,Spring,5.75,0,,,20,20,,,MEASURE,MEASURE - GK AMARETTO,single choice,no,SINGLE (25ML),22600000100,,,,0,,yes,222264363748
AMARETTO,GK,SPIRITS (DI/CE),German Kraft,All,drink,Spring,5.75,0,,,20,20,,,MEASURE,MEASURE - GK AMARETTO,single choice,no,DOUBLE (50ML),22600000108,,,,2,,no,222264363748
AMARETTO,GK,SPIRITS (DI/CE),German Kraft,All,drink,Spring,5.75,0,,,20,20,,,SPIRIT MIXERS,SPIRIT MIXERS - GK SPIRITS,single choice,no,NO MIXER,GK,,,,0,,yes,222264358254
AMARETTO,GK,SPIRITS (DI/CE),German Kraft,All,drink,Spring,5.75,0,,,20,20,,,SPIRIT MIXERS,SPIRIT MIXERS - GK SPIRITS,single choice,no,POSTMIX SODA WATER,99600000600,,,,1,,no,222264358254
AMARETTO,GK,SPIRITS (DI/CE),German Kraft,All,drink,Spring,5.75,0,,,20,20,,,SPIRIT MIXERS,SPIRIT MIXERS - GK SPIRITS,single choice,no,DIET COLA,25200000600,,,,3.25,,no,222264358254
AMARETTO,GK,SPIRITS (DI/CE),German Kraft,All,drink,Spring,5.75,0,,,20,20,,,SPIRIT MIXERS,SPIRIT MIXERS - GK SPIRITS,single choice,no,POSTMIX COLA,99600000100,,,,3.25,,no,222264358254
AMARETTO,GK,SPIRITS (DI/CE),German Kraft,All,drink,Spring,5.75,0,,,20,20,,,SPIRIT MIXERS,SPIRIT MIXERS - GK SPIRITS,single choice,no,POSTMIX DIET COLA,99600000200,,,,3.25,,no,222264358254
AMARETTO,GK,SPIRITS (DI/CE),German Kraft,All,drink,Spring,5.75,0,,,20,20,,,SPIRIT MIXERS,SPIRIT MIXERS - GK SPIRITS,single choice,no,POSTMIX LEMONADE,99600000300,,,,3.25,,no,222264358254
AMARETTO,GK,SPIRITS (DI/CE),German Kraft,All,drink,Spring,5.75,0,,,20,20,,,SPIRIT MIXERS,SPIRIT MIXERS - GK SPIRITS,single choice,no,POSTMIX GINGER BEER,99600000700,,,,3.25,,no,222264358254
AMARETTO,GK,SPIRITS (DI/CE),German Kraft,All,drink,Spring,5.75,0,,,20,20,,,SPIRIT MIXERS,SPIRIT MIXERS - GK SPIRITS,single choice,no,POSTMIX INDIAN TONIC,99600000400,,,,3.25,,no,222264358254
AMARETTO,GK,SPIRITS (DI/CE),German Kraft,All,drink,Spring,5.75,0,,,20,20,,,SPIRIT MIXERS,SPIRIT MIXERS - GK SPIRITS,single choice,no,POSTMIX LIGHT TONIC,99600000500,,,,3.25,,no,222264358254
AMARETTO,GK,SPIRITS (DI/CE),German Kraft,All,drink,Spring,5.75,0,,,20,20,,,SPIRIT MIXERS,SPIRIT MIXERS - GK SPIRITS,single choice,no,POSTMIX APPLE JUICE,99600000800,,,,3.25,,no,222264358254
AMARETTO,GK,SPIRITS (DI/CE),German Kraft,All,drink,Spring,5.75,0,,,20,20,,,SPIRIT MIXERS,SPIRIT MIXERS - GK SPIRITS,single choice,no,POSTMIX ORANGE JUICE,99600001000,,,,3.25,,no,222264358254
AMARETTO,GK,SPIRITS (DI/CE),German Kraft,All,drink,Spring,5.75,0,,,20,20,,,SPIRIT MIXERS,SPIRIT MIXERS - GK SPIRITS,single choice,no,POSTMIX CRANBERRY JUICE,99600000900,,,,3.25,,no,222264358254
AMARETTO,GK,SPIRITS (DI/CE),German Kraft,All,drink,Spring,5.75,0,,,20,20,,,SPIRIT MIXERS,SPIRIT MIXERS - GK SPIRITS,single choice,no,POSTMIX PINEAPPLE JUICE,99600001100,,,,3.25,,no,222264358254
AMARETTO,GK,SPIRITS (DI/CE),German Kraft,All,drink,Spring,5.75,0,,,20,20,,,SPIRIT MIXERS,SPIRIT MIXERS - GK SPIRITS,single choice,no,POSTMIX PINK GRAPEFRUIT JUICE,25200003900,,,,3.25,,no,222264358254
AMARETTO,GK,SPIRITS (DI/CE),German Kraft,All,drink,Spring,5.75,0,,,20,20,,,SPIRIT MIXERS,SPIRIT MIXERS - GK SPIRITS,single choice,no,F&S SODA WATER,25100001600,,,,3.25,,no,222264358254
AMARETTO,GK,SPIRITS (DI/CE),German Kraft,All,drink,Spring,5.75,0,,,20,20,,,SPIRIT MIXERS,SPIRIT MIXERS - GK SPIRITS,single choice,no,FRANKLIN & SONS COLA,25100000400,,,,3.25,,no,222264358254
AMARETTO,GK,SPIRITS (DI/CE),German Kraft,All,drink,Spring,5.75,0,,,20,20,,,SPIRIT MIXERS,SPIRIT MIXERS - GK SPIRITS,single choice,no,F&S LEMONADE,25100001100,,,,3.25,,no,222264358254
AMARETTO,GK,SPIRITS (DI/CE),German Kraft,All,drink,Spring,5.75,0,,,20,20,,,SPIRIT MIXERS,SPIRIT MIXERS - GK SPIRITS,single choice,no,F&S GINGER BEER,25100000800,,,,3.25,,no,222264358254
AMARETTO,GK,SPIRITS (DI/CE),German Kraft,All,drink,Spring,5.75,0,,,20,20,,,SPIRIT MIXERS,SPIRIT MIXERS - GK SPIRITS,single choice,no,F&S GINGER ALE,25100000700,,,,3.25,,no,222264358254
AMARETTO,GK,SPIRITS (DI/CE),German Kraft,All,drink,Spring,5.75,0,,,20,20,,,SPIRIT MIXERS,SPIRIT MIXERS - GK SPIRITS,single choice,no,F&S INDIAN TONIC,25100002000,,,,3.25,,no,222264358254
AMARETTO,GK,SPIRITS (DI/CE),German Kraft,All,drink,Spring,5.75,0,,,20,20,,,SPIRIT MIXERS,SPIRIT MIXERS - GK SPIRITS,single choice,no,F&S LIGHT TONIC,25100002200,,,,3.25,,no,222264358254
AMARETTO,GK,SPIRITS (DI/CE),German Kraft,All,drink,Spring,5.75,0,,,20,20,,,SPIRIT MIXERS,SPIRIT MIXERS - GK SPIRITS,single choice,no,F&S MALLORCAN TONIC,25100001200,,,,3.25,,no,222264358254
AMARETTO,GK,SPIRITS (DI/CE),German Kraft,All,drink,Spring,5.75,0,,,20,20,,,SPIRIT MIXERS,SPIRIT MIXERS - GK SPIRITS,single choice,no,F&S GRAPEFRUIT TONIC,25100000900,,,,3.25,,no,222264358254
AMARETTO,GK,SPIRITS (DI/CE),German Kraft,All,drink,Spring,5.75,0,,,20,20,,,SPIRIT MIXERS,SPIRIT MIXERS - GK SPIRITS,single choice,no,TWO KEYS PINK GRAPEFRUIT,25100003900,,,,3.25,,no,222264358254
AMARETTO,GK,SPIRITS (DI/CE),German Kraft,All,drink,Spring,5.75,0,,,20,20,,,SPIRIT MIXERS,SPIRIT MIXERS - GK SPIRITS,single choice,no,FEVERTREE AROMATIC,25100000300,,,,3.25,,no,222264358254
AMARETTO,GK,SPIRITS (DI/CE),German Kraft,All,drink,Spring,5.75,0,,,20,20,,,SPIRIT MIXERS,SPIRIT MIXERS - GK SPIRITS,single choice,no,FEVERTREE CUCUMBER,25100000500,,,,3.25,,no,222264358254
AMARETTO,GK,SPIRITS (DI/CE),German Kraft,All,drink,Spring,5.75,0,,,20,20,,,SPIRIT MIXERS,SPIRIT MIXERS - GK SPIRITS,single choice,no,FEVERTREE ELDERFLOWER,25100000600,,,,3.25,,no,222264358254
AMARETTO,GK,SPIRITS (DI/CE),German Kraft,All,drink,Spring,5.75,0,,,20,20,,,SPIRIT MIXERS,SPIRIT MIXERS - GK SPIRITS,single choice,no,FRITZ KOLA,GK,,,,3,,no,222264358254
AMARETTO,GK,SPIRITS (DI/CE),German Kraft,All,drink,Spring,5.75,0,,,20,20,,,SPIRIT MIXERS,SPIRIT MIXERS - GK SPIRITS,single choice,no,FRITZ LIMO,GK,,,,3,,no,222264358254
ANTICA SAMBUCA,GK,SPIRITS (DI/CE),German Kraft,All,drink,Spring,6,0,,,20,20,,,MEASURE,MEASURE - GK ANTICA SAMBUCA,single choice,no,SINGLE (25ML),22600000200,,,,0,,yes,222264351148
ANTICA SAMBUCA,GK,SPIRITS (DI/CE),German Kraft,All,drink,Spring,6,0,,,20,20,,,MEASURE,MEASURE - GK ANTICA SAMBUCA,single choice,no,DOUBLE (50ML),22600000208,,,,2.25,,no,222264351148
ANTICA SAMBUCA,GK,SPIRITS (DI/CE),German Kraft,All,drink,Spring,6,0,,,20,20,,,SPIRIT MIXERS,SPIRIT MIXERS - GK SPIRITS,single choice,no,NO MIXER,GK,,,,0,,yes,222264345654
ANTICA SAMBUCA,GK,SPIRITS (DI/CE),German Kraft,All,drink,Spring,6,0,,,20,20,,,SPIRIT MIXERS,SPIRIT MIXERS - GK SPIRITS,single choice,no,POSTMIX SODA WATER,99600000600,,,,1,,no,222264345654
ANTICA SAMBUCA,GK,SPIRITS (DI/CE),German Kraft,All,drink,Spring,6,0,,,20,20,,,SPIRIT MIXERS,SPIRIT MIXERS - GK SPIRITS,single choice,no,DIET COLA,25200000600,,,,3.25,,no,222264345654
ANTICA SAMBUCA,GK,SPIRITS (DI/CE),German Kraft,All,drink,Spring,6,0,,,20,20,,,SPIRIT MIXERS,SPIRIT MIXERS - GK SPIRITS,single choice,no,POSTMIX COLA,99600000100,,,,3.25,,no,222264345654
ANTICA SAMBUCA,GK,SPIRITS (DI/CE),German Kraft,All,drink,Spring,6,0,,,20,20,,,SPIRIT MIXERS,SPIRIT MIXERS - GK SPIRITS,single choice,no,POSTMIX DIET COLA,99600000200,,,,3.25,,no,222264345654
ANTICA SAMBUCA,GK,SPIRITS (DI/CE),German Kraft,All,drink,Spring,6,0,,,20,20,,,SPIRIT MIXERS,SPIRIT MIXERS - GK SPIRITS,single choice,no,POSTMIX LEMONADE,99600000300,,,,3.25,,no,222264345654
ANTICA SAMBUCA,GK,SPIRITS (DI/CE),German Kraft,All,drink,Spring,6,0,,,20,20,,,SPIRIT MIXERS,SPIRIT MIXERS - GK SPIRITS,single choice,no,POSTMIX GINGER BEER,99600000700,,,,3.25,,no,222264345654
ANTICA SAMBUCA,GK,SPIRITS (DI/CE),German Kraft,All,drink,Spring,6,0,,,20,20,,,SPIRIT MIXERS,SPIRIT MIXERS - GK SPIRITS,single choice,no,POSTMIX INDIAN TONIC,99600000400,,,,3.25,,no,222264345654
ANTICA SAMBUCA,GK,SPIRITS (DI/CE),German Kraft,All,drink,Spring,6,0,,,20,20,,,SPIRIT MIXERS,SPIRIT MIXERS - GK SPIRITS,single choice,no,POSTMIX LIGHT TONIC,99600000500,,,,3.25,,no,222264345654
ANTICA SAMBUCA,GK,SPIRITS (DI/CE),German Kraft,All,drink,Spring,6,0,,,20,20,,,SPIRIT MIXERS,SPIRIT MIXERS - GK SPIRITS,single choice,no,POSTMIX APPLE JUICE,99600000800,,,,3.25,,no,222264345654
ANTICA SAMBUCA,GK,SPIRITS (DI/CE),German Kraft,All,drink,Spring,6,0,,,20,20,,,SPIRIT MIXERS,SPIRIT MIXERS - GK SPIRITS,single choice,no,POSTMIX ORANGE JUICE,99600001000,,,,3.25,,no,222264345654
ANTICA SAMBUCA,GK,SPIRITS (DI/CE),German Kraft,All,drink,Spring,6,0,,,20,20,,,SPIRIT MIXERS,SPIRIT MIXERS - GK SPIRITS,single choice,no,POSTMIX CRANBERRY JUICE,99600000900,,,,3.25,,no,222264345654
ANTICA SAMBUCA,GK,SPIRITS (DI/CE),German Kraft,All,drink,Spring,6,0,,,20,20,,,SPIRIT MIXERS,SPIRIT MIXERS - GK SPIRITS,single choice,no,POSTMIX PINEAPPLE JUICE,99600001100,,,,3.25,,no,222264345654
ANTICA SAMBUCA,GK,SPIRITS (DI/CE),German Kraft,All,drink,Spring,6,0,,,20,20,,,SPIRIT MIXERS,SPIRIT MIXERS - GK SPIRITS,single choice,no,POSTMIX PINK GRAPEFRUIT JUICE,25200003900,,,,3.25,,no,222264345654
ANTICA SAMBUCA,GK,SPIRITS (DI/CE),German Kraft,All,drink,Spring,6,0,,,20,20,,,SPIRIT MIXERS,SPIRIT MIXERS - GK SPIRITS,single choice,no,F&S SODA WATER,25100001600,,,,3.25,,no,222264345654
ANTICA SAMBUCA,GK,SPIRITS (DI/CE),German Kraft,All,drink,Spring,6,0,,,20,20,,,SPIRIT MIXERS,SPIRIT MIXERS - GK SPIRITS,single choice,no,FRANKLIN & SONS COLA,25100000400,,,,3.25,,no,222264345654
ANTICA SAMBUCA,GK,SPIRITS (DI/CE),German Kraft,All,drink,Spring,6,0,,,20,20,,,SPIRIT MIXERS,SPIRIT MIXERS - GK SPIRITS,single choice,no,F&S LEMONADE,25100001100,,,,3.25,,no,222264345654
ANTICA SAMBUCA,GK,SPIRITS (DI/CE),German Kraft,All,drink,Spring,6,0,,,20,20,,,SPIRIT MIXERS,SPIRIT MIXERS - GK SPIRITS,single choice,no,F&S GINGER BEER,25100000800,,,,3.25,,no,222264345654
ANTICA SAMBUCA,GK,SPIRITS (DI/CE),German Kraft,All,drink,Spring,6,0,,,20,20,,,SPIRIT MIXERS,SPIRIT MIXERS - GK SPIRITS,single choice,no,F&S GINGER ALE,25100000700,,,,3.25,,no,222264345654
ANTICA SAMBUCA,GK,SPIRITS (DI/CE),German Kraft,All,drink,Spring,6,0,,,20,20,,,SPIRIT MIXERS,SPIRIT MIXERS - GK SPIRITS,single choice,no,F&S INDIAN TONIC,25100002000,,,,3.25,,no,222264345654
ANTICA SAMBUCA,GK,SPIRITS (DI/CE),German Kraft,All,drink,Spring,6,0,,,20,20,,,SPIRIT MIXERS,SPIRIT MIXERS - GK SPIRITS,single choice,no,F&S LIGHT TONIC,25100002200,,,,3.25,,no,222264345654
ANTICA SAMBUCA,GK,SPIRITS (DI/CE),German Kraft,All,drink,Spring,6,0,,,20,20,,,SPIRIT MIXERS,SPIRIT MIXERS - GK SPIRITS,single choice,no,F&S MALLORCAN TONIC,25100001200,,,,3.25,,no,222264345654
ANTICA SAMBUCA,GK,SPIRITS (DI/CE),German Kraft,All,drink,Spring,6,0,,,20,20,,,SPIRIT MIXERS,SPIRIT MIXERS - GK SPIRITS,single choice,no,F&S GRAPEFRUIT TONIC,25100000900,,,,3.25,,no,222264345654
ANTICA SAMBUCA,GK,SPIRITS (DI/CE),German Kraft,All,drink,Spring,6,0,,,20,20,,,SPIRIT MIXERS,SPIRIT MIXERS - GK SPIRITS,single choice,no,TWO KEYS PINK GRAPEFRUIT,25100003900,,,,3.25,,no,222264345654
ANTICA SAMBUCA,GK,SPIRITS (DI/CE),German Kraft,All,drink,Spring,6,0,,,20,20,,,SPIRIT MIXERS,SPIRIT MIXERS - GK SPIRITS,single choice,no,FEVERTREE AROMATIC,25100000300,,,,3.25,,no,222264345654
ANTICA SAMBUCA,GK,SPIRITS (DI/CE),German Kraft,All,drink,Spring,6,0,,,20,20,,,SPIRIT MIXERS,SPIRIT MIXERS - GK SPIRITS,single choice,no,FEVERTREE CUCUMBER,25100000500,,,,3.25,,no,222264345654
ANTICA SAMBUCA,GK,SPIRITS (DI/CE),German Kraft,All,drink,Spring,6,0,,,20,20,,,SPIRIT MIXERS,SPIRIT MIXERS - GK SPIRITS,single choice,no,FEVERTREE ELDERFLOWER,25100000600,,,,3.25,,no,222264345654
ANTICA SAMBUCA,GK,SPIRITS (DI/CE),German Kraft,All,drink,Spring,6,0,,,20,20,,,SPIRIT MIXERS,SPIRIT MIXERS - GK SPIRITS,single choice,no,FRITZ KOLA,GK,,,,3,,no,222264345654
ANTICA SAMBUCA,GK,SPIRITS (DI/CE),German Kraft,All,drink,Spring,6,0,,,20,20,,,SPIRIT MIXERS,SPIRIT MIXERS - GK SPIRITS,single choice,no,FRITZ LIMO,GK,,,,3,,no,222264345654
CAZCABEL COFFEE TEQUILA,22600001500,SPIRITS (DI/CE),German Kraft,All,drink,Spring,6,0,,,20,20,,,MEASURE,MEASURE - GK CAZCABEL COFFEE TEQUILA,single choice,no,SINGLE (25ML),22600001500,,,,0,,yes,222264224848
CAZCABEL COFFEE TEQUILA,22600001500,SPIRITS (DI/CE),German Kraft,All,drink,Spring,6,0,,,20,20,,,MEASURE,MEASURE - GK CAZCABEL COFFEE TEQUILA,single choice,no,DOUBLE (50ML),22600001508,,,,2.25,,no,222264224848
CAZCABEL COFFEE TEQUILA,22600001500,SPIRITS (DI/CE),German Kraft,All,drink,Spring,6,0,,,20,20,,,SPIRIT MIXERS,SPIRIT MIXERS - GK SPIRITS,single choice,no,NO MIXER,GK,,,,0,,yes,222264219354
CAZCABEL COFFEE TEQUILA,22600001500,SPIRITS (DI/CE),German Kraft,All,drink,Spring,6,0,,,20,20,,,SPIRIT MIXERS,SPIRIT MIXERS - GK SPIRITS,single choice,no,POSTMIX SODA WATER,99600000600,,,,1,,no,222264219354
CAZCABEL COFFEE TEQUILA,22600001500,SPIRITS (DI/CE),German Kraft,All,drink,Spring,6,0,,,20,20,,,SPIRIT MIXERS,SPIRIT MIXERS - GK SPIRITS,single choice,no,DIET COLA,25200000600,,,,3.25,,no,222264219354
CAZCABEL COFFEE TEQUILA,22600001500,SPIRITS (DI/CE),German Kraft,All,drink,Spring,6,0,,,20,20,,,SPIRIT MIXERS,SPIRIT MIXERS - GK SPIRITS,single choice,no,POSTMIX COLA,99600000100,,,,3.25,,no,222264219354
CAZCABEL COFFEE TEQUILA,22600001500,SPIRITS (DI/CE),German Kraft,All,drink,Spring,6,0,,,20,20,,,SPIRIT MIXERS,SPIRIT MIXERS - GK SPIRITS,single choice,no,POSTMIX DIET COLA,99600000200,,,,3.25,,no,222264219354
CAZCABEL COFFEE TEQUILA,22600001500,SPIRITS (DI/CE),German Kraft,All,drink,Spring,6,0,,,20,20,,,SPIRIT MIXERS,SPIRIT MIXERS - GK SPIRITS,single choice,no,POSTMIX LEMONADE,99600000300,,,,3.25,,no,222264219354
CAZCABEL COFFEE TEQUILA,22600001500,SPIRITS (DI/CE),German Kraft,All,drink,Spring,6,0,,,20,20,,,SPIRIT MIXERS,SPIRIT MIXERS - GK SPIRITS,single choice,no,POSTMIX GINGER BEER,99600000700,,,,3.25,,no,222264219354
CAZCABEL COFFEE TEQUILA,22600001500,SPIRITS (DI/CE),German Kraft,All,drink,Spring,6,0,,,20,20,,,SPIRIT MIXERS,SPIRIT MIXERS - GK SPIRITS,single choice,no,POSTMIX INDIAN TONIC,99600000400,,,,3.25,,no,222264219354
CAZCABEL COFFEE TEQUILA,22600001500,SPIRITS (DI/CE),German Kraft,All,drink,Spring,6,0,,,20,20,,,SPIRIT MIXERS,SPIRIT MIXERS - GK SPIRITS,single choice,no,POSTMIX LIGHT TONIC,99600000500,,,,3.25,,no,222264219354
CAZCABEL COFFEE TEQUILA,22600001500,SPIRITS (DI/CE),German Kraft,All,drink,Spring,6,0,,,20,20,,,SPIRIT MIXERS,SPIRIT MIXERS - GK SPIRITS,single choice,no,POSTMIX APPLE JUICE,99600000800,,,,3.25,,no,222264219354
CAZCABEL COFFEE TEQUILA,22600001500,SPIRITS (DI/CE),German Kraft,All,drink,Spring,6,0,,,20,20,,,SPIRIT MIXERS,SPIRIT MIXERS - GK SPIRITS,single choice,no,POSTMIX ORANGE JUICE,99600001000,,,,3.25,,no,222264219354
CAZCABEL COFFEE TEQUILA,22600001500,SPIRITS (DI/CE),German Kraft,All,drink,Spring,6,0,,,20,20,,,SPIRIT MIXERS,SPIRIT MIXERS - GK SPIRITS,single choice,no,POSTMIX CRANBERRY JUICE,99600000900,,,,3.25,,no,222264219354
CAZCABEL COFFEE TEQUILA,22600001500,SPIRITS (DI/CE),German Kraft,All,drink,Spring,6,0,,,20,20,,,SPIRIT MIXERS,SPIRIT MIXERS - GK SPIRITS,single choice,no,POSTMIX PINEAPPLE JUICE,99600001100,,,,3.25,,no,222264219354
CAZCABEL COFFEE TEQUILA,22600001500,SPIRITS (DI/CE),German Kraft,All,drink,Spring,6,0,,,20,20,,,SPIRIT MIXERS,SPIRIT MIXERS - GK SPIRITS,single choice,no,POSTMIX PINK GRAPEFRUIT JUICE,25200003900,,,,3.25,,no,222264219354
CAZCABEL COFFEE TEQUILA,22600001500,SPIRITS (DI/CE),German Kraft,All,drink,Spring,6,0,,,20,20,,,SPIRIT MIXERS,SPIRIT MIXERS - GK SPIRITS,single choice,no,F&S SODA WATER,25100001600,,,,3.25,,no,222264219354
CAZCABEL COFFEE TEQUILA,22600001500,SPIRITS (DI/CE),German Kraft,All,drink,Spring,6,0,,,20,20,,,SPIRIT MIXERS,SPIRIT MIXERS - GK SPIRITS,single choice,no,FRANKLIN & SONS COLA,25100000400,,,,3.25,,no,222264219354
CAZCABEL COFFEE TEQUILA,22600001500,SPIRITS (DI/CE),German Kraft,All,drink,Spring,6,0,,,20,20,,,SPIRIT MIXERS,SPIRIT MIXERS - GK SPIRITS,single choice,no,F&S LEMONADE,25100001100,,,,3.25,,no,222264219354
CAZCABEL COFFEE TEQUILA,22600001500,SPIRITS (DI/CE),German Kraft,All,drink,Spring,6,0,,,20,20,,,SPIRIT MIXERS,SPIRIT MIXERS - GK SPIRITS,single choice,no,F&S GINGER BEER,25100000800,,,,3.25,,no,222264219354
CAZCABEL COFFEE TEQUILA,22600001500,SPIRITS (DI/CE),German Kraft,All,drink,Spring,6,0,,,20,20,,,SPIRIT MIXERS,SPIRIT MIXERS - GK SPIRITS,single choice,no,F&S GINGER ALE,25100000700,,,,3.25,,no,222264219354
CAZCABEL COFFEE TEQUILA,22600001500,SPIRITS (DI/CE),German Kraft,All,drink,Spring,6,0,,,20,20,,,SPIRIT MIXERS,SPIRIT MIXERS - GK SPIRITS,single choice,no,F&S INDIAN TONIC,25100002000,,,,3.25,,no,222264219354
CAZCABEL COFFEE TEQUILA,22600001500,SPIRITS (DI/CE),German Kraft,All,drink,Spring,6,0,,,20,20,,,SPIRIT MIXERS,SPIRIT MIXERS - GK SPIRITS,single choice,no,F&S LIGHT TONIC,25100002200,,,,3.25,,no,222264219354
CAZCABEL COFFEE TEQUILA,22600001500,SPIRITS (DI/CE),German Kraft,All,drink,Spring,6,0,,,20,20,,,SPIRIT MIXERS,SPIRIT MIXERS - GK SPIRITS,single choice,no,F&S MALLORCAN TONIC,25100001200,,,,3.25,,no,222264219354
CAZCABEL COFFEE TEQUILA,22600001500,SPIRITS (DI/CE),German Kraft,All,drink,Spring,6,0,,,20,20,,,SPIRIT MIXERS,SPIRIT MIXERS - GK SPIRITS,single choice,no,F&S GRAPEFRUIT TONIC,25100000900,,,,3.25,,no,222264219354
CAZCABEL COFFEE TEQUILA,22600001500,SPIRITS (DI/CE),German Kraft,All,drink,Spring,6,0,,,20,20,,,SPIRIT MIXERS,SPIRIT MIXERS - GK SPIRITS,single choice,no,TWO KEYS PINK GRAPEFRUIT,25100003900,,,,3.25,,no,222264219354
CAZCABEL COFFEE TEQUILA,22600001500,SPIRITS (DI/CE),German Kraft,All,drink,Spring,6,0,,,20,20,,,SPIRIT MIXERS,SPIRIT MIXERS - GK SPIRITS,single choice,no,FEVERTREE AROMATIC,25100000300,,,,3.25,,no,222264219354
CAZCABEL COFFEE TEQUILA,22600001500,SPIRITS (DI/CE),German Kraft,All,drink,Spring,6,0,,,20,20,,,SPIRIT MIXERS,SPIRIT MIXERS - GK SPIRITS,single choice,no,FEVERTREE CUCUMBER,25100000500,,,,3.25,,no,222264219354
CAZCABEL COFFEE TEQUILA,22600001500,SPIRITS (DI/CE),German Kraft,All,drink,Spring,6,0,,,20,20,,,SPIRIT MIXERS,SPIRIT MIXERS - GK SPIRITS,single choice,no,FEVERTREE ELDERFLOWER,25100000600,,,,3.25,,no,222264219354
CAZCABEL COFFEE TEQUILA,22600001500,SPIRITS (DI/CE),German Kraft,All,drink,Spring,6,0,,,20,20,,,SPIRIT MIXERS,SPIRIT MIXERS - GK SPIRITS,single choice,no,FRITZ KOLA,GK,,,,3,,no,222264219354
CAZCABEL COFFEE TEQUILA,22600001500,SPIRITS (DI/CE),German Kraft,All,drink,Spring,6,0,,,20,20,,,SPIRIT MIXERS,SPIRIT MIXERS - GK SPIRITS,single choice,no,FRITZ LIMO,GK,,,,3,,no,222264219354
CAZCABEL HONEY,GK,SPIRITS (DI/CE),German Kraft,All,drink,Spring,6,0,,,20,20,,,MEASURE,MEASURE - GK CAZCABEL HONEY,single choice,no,SINGLE (25ML),22600009200,,,,0,,yes,222264215548
CAZCABEL HONEY,GK,SPIRITS (DI/CE),German Kraft,All,drink,Spring,6,0,,,20,20,,,MEASURE,MEASURE - GK CAZCABEL HONEY,single choice,no,DOUBLE (50ML),22600009208,,,,2.25,,no,222264215548
CAZCABEL HONEY,GK,SPIRITS (DI/CE),German Kraft,All,drink,Spring,6,0,,,20,20,,,SPIRIT MIXERS,SPIRIT MIXERS - GK SPIRITS,single choice,no,NO MIXER,GK,,,,0,,yes,222264210054
CAZCABEL HONEY,GK,SPIRITS (DI/CE),German Kraft,All,drink,Spring,6,0,,,20,20,,,SPIRIT MIXERS,SPIRIT MIXERS - GK SPIRITS,single choice,no,POSTMIX SODA WATER,99600000600,,,,1,,no,222264210054
CAZCABEL HONEY,GK,SPIRITS (DI/CE),German Kraft,All,drink,Spring,6,0,,,20,20,,,SPIRIT MIXERS,SPIRIT MIXERS - GK SPIRITS,single choice,no,DIET COLA,25200000600,,,,3.25,,no,222264210054
CAZCABEL HONEY,GK,SPIRITS (DI/CE),German Kraft,All,drink,Spring,6,0,,,20,20,,,SPIRIT MIXERS,SPIRIT MIXERS - GK SPIRITS,single choice,no,POSTMIX COLA,99600000100,,,,3.25,,no,222264210054
CAZCABEL HONEY,GK,SPIRITS (DI/CE),German Kraft,All,drink,Spring,6,0,,,20,20,,,SPIRIT MIXERS,SPIRIT MIXERS - GK SPIRITS,single choice,no,POSTMIX DIET COLA,99600000200,,,,3.25,,no,222264210054
CAZCABEL HONEY,GK,SPIRITS (DI/CE),German Kraft,All,drink,Spring,6,0,,,20,20,,,SPIRIT MIXERS,SPIRIT MIXERS - GK SPIRITS,single choice,no,POSTMIX LEMONADE,99600000300,,,,3.25,,no,222264210054
CAZCABEL HONEY,GK,SPIRITS (DI/CE),German Kraft,All,drink,Spring,6,0,,,20,20,,,SPIRIT MIXERS,SPIRIT MIXERS - GK SPIRITS,single choice,no,POSTMIX GINGER BEER,99600000700,,,,3.25,,no,222264210054
CAZCABEL HONEY,GK,SPIRITS (DI/CE),German Kraft,All,drink,Spring,6,0,,,20,20,,,SPIRIT MIXERS,SPIRIT MIXERS - GK SPIRITS,single choice,no,POSTMIX INDIAN TONIC,99600000400,,,,3.25,,no,222264210054
CAZCABEL HONEY,GK,SPIRITS (DI/CE),German Kraft,All,drink,Spring,6,0,,,20,20,,,SPIRIT MIXERS,SPIRIT MIXERS - GK SPIRITS,single choice,no,POSTMIX LIGHT TONIC,99600000500,,,,3.25,,no,222264210054
CAZCABEL HONEY,GK,SPIRITS (DI/CE),German Kraft,All,drink,Spring,6,0,,,20,20,,,SPIRIT MIXERS,SPIRIT MIXERS - GK SPIRITS,single choice,no,POSTMIX APPLE JUICE,99600000800,,,,3.25,,no,222264210054
CAZCABEL HONEY,GK,SPIRITS (DI/CE),German Kraft,All,drink,Spring,6,0,,,20,20,,,SPIRIT MIXERS,SPIRIT MIXERS - GK SPIRITS,single choice,no,POSTMIX ORANGE JUICE,99600001000,,,,3.25,,no,222264210054
CAZCABEL HONEY,GK,SPIRITS (DI/CE),German Kraft,All,drink,Spring,6,0,,,20,20,,,SPIRIT MIXERS,SPIRIT MIXERS - GK SPIRITS,single choice,no,POSTMIX CRANBERRY JUICE,99600000900,,,,3.25,,no,222264210054
CAZCABEL HONEY,GK,SPIRITS (DI/CE),German Kraft,All,drink,Spring,6,0,,,20,20,,,SPIRIT MIXERS,SPIRIT MIXERS - GK SPIRITS,single choice,no,POSTMIX PINEAPPLE JUICE,99600001100,,,,3.25,,no,222264210054
CAZCABEL HONEY,GK,SPIRITS (DI/CE),German Kraft,All,drink,Spring,6,0,,,20,20,,,SPIRIT MIXERS,SPIRIT MIXERS - GK SPIRITS,single choice,no,POSTMIX PINK GRAPEFRUIT JUICE,25200003900,,,,3.25,,no,222264210054
CAZCABEL HONEY,GK,SPIRITS (DI/CE),German Kraft,All,drink,Spring,6,0,,,20,20,,,SPIRIT MIXERS,SPIRIT MIXERS - GK SPIRITS,single choice,no,F&S SODA WATER,25100001600,,,,3.25,,no,222264210054
CAZCABEL HONEY,GK,SPIRITS (DI/CE),German Kraft,All,drink,Spring,6,0,,,20,20,,,SPIRIT MIXERS,SPIRIT MIXERS - GK SPIRITS,single choice,no,FRANKLIN & SONS COLA,25100000400,,,,3.25,,no,222264210054
CAZCABEL HONEY,GK,SPIRITS (DI/CE),German Kraft,All,drink,Spring,6,0,,,20,20,,,SPIRIT MIXERS,SPIRIT MIXERS - GK SPIRITS,single choice,no,F&S LEMONADE,25100001100,,,,3.25,,no,222264210054
CAZCABEL HONEY,GK,SPIRITS (DI/CE),German Kraft,All,drink,Spring,6,0,,,20,20,,,SPIRIT MIXERS,SPIRIT MIXERS - GK SPIRITS,single choice,no,F&S GINGER BEER,25100000800,,,,3.25,,no,222264210054
CAZCABEL HONEY,GK,SPIRITS (DI/CE),German Kraft,All,drink,Spring,6,0,,,20,20,,,SPIRIT MIXERS,SPIRIT MIXERS - GK SPIRITS,single choice,no,F&S GINGER ALE,25100000700,,,,3.25,,no,222264210054
CAZCABEL HONEY,GK,SPIRITS (DI/CE),German Kraft,All,drink,Spring,6,0,,,20,20,,,SPIRIT MIXERS,SPIRIT MIXERS - GK SPIRITS,single choice,no,F&S INDIAN TONIC,25100002000,,,,3.25,,no,222264210054
CAZCABEL HONEY,GK,SPIRITS (DI/CE),German Kraft,All,drink,Spring,6,0,,,20,20,,,SPIRIT MIXERS,SPIRIT MIXERS - GK SPIRITS,single choice,no,F&S LIGHT TONIC,25100002200,,,,3.25,,no,222264210054
CAZCABEL HONEY,GK,SPIRITS (DI/CE),German Kraft,All,drink,Spring,6,0,,,20,20,,,SPIRIT MIXERS,SPIRIT MIXERS - GK SPIRITS,single choice,no,F&S MALLORCAN TONIC,25100001200,,,,3.25,,no,222264210054
CAZCABEL HONEY,GK,SPIRITS (DI/CE),German Kraft,All,drink,Spring,6,0,,,20,20,,,SPIRIT MIXERS,SPIRIT MIXERS - GK SPIRITS,single choice,no,F&S GRAPEFRUIT TONIC,25100000900,,,,3.25,,no,222264210054
CAZCABEL HONEY,GK,SPIRITS (DI/CE),German Kraft,All,drink,Spring,6,0,,,20,20,,,SPIRIT MIXERS,SPIRIT MIXERS - GK SPIRITS,single choice,no,TWO KEYS PINK GRAPEFRUIT,25100003900,,,,3.25,,no,222264210054
CAZCABEL HONEY,GK,SPIRITS (DI/CE),German Kraft,All,drink,Spring,6,0,,,20,20,,,SPIRIT MIXERS,SPIRIT MIXERS - GK SPIRITS,single choice,no,FEVERTREE AROMATIC,25100000300,,,,3.25,,no,222264210054
CAZCABEL HONEY,GK,SPIRITS (DI/CE),German Kraft,All,drink,Spring,6,0,,,20,20,,,SPIRIT MIXERS,SPIRIT MIXERS - GK SPIRITS,single choice,no,FEVERTREE CUCUMBER,25100000500,,,,3.25,,no,222264210054
CAZCABEL HONEY,GK,SPIRITS (DI/CE),German Kraft,All,drink,Spring,6,0,,,20,20,,,SPIRIT MIXERS,SPIRIT MIXERS - GK SPIRITS,single choice,no,FEVERTREE ELDERFLOWER,25100000600,,,,3.25,,no,222264210054
CAZCABEL HONEY,GK,SPIRITS (DI/CE),German Kraft,All,drink,Spring,6,0,,,20,20,,,SPIRIT MIXERS,SPIRIT MIXERS - GK SPIRITS,single choice,no,FRITZ KOLA,GK,,,,3,,no,222264210054
CAZCABEL HONEY,GK,SPIRITS (DI/CE),German Kraft,All,drink,Spring,6,0,,,20,20,,,SPIRIT MIXERS,SPIRIT MIXERS - GK SPIRITS,single choice,no,FRITZ LIMO,GK,,,,3,,no,222264210054
CAZCABEL REPOSADO,GK,SPIRITS (DI/CE),German Kraft,All,drink,Spring,6.25,0,,,20,20,,,MEASURE,MEASURE - GK CAZCABEL REPOSADO,single choice,no,SINGLE (25ML),22600009400,,,,0,,yes,222264203348
CAZCABEL REPOSADO,GK,SPIRITS (DI/CE),German Kraft,All,drink,Spring,6.25,0,,,20,20,,,MEASURE,MEASURE - GK CAZCABEL REPOSADO,single choice,no,DOUBLE (50ML),22600009408,,,,3,,no,222264203348
CAZCABEL REPOSADO,GK,SPIRITS (DI/CE),German Kraft,All,drink,Spring,6.25,0,,,20,20,,,SPIRIT MIXERS,SPIRIT MIXERS - GK SPIRITS,single choice,no,NO MIXER,GK,,,,0,,yes,222264197854
CAZCABEL REPOSADO,GK,SPIRITS (DI/CE),German Kraft,All,drink,Spring,6.25,0,,,20,20,,,SPIRIT MIXERS,SPIRIT MIXERS - GK SPIRITS,single choice,no,POSTMIX SODA WATER,99600000600,,,,1,,no,222264197854
CAZCABEL REPOSADO,GK,SPIRITS (DI/CE),German Kraft,All,drink,Spring,6.25,0,,,20,20,,,SPIRIT MIXERS,SPIRIT MIXERS - GK SPIRITS,single choice,no,DIET COLA,25200000600,,,,3.25,,no,222264197854
CAZCABEL REPOSADO,GK,SPIRITS (DI/CE),German Kraft,All,drink,Spring,6.25,0,,,20,20,,,SPIRIT MIXERS,SPIRIT MIXERS - GK SPIRITS,single choice,no,POSTMIX COLA,99600000100,,,,3.25,,no,222264197854
CAZCABEL REPOSADO,GK,SPIRITS (DI/CE),German Kraft,All,drink,Spring,6.25,0,,,20,20,,,SPIRIT MIXERS,SPIRIT MIXERS - GK SPIRITS,single choice,no,POSTMIX DIET COLA,99600000200,,,,3.25,,no,222264197854
CAZCABEL REPOSADO,GK,SPIRITS (DI/CE),German Kraft,All,drink,Spring,6.25,0,,,20,20,,,SPIRIT MIXERS,SPIRIT MIXERS - GK SPIRITS,single choice,no,POSTMIX LEMONADE,99600000300,,,,3.25,,no,222264197854
CAZCABEL REPOSADO,GK,SPIRITS (DI/CE),German Kraft,All,drink,Spring,6.25,0,,,20,20,,,SPIRIT MIXERS,SPIRIT MIXERS - GK SPIRITS,single choice,no,POSTMIX GINGER BEER,99600000700,,,,3.25,,no,222264197854
CAZCABEL REPOSADO,GK,SPIRITS (DI/CE),German Kraft,All,drink,Spring,6.25,0,,,20,20,,,SPIRIT MIXERS,SPIRIT MIXERS - GK SPIRITS,single choice,no,POSTMIX INDIAN TONIC,99600000400,,,,3.25,,no,222264197854
CAZCABEL REPOSADO,GK,SPIRITS (DI/CE),German Kraft,All,drink,Spring,6.25,0,,,20,20,,,SPIRIT MIXERS,SPIRIT MIXERS - GK SPIRITS,single choice,no,POSTMIX LIGHT TONIC,99600000500,,,,3.25,,no,222264197854
CAZCABEL REPOSADO,GK,SPIRITS (DI/CE),German Kraft,All,drink,Spring,6.25,0,,,20,20,,,SPIRIT MIXERS,SPIRIT MIXERS - GK SPIRITS,single choice,no,POSTMIX APPLE JUICE,99600000800,,,,3.25,,no,222264197854
CAZCABEL REPOSADO,GK,SPIRITS (DI/CE),German Kraft,All,drink,Spring,6.25,0,,,20,20,,,SPIRIT MIXERS,SPIRIT MIXERS - GK SPIRITS,single choice,no,POSTMIX ORANGE JUICE,99600001000,,,,3.25,,no,222264197854
CAZCABEL REPOSADO,GK,SPIRITS (DI/CE),German Kraft,All,drink,Spring,6.25,0,,,20,20,,,SPIRIT MIXERS,SPIRIT MIXERS - GK SPIRITS,single choice,no,POSTMIX CRANBERRY JUICE,99600000900,,,,3.25,,no,222264197854
CAZCABEL REPOSADO,GK,SPIRITS (DI/CE),German Kraft,All,drink,Spring,6.25,0,,,20,20,,,SPIRIT MIXERS,SPIRIT MIXERS - GK SPIRITS,single choice,no,POSTMIX PINEAPPLE JUICE,99600001100,,,,3.25,,no,222264197854
CAZCABEL REPOSADO,GK,SPIRITS (DI/CE),German Kraft,All,drink,Spring,6.25,0,,,20,20,,,SPIRIT MIXERS,SPIRIT MIXERS - GK SPIRITS,single choice,no,POSTMIX PINK GRAPEFRUIT JUICE,25200003900,,,,3.25,,no,222264197854
CAZCABEL REPOSADO,GK,SPIRITS (DI/CE),German Kraft,All,drink,Spring,6.25,0,,,20,20,,,SPIRIT MIXERS,SPIRIT MIXERS - GK SPIRITS,single choice,no,F&S SODA WATER,25100001600,,,,3.25,,no,222264197854
CAZCABEL REPOSADO,GK,SPIRITS (DI/CE),German Kraft,All,drink,Spring,6.25,0,,,20,20,,,SPIRIT MIXERS,SPIRIT MIXERS - GK SPIRITS,single choice,no,FRANKLIN & SONS COLA,25100000400,,,,3.25,,no,222264197854
CAZCABEL REPOSADO,GK,SPIRITS (DI/CE),German Kraft,All,drink,Spring,6.25,0,,,20,20,,,SPIRIT MIXERS,SPIRIT MIXERS - GK SPIRITS,single choice,no,F&S LEMONADE,25100001100,,,,3.25,,no,222264197854
CAZCABEL REPOSADO,GK,SPIRITS (DI/CE),German Kraft,All,drink,Spring,6.25,0,,,20,20,,,SPIRIT MIXERS,SPIRIT MIXERS - GK SPIRITS,single choice,no,F&S GINGER BEER,25100000800,,,,3.25,,no,222264197854
CAZCABEL REPOSADO,GK,SPIRITS (DI/CE),German Kraft,All,drink,Spring,6.25,0,,,20,20,,,SPIRIT MIXERS,SPIRIT MIXERS - GK SPIRITS,single choice,no,F&S GINGER ALE,25100000700,,,,3.25,,no,222264197854
CAZCABEL REPOSADO,GK,SPIRITS (DI/CE),German Kraft,All,drink,Spring,6.25,0,,,20,20,,,SPIRIT MIXERS,SPIRIT MIXERS - GK SPIRITS,single choice,no,F&S INDIAN TONIC,25100002000,,,,3.25,,no,222264197854
CAZCABEL REPOSADO,GK,SPIRITS (DI/CE),German Kraft,All,drink,Spring,6.25,0,,,20,20,,,SPIRIT MIXERS,SPIRIT MIXERS - GK SPIRITS,single choice,no,F&S LIGHT TONIC,25100002200,,,,3.25,,no,222264197854
CAZCABEL REPOSADO,GK,SPIRITS (DI/CE),German Kraft,All,drink,Spring,6.25,0,,,20,20,,,SPIRIT MIXERS,SPIRIT MIXERS - GK SPIRITS,single choice,no,F&S MALLORCAN TONIC,25100001200,,,,3.25,,no,222264197854
CAZCABEL REPOSADO,GK,SPIRITS (DI/CE),German Kraft,All,drink,Spring,6.25,0,,,20,20,,,SPIRIT MIXERS,SPIRIT MIXERS - GK SPIRITS,single choice,no,F&S GRAPEFRUIT TONIC,25100000900,,,,3.25,,no,222264197854
CAZCABEL REPOSADO,GK,SPIRITS (DI/CE),German Kraft,All,drink,Spring,6.25,0,,,20,20,,,SPIRIT MIXERS,SPIRIT MIXERS - GK SPIRITS,single choice,no,TWO KEYS PINK GRAPEFRUIT,25100003900,,,,3.25,,no,222264197854
CAZCABEL REPOSADO,GK,SPIRITS (DI/CE),German Kraft,All,drink,Spring,6.25,0,,,20,20,,,SPIRIT MIXERS,SPIRIT MIXERS - GK SPIRITS,single choice,no,FEVERTREE AROMATIC,25100000300,,,,3.25,,no,222264197854
CAZCABEL REPOSADO,GK,SPIRITS (DI/CE),German Kraft,All,drink,Spring,6.25,0,,,20,20,,,SPIRIT MIXERS,SPIRIT MIXERS - GK SPIRITS,single choice,no,FEVERTREE CUCUMBER,25100000500,,,,3.25,,no,222264197854
CAZCABEL REPOSADO,GK,SPIRITS (DI/CE),German Kraft,All,drink,Spring,6.25,0,,,20,20,,,SPIRIT MIXERS,SPIRIT MIXERS - GK SPIRITS,single choice,no,FEVERTREE ELDERFLOWER,25100000600,,,,3.25,,no,222264197854
CAZCABEL REPOSADO,GK,SPIRITS (DI/CE),German Kraft,All,drink,Spring,6.25,0,,,20,20,,,SPIRIT MIXERS,SPIRIT MIXERS - GK SPIRITS,single choice,no,FRITZ KOLA,GK,,,,3,,no,222264197854
CAZCABEL REPOSADO,GK,SPIRITS (DI/CE),German Kraft,All,drink,Spring,6.25,0,,,20,20,,,SPIRIT MIXERS,SPIRIT MIXERS - GK SPIRITS,single choice,no,FRITZ LIMO,GK,,,,3,,no,222264197854
GNARLY AGAVE TEQUILA,GK,SPIRITS (GB/GH),German Kraft,All,drink,Cobalt,6.25,0,,,20,20,,,MEASURE,MEASURE - GK GNARLY AGAVE TEQUILA,single choice,no,SINGLE (25ML),22600010900,,,,0,,yes,221830785048
GNARLY AGAVE TEQUILA,GK,SPIRITS (GB/GH),German Kraft,All,drink,Cobalt,6.25,0,,,20,20,,,MEASURE,MEASURE - GK GNARLY AGAVE TEQUILA,single choice,no,DOUBLE (50ML),22600010908,,,,3,,no,221830785048
GNARLY AGAVE TEQUILA,GK,SPIRITS (GB/GH),German Kraft,All,drink,Cobalt,6.25,0,,,20,20,,,SPIRIT MIXERS,SPIRIT MIXERS - GK SPIRITS,single choice,no,NO MIXER,GK,,,,0,,yes,221830779554
GNARLY AGAVE TEQUILA,GK,SPIRITS (GB/GH),German Kraft,All,drink,Cobalt,6.25,0,,,20,20,,,SPIRIT MIXERS,SPIRIT MIXERS - GK SPIRITS,single choice,no,POSTMIX SODA WATER,99600000600,,,,1,,no,221830779554
GNARLY AGAVE TEQUILA,GK,SPIRITS (GB/GH),German Kraft,All,drink,Cobalt,6.25,0,,,20,20,,,SPIRIT MIXERS,SPIRIT MIXERS - GK SPIRITS,single choice,no,DIET COLA,25200000600,,,,3.25,,no,221830779554
GNARLY AGAVE TEQUILA,GK,SPIRITS (GB/GH),German Kraft,All,drink,Cobalt,6.25,0,,,20,20,,,SPIRIT MIXERS,SPIRIT MIXERS - GK SPIRITS,single choice,no,POSTMIX COLA,99600000100,,,,3.25,,no,221830779554
GNARLY AGAVE TEQUILA,GK,SPIRITS (GB/GH),German Kraft,All,drink,Cobalt,6.25,0,,,20,20,,,SPIRIT MIXERS,SPIRIT MIXERS - GK SPIRITS,single choice,no,POSTMIX DIET COLA,99600000200,,,,3.25,,no,221830779554
GNARLY AGAVE TEQUILA,GK,SPIRITS (GB/GH),German Kraft,All,drink,Cobalt,6.25,0,,,20,20,,,SPIRIT MIXERS,SPIRIT MIXERS - GK SPIRITS,single choice,no,POSTMIX LEMONADE,99600000300,,,,3.25,,no,221830779554
GNARLY AGAVE TEQUILA,GK,SPIRITS (GB/GH),German Kraft,All,drink,Cobalt,6.25,0,,,20,20,,,SPIRIT MIXERS,SPIRIT MIXERS - GK SPIRITS,single choice,no,POSTMIX GINGER BEER,99600000700,,,,3.25,,no,221830779554
GNARLY AGAVE TEQUILA,GK,SPIRITS (GB/GH),German Kraft,All,drink,Cobalt,6.25,0,,,20,20,,,SPIRIT MIXERS,SPIRIT MIXERS - GK SPIRITS,single choice,no,POSTMIX INDIAN TONIC,99600000400,,,,3.25,,no,221830779554
GNARLY AGAVE TEQUILA,GK,SPIRITS (GB/GH),German Kraft,All,drink,Cobalt,6.25,0,,,20,20,,,SPIRIT MIXERS,SPIRIT MIXERS - GK SPIRITS,single choice,no,POSTMIX LIGHT TONIC,99600000500,,,,3.25,,no,221830779554
GNARLY AGAVE TEQUILA,GK,SPIRITS (GB/GH),German Kraft,All,drink,Cobalt,6.25,0,,,20,20,,,SPIRIT MIXERS,SPIRIT MIXERS - GK SPIRITS,single choice,no,POSTMIX APPLE JUICE,99600000800,,,,3.25,,no,221830779554
GNARLY AGAVE TEQUILA,GK,SPIRITS (GB/GH),German Kraft,All,drink,Cobalt,6.25,0,,,20,20,,,SPIRIT MIXERS,SPIRIT MIXERS - GK SPIRITS,single choice,no,POSTMIX ORANGE JUICE,99600001000,,,,3.25,,no,221830779554
GNARLY AGAVE TEQUILA,GK,SPIRITS (GB/GH),German Kraft,All,drink,Cobalt,6.25,0,,,20,20,,,SPIRIT MIXERS,SPIRIT MIXERS - GK SPIRITS,single choice,no,POSTMIX CRANBERRY JUICE,99600000900,,,,3.25,,no,221830779554
GNARLY AGAVE TEQUILA,GK,SPIRITS (GB/GH),German Kraft,All,drink,Cobalt,6.25,0,,,20,20,,,SPIRIT MIXERS,SPIRIT MIXERS - GK SPIRITS,single choice,no,POSTMIX PINEAPPLE JUICE,99600001100,,,,3.25,,no,221830779554
GNARLY AGAVE TEQUILA,GK,SPIRITS (GB/GH),German Kraft,All,drink,Cobalt,6.25,0,,,20,20,,,SPIRIT MIXERS,SPIRIT MIXERS - GK SPIRITS,single choice,no,POSTMIX PINK GRAPEFRUIT JUICE,25200003900,,,,3.25,,no,221830779554
GNARLY AGAVE TEQUILA,GK,SPIRITS (GB/GH),German Kraft,All,drink,Cobalt,6.25,0,,,20,20,,,SPIRIT MIXERS,SPIRIT MIXERS - GK SPIRITS,single choice,no,F&S SODA WATER,25100001600,,,,3.25,,no,221830779554
GNARLY AGAVE TEQUILA,GK,SPIRITS (GB/GH),German Kraft,All,drink,Cobalt,6.25,0,,,20,20,,,SPIRIT MIXERS,SPIRIT MIXERS - GK SPIRITS,single choice,no,FRANKLIN & SONS COLA,25100000400,,,,3.25,,no,221830779554
GNARLY AGAVE TEQUILA,GK,SPIRITS (GB/GH),German Kraft,All,drink,Cobalt,6.25,0,,,20,20,,,SPIRIT MIXERS,SPIRIT MIXERS - GK SPIRITS,single choice,no,F&S LEMONADE,25100001100,,,,3.25,,no,221830779554
GNARLY AGAVE TEQUILA,GK,SPIRITS (GB/GH),German Kraft,All,drink,Cobalt,6.25,0,,,20,20,,,SPIRIT MIXERS,SPIRIT MIXERS - GK SPIRITS,single choice,no,F&S GINGER BEER,25100000800,,,,3.25,,no,221830779554
GNARLY AGAVE TEQUILA,GK,SPIRITS (GB/GH),German Kraft,All,drink,Cobalt,6.25,0,,,20,20,,,SPIRIT MIXERS,SPIRIT MIXERS - GK SPIRITS,single choice,no,F&S GINGER ALE,25100000700,,,,3.25,,no,221830779554
GNARLY AGAVE TEQUILA,GK,SPIRITS (GB/GH),German Kraft,All,drink,Cobalt,6.25,0,,,20,20,,,SPIRIT MIXERS,SPIRIT MIXERS - GK SPIRITS,single choice,no,F&S INDIAN TONIC,25100002000,,,,3.25,,no,221830779554
GNARLY AGAVE TEQUILA,GK,SPIRITS (GB/GH),German Kraft,All,drink,Cobalt,6.25,0,,,20,20,,,SPIRIT MIXERS,SPIRIT MIXERS - GK SPIRITS,single choice,no,F&S LIGHT TONIC,25100002200,,,,3.25,,no,221830779554
GNARLY AGAVE TEQUILA,GK,SPIRITS (GB/GH),German Kraft,All,drink,Cobalt,6.25,0,,,20,20,,,SPIRIT MIXERS,SPIRIT MIXERS - GK SPIRITS,single choice,no,F&S MALLORCAN TONIC,25100001200,,,,3.25,,no,221830779554
GNARLY AGAVE TEQUILA,GK,SPIRITS (GB/GH),German Kraft,All,drink,Cobalt,6.25,0,,,20,20,,,SPIRIT MIXERS,SPIRIT MIXERS - GK SPIRITS,single choice,no,F&S GRAPEFRUIT TONIC,25100000900,,,,3.25,,no,221830779554
GNARLY AGAVE TEQUILA,GK,SPIRITS (GB/GH),German Kraft,All,drink,Cobalt,6.25,0,,,20,20,,,SPIRIT MIXERS,SPIRIT MIXERS - GK SPIRITS,single choice,no,TWO KEYS PINK GRAPEFRUIT,25100003900,,,,3.25,,no,221830779554
GNARLY AGAVE TEQUILA,GK,SPIRITS (GB/GH),German Kraft,All,drink,Cobalt,6.25,0,,,20,20,,,SPIRIT MIXERS,SPIRIT MIXERS - GK SPIRITS,single choice,no,FEVERTREE AROMATIC,25100000300,,,,3.25,,no,221830779554
GNARLY AGAVE TEQUILA,GK,SPIRITS (GB/GH),German Kraft,All,drink,Cobalt,6.25,0,,,20,20,,,SPIRIT MIXERS,SPIRIT MIXERS - GK SPIRITS,single choice,no,FEVERTREE CUCUMBER,25100000500,,,,3.25,,no,221830779554
GNARLY AGAVE TEQUILA,GK,SPIRITS (GB/GH),German Kraft,All,drink,Cobalt,6.25,0,,,20,20,,,SPIRIT MIXERS,SPIRIT MIXERS - GK SPIRITS,single choice,no,FEVERTREE ELDERFLOWER,25100000600,,,,3.25,,no,221830779554
GNARLY AGAVE TEQUILA,GK,SPIRITS (GB/GH),German Kraft,All,drink,Cobalt,6.25,0,,,20,20,,,SPIRIT MIXERS,SPIRIT MIXERS - GK SPIRITS,single choice,no,FRITZ KOLA,GK,,,,3,,no,221830779554
GNARLY AGAVE TEQUILA,GK,SPIRITS (GB/GH),German Kraft,All,drink,Cobalt,6.25,0,,,20,20,,,SPIRIT MIXERS,SPIRIT MIXERS - GK SPIRITS,single choice,no,FRITZ LIMO,GK,,,,3,,no,221830779554
KRAFT 37.5,GK,SPIRITS (GB/GH),German Kraft,All,drink,Cobalt,6,0,,,20,20,,,MEASURE,MEASURE - GK KRAFT 37.5,single choice,no,SINGLE (25ML),22100001200,,,,0,,yes,221830683348
KRAFT 37.5,GK,SPIRITS (GB/GH),German Kraft,All,drink,Cobalt,6,0,,,20,20,,,MEASURE,MEASURE - GK KRAFT 37.5,single choice,no,DOUBLE (50ML),22100001208,,,,2.25,,no,221830683348
KRAFT 37.5,GK,SPIRITS (GB/GH),German Kraft,All,drink,Cobalt,6,0,,,20,20,,,SPIRIT MIXERS,SPIRIT MIXERS - GK SPIRITS,single choice,no,NO MIXER,GK,,,,0,,yes,221830677854
KRAFT 37.5,GK,SPIRITS (GB/GH),German Kraft,All,drink,Cobalt,6,0,,,20,20,,,SPIRIT MIXERS,SPIRIT MIXERS - GK SPIRITS,single choice,no,POSTMIX SODA WATER,99600000600,,,,1,,no,221830677854
KRAFT 37.5,GK,SPIRITS (GB/GH),German Kraft,All,drink,Cobalt,6,0,,,20,20,,,SPIRIT MIXERS,SPIRIT MIXERS - GK SPIRITS,single choice,no,DIET COLA,25200000600,,,,3.25,,no,221830677854
KRAFT 37.5,GK,SPIRITS (GB/GH),German Kraft,All,drink,Cobalt,6,0,,,20,20,,,SPIRIT MIXERS,SPIRIT MIXERS - GK SPIRITS,single choice,no,POSTMIX COLA,99600000100,,,,3.25,,no,221830677854
KRAFT 37.5,GK,SPIRITS (GB/GH),German Kraft,All,drink,Cobalt,6,0,,,20,20,,,SPIRIT MIXERS,SPIRIT MIXERS - GK SPIRITS,single choice,no,POSTMIX DIET COLA,99600000200,,,,3.25,,no,221830677854
KRAFT 37.5,GK,SPIRITS (GB/GH),German Kraft,All,drink,Cobalt,6,0,,,20,20,,,SPIRIT MIXERS,SPIRIT MIXERS - GK SPIRITS,single choice,no,POSTMIX LEMONADE,99600000300,,,,3.25,,no,221830677854
KRAFT 37.5,GK,SPIRITS (GB/GH),German Kraft,All,drink,Cobalt,6,0,,,20,20,,,SPIRIT MIXERS,SPIRIT MIXERS - GK SPIRITS,single choice,no,POSTMIX GINGER BEER,99600000700,,,,3.25,,no,221830677854
KRAFT 37.5,GK,SPIRITS (GB/GH),German Kraft,All,drink,Cobalt,6,0,,,20,20,,,SPIRIT MIXERS,SPIRIT MIXERS - GK SPIRITS,single choice,no,POSTMIX INDIAN TONIC,99600000400,,,,3.25,,no,221830677854
KRAFT 37.5,GK,SPIRITS (GB/GH),German Kraft,All,drink,Cobalt,6,0,,,20,20,,,SPIRIT MIXERS,SPIRIT MIXERS - GK SPIRITS,single choice,no,POSTMIX LIGHT TONIC,99600000500,,,,3.25,,no,221830677854
KRAFT 37.5,GK,SPIRITS (GB/GH),German Kraft,All,drink,Cobalt,6,0,,,20,20,,,SPIRIT MIXERS,SPIRIT MIXERS - GK SPIRITS,single choice,no,POSTMIX APPLE JUICE,99600000800,,,,3.25,,no,221830677854
KRAFT 37.5,GK,SPIRITS (GB/GH),German Kraft,All,drink,Cobalt,6,0,,,20,20,,,SPIRIT MIXERS,SPIRIT MIXERS - GK SPIRITS,single choice,no,POSTMIX ORANGE JUICE,99600001000,,,,3.25,,no,221830677854
KRAFT 37.5,GK,SPIRITS (GB/GH),German Kraft,All,drink,Cobalt,6,0,,,20,20,,,SPIRIT MIXERS,SPIRIT MIXERS - GK SPIRITS,single choice,no,POSTMIX CRANBERRY JUICE,99600000900,,,,3.25,,no,221830677854
KRAFT 37.5,GK,SPIRITS (GB/GH),German Kraft,All,drink,Cobalt,6,0,,,20,20,,,SPIRIT MIXERS,SPIRIT MIXERS - GK SPIRITS,single choice,no,POSTMIX PINEAPPLE JUICE,99600001100,,,,3.25,,no,221830677854
KRAFT 37.5,GK,SPIRITS (GB/GH),German Kraft,All,drink,Cobalt,6,0,,,20,20,,,SPIRIT MIXERS,SPIRIT MIXERS - GK SPIRITS,single choice,no,POSTMIX PINK GRAPEFRUIT JUICE,25200003900,,,,3.25,,no,221830677854
KRAFT 37.5,GK,SPIRITS (GB/GH),German Kraft,All,drink,Cobalt,6,0,,,20,20,,,SPIRIT MIXERS,SPIRIT MIXERS - GK SPIRITS,single choice,no,F&S SODA WATER,25100001600,,,,3.25,,no,221830677854
KRAFT 37.5,GK,SPIRITS (GB/GH),German Kraft,All,drink,Cobalt,6,0,,,20,20,,,SPIRIT MIXERS,SPIRIT MIXERS - GK SPIRITS,single choice,no,FRANKLIN & SONS COLA,25100000400,,,,3.25,,no,221830677854
KRAFT 37.5,GK,SPIRITS (GB/GH),German Kraft,All,drink,Cobalt,6,0,,,20,20,,,SPIRIT MIXERS,SPIRIT MIXERS - GK SPIRITS,single choice,no,F&S LEMONADE,25100001100,,,,3.25,,no,221830677854
KRAFT 37.5,GK,SPIRITS (GB/GH),German Kraft,All,drink,Cobalt,6,0,,,20,20,,,SPIRIT MIXERS,SPIRIT MIXERS - GK SPIRITS,single choice,no,F&S GINGER BEER,25100000800,,,,3.25,,no,221830677854
KRAFT 37.5,GK,SPIRITS (GB/GH),German Kraft,All,drink,Cobalt,6,0,,,20,20,,,SPIRIT MIXERS,SPIRIT MIXERS - GK SPIRITS,single choice,no,F&S GINGER ALE,25100000700,,,,3.25,,no,221830677854
KRAFT 37.5,GK,SPIRITS (GB/GH),German Kraft,All,drink,Cobalt,6,0,,,20,20,,,SPIRIT MIXERS,SPIRIT MIXERS - GK SPIRITS,single choice,no,F&S INDIAN TONIC,25100002000,,,,3.25,,no,221830677854
KRAFT 37.5,GK,SPIRITS (GB/GH),German Kraft,All,drink,Cobalt,6,0,,,20,20,,,SPIRIT MIXERS,SPIRIT MIXERS - GK SPIRITS,single choice,no,F&S LIGHT TONIC,25100002200,,,,3.25,,no,221830677854
KRAFT 37.5,GK,SPIRITS (GB/GH),German Kraft,All,drink,Cobalt,6,0,,,20,20,,,SPIRIT MIXERS,SPIRIT MIXERS - GK SPIRITS,single choice,no,F&S MALLORCAN TONIC,25100001200,,,,3.25,,no,221830677854
KRAFT 37.5,GK,SPIRITS (GB/GH),German Kraft,All,drink,Cobalt,6,0,,,20,20,,,SPIRIT MIXERS,SPIRIT MIXERS - GK SPIRITS,single choice,no,F&S GRAPEFRUIT TONIC,25100000900,,,,3.25,,no,221830677854
KRAFT 37.5,GK,SPIRITS (GB/GH),German Kraft,All,drink,Cobalt,6,0,,,20,20,,,SPIRIT MIXERS,SPIRIT MIXERS - GK SPIRITS,single choice,no,TWO KEYS PINK GRAPEFRUIT,25100003900,,,,3.25,,no,221830677854
KRAFT 37.5,GK,SPIRITS (GB/GH),German Kraft,All,drink,Cobalt,6,0,,,20,20,,,SPIRIT MIXERS,SPIRIT MIXERS - GK SPIRITS,single choice,no,FEVERTREE AROMATIC,25100000300,,,,3.25,,no,221830677854
KRAFT 37.5,GK,SPIRITS (GB/GH),German Kraft,All,drink,Cobalt,6,0,,,20,20,,,SPIRIT MIXERS,SPIRIT MIXERS - GK SPIRITS,single choice,no,FEVERTREE CUCUMBER,25100000500,,,,3.25,,no,221830677854
KRAFT 37.5,GK,SPIRITS (GB/GH),German Kraft,All,drink,Cobalt,6,0,,,20,20,,,SPIRIT MIXERS,SPIRIT MIXERS - GK SPIRITS,single choice,no,FEVERTREE ELDERFLOWER,25100000600,,,,3.25,,no,221830677854
KRAFT 37.5,GK,SPIRITS (GB/GH),German Kraft,All,drink,Cobalt,6,0,,,20,20,,,SPIRIT MIXERS,SPIRIT MIXERS - GK SPIRITS,single choice,no,FRITZ KOLA,GK,,,,3,,no,221830677854
KRAFT 37.5,GK,SPIRITS (GB/GH),German Kraft,All,drink,Cobalt,6,0,,,20,20,,,SPIRIT MIXERS,SPIRIT MIXERS - GK SPIRITS,single choice,no,FRITZ LIMO,GK,,,,3,,no,221830677854
CUT SPICED,GK,SPIRITS (GB/GH),German Kraft,All,drink,Coral,6.25,0,,,20,20,,,MEASURE,MEASURE - GK CUT SPICED,single choice,no,SINGLE (25ML),22300000100,,,,0,,yes,221821460348
CUT SPICED,GK,SPIRITS (GB/GH),German Kraft,All,drink,Coral,6.25,0,,,20,20,,,MEASURE,MEASURE - GK CUT SPICED,single choice,no,DOUBLE (50ML),22300000108,,,,2,,no,221821460348
CUT SPICED,GK,SPIRITS (GB/GH),German Kraft,All,drink,Coral,6.25,0,,,20,20,,,SPIRIT MIXERS,SPIRIT MIXERS - GK SPIRITS,single choice,no,NO MIXER,GK,,,,0,,yes,221821454854
CUT SPICED,GK,SPIRITS (GB/GH),German Kraft,All,drink,Coral,6.25,0,,,20,20,,,SPIRIT MIXERS,SPIRIT MIXERS - GK SPIRITS,single choice,no,POSTMIX SODA WATER,99600000600,,,,1,,no,221821454854
CUT SPICED,GK,SPIRITS (GB/GH),German Kraft,All,drink,Coral,6.25,0,,,20,20,,,SPIRIT MIXERS,SPIRIT MIXERS - GK SPIRITS,single choice,no,DIET COLA,25200000600,,,,3.25,,no,221821454854
CUT SPICED,GK,SPIRITS (GB/GH),German Kraft,All,drink,Coral,6.25,0,,,20,20,,,SPIRIT MIXERS,SPIRIT MIXERS - GK SPIRITS,single choice,no,POSTMIX COLA,99600000100,,,,3.25,,no,221821454854
CUT SPICED,GK,SPIRITS (GB/GH),German Kraft,All,drink,Coral,6.25,0,,,20,20,,,SPIRIT MIXERS,SPIRIT MIXERS - GK SPIRITS,single choice,no,POSTMIX DIET COLA,99600000200,,,,3.25,,no,221821454854
CUT SPICED,GK,SPIRITS (GB/GH),German Kraft,All,drink,Coral,6.25,0,,,20,20,,,SPIRIT MIXERS,SPIRIT MIXERS - GK SPIRITS,single choice,no,POSTMIX LEMONADE,99600000300,,,,3.25,,no,221821454854
CUT SPICED,GK,SPIRITS (GB/GH),German Kraft,All,drink,Coral,6.25,0,,,20,20,,,SPIRIT MIXERS,SPIRIT MIXERS - GK SPIRITS,single choice,no,POSTMIX GINGER BEER,99600000700,,,,3.25,,no,221821454854
CUT SPICED,GK,SPIRITS (GB/GH),German Kraft,All,drink,Coral,6.25,0,,,20,20,,,SPIRIT MIXERS,SPIRIT MIXERS - GK SPIRITS,single choice,no,POSTMIX INDIAN TONIC,99600000400,,,,3.25,,no,221821454854
CUT SPICED,GK,SPIRITS (GB/GH),German Kraft,All,drink,Coral,6.25,0,,,20,20,,,SPIRIT MIXERS,SPIRIT MIXERS - GK SPIRITS,single choice,no,POSTMIX LIGHT TONIC,99600000500,,,,3.25,,no,221821454854
CUT SPICED,GK,SPIRITS (GB/GH),German Kraft,All,drink,Coral,6.25,0,,,20,20,,,SPIRIT MIXERS,SPIRIT MIXERS - GK SPIRITS,single choice,no,POSTMIX APPLE JUICE,99600000800,,,,3.25,,no,221821454854
CUT SPICED,GK,SPIRITS (GB/GH),German Kraft,All,drink,Coral,6.25,0,,,20,20,,,SPIRIT MIXERS,SPIRIT MIXERS - GK SPIRITS,single choice,no,POSTMIX ORANGE JUICE,99600001000,,,,3.25,,no,221821454854
CUT SPICED,GK,SPIRITS (GB/GH),German Kraft,All,drink,Coral,6.25,0,,,20,20,,,SPIRIT MIXERS,SPIRIT MIXERS - GK SPIRITS,single choice,no,POSTMIX CRANBERRY JUICE,99600000900,,,,3.25,,no,221821454854
CUT SPICED,GK,SPIRITS (GB/GH),German Kraft,All,drink,Coral,6.25,0,,,20,20,,,SPIRIT MIXERS,SPIRIT MIXERS - GK SPIRITS,single choice,no,POSTMIX PINEAPPLE JUICE,99600001100,,,,3.25,,no,221821454854
CUT SPICED,GK,SPIRITS (GB/GH),German Kraft,All,drink,Coral,6.25,0,,,20,20,,,SPIRIT MIXERS,SPIRIT MIXERS - GK SPIRITS,single choice,no,POSTMIX PINK GRAPEFRUIT JUICE,25200003900,,,,3.25,,no,221821454854
CUT SPICED,GK,SPIRITS (GB/GH),German Kraft,All,drink,Coral,6.25,0,,,20,20,,,SPIRIT MIXERS,SPIRIT MIXERS - GK SPIRITS,single choice,no,F&S SODA WATER,25100001600,,,,3.25,,no,221821454854
CUT SPICED,GK,SPIRITS (GB/GH),German Kraft,All,drink,Coral,6.25,0,,,20,20,,,SPIRIT MIXERS,SPIRIT MIXERS - GK SPIRITS,single choice,no,FRANKLIN & SONS COLA,25100000400,,,,3.25,,no,221821454854
CUT SPICED,GK,SPIRITS (GB/GH),German Kraft,All,drink,Coral,6.25,0,,,20,20,,,SPIRIT MIXERS,SPIRIT MIXERS - GK SPIRITS,single choice,no,F&S LEMONADE,25100001100,,,,3.25,,no,221821454854
CUT SPICED,GK,SPIRITS (GB/GH),German Kraft,All,drink,Coral,6.25,0,,,20,20,,,SPIRIT MIXERS,SPIRIT MIXERS - GK SPIRITS,single choice,no,F&S GINGER BEER,25100000800,,,,3.25,,no,221821454854
CUT SPICED,GK,SPIRITS (GB/GH),German Kraft,All,drink,Coral,6.25,0,,,20,20,,,SPIRIT MIXERS,SPIRIT MIXERS - GK SPIRITS,single choice,no,F&S GINGER ALE,25100000700,,,,3.25,,no,221821454854
CUT SPICED,GK,SPIRITS (GB/GH),German Kraft,All,drink,Coral,6.25,0,,,20,20,,,SPIRIT MIXERS,SPIRIT MIXERS - GK SPIRITS,single choice,no,F&S INDIAN TONIC,25100002000,,,,3.25,,no,221821454854
CUT SPICED,GK,SPIRITS (GB/GH),German Kraft,All,drink,Coral,6.25,0,,,20,20,,,SPIRIT MIXERS,SPIRIT MIXERS - GK SPIRITS,single choice,no,F&S LIGHT TONIC,25100002200,,,,3.25,,no,221821454854
CUT SPICED,GK,SPIRITS (GB/GH),German Kraft,All,drink,Coral,6.25,0,,,20,20,,,SPIRIT MIXERS,SPIRIT MIXERS - GK SPIRITS,single choice,no,F&S MALLORCAN TONIC,25100001200,,,,3.25,,no,221821454854
CUT SPICED,GK,SPIRITS (GB/GH),German Kraft,All,drink,Coral,6.25,0,,,20,20,,,SPIRIT MIXERS,SPIRIT MIXERS - GK SPIRITS,single choice,no,F&S GRAPEFRUIT TONIC,25100000900,,,,3.25,,no,221821454854
CUT SPICED,GK,SPIRITS (GB/GH),German Kraft,All,drink,Coral,6.25,0,,,20,20,,,SPIRIT MIXERS,SPIRIT MIXERS - GK SPIRITS,single choice,no,TWO KEYS PINK GRAPEFRUIT,25100003900,,,,3.25,,no,221821454854
CUT SPICED,GK,SPIRITS (GB/GH),German Kraft,All,drink,Coral,6.25,0,,,20,20,,,SPIRIT MIXERS,SPIRIT MIXERS - GK SPIRITS,single choice,no,FEVERTREE AROMATIC,25100000300,,,,3.25,,no,221821454854
CUT SPICED,GK,SPIRITS (GB/GH),German Kraft,All,drink,Coral,6.25,0,,,20,20,,,SPIRIT MIXERS,SPIRIT MIXERS - GK SPIRITS,single choice,no,FEVERTREE CUCUMBER,25100000500,,,,3.25,,no,221821454854
CUT SPICED,GK,SPIRITS (GB/GH),German Kraft,All,drink,Coral,6.25,0,,,20,20,,,SPIRIT MIXERS,SPIRIT MIXERS - GK SPIRITS,single choice,no,FEVERTREE ELDERFLOWER,25100000600,,,,3.25,,no,221821454854
CUT SPICED,GK,SPIRITS (GB/GH),German Kraft,All,drink,Coral,6.25,0,,,20,20,,,SPIRIT MIXERS,SPIRIT MIXERS - GK SPIRITS,single choice,no,FRITZ KOLA,GK,,,,3,,no,221821454854
CUT SPICED,GK,SPIRITS (GB/GH),German Kraft,All,drink,Coral,6.25,0,,,20,20,,,SPIRIT MIXERS,SPIRIT MIXERS - GK SPIRITS,single choice,no,FRITZ LIMO,GK,,,,3,,no,221821454854
J&T DARK RUM,GK,SPIRITS (GB/GH),German Kraft,All,drink,Coral,6,0,,,20,20,,,MEASURE,MEASURE - GK J&T DARK RUM,single choice,no,SINGLE (25ML),22300001200,,,,0,,yes,221821108848
J&T DARK RUM,GK,SPIRITS (GB/GH),German Kraft,All,drink,Coral,6,0,,,20,20,,,MEASURE,MEASURE - GK J&T DARK RUM,single choice,no,DOUBLE (50ML),22300001208,,,,2.25,,no,221821108848
J&T DARK RUM,GK,SPIRITS (GB/GH),German Kraft,All,drink,Coral,6,0,,,20,20,,,SPIRIT MIXERS,SPIRIT MIXERS - GK SPIRITS,single choice,no,NO MIXER,GK,,,,0,,yes,221821103354
J&T DARK RUM,GK,SPIRITS (GB/GH),German Kraft,All,drink,Coral,6,0,,,20,20,,,SPIRIT MIXERS,SPIRIT MIXERS - GK SPIRITS,single choice,no,POSTMIX SODA WATER,99600000600,,,,1,,no,221821103354
J&T DARK RUM,GK,SPIRITS (GB/GH),German Kraft,All,drink,Coral,6,0,,,20,20,,,SPIRIT MIXERS,SPIRIT MIXERS - GK SPIRITS,single choice,no,DIET COLA,25200000600,,,,3.25,,no,221821103354
J&T DARK RUM,GK,SPIRITS (GB/GH),German Kraft,All,drink,Coral,6,0,,,20,20,,,SPIRIT MIXERS,SPIRIT MIXERS - GK SPIRITS,single choice,no,POSTMIX COLA,99600000100,,,,3.25,,no,221821103354
J&T DARK RUM,GK,SPIRITS (GB/GH),German Kraft,All,drink,Coral,6,0,,,20,20,,,SPIRIT MIXERS,SPIRIT MIXERS - GK SPIRITS,single choice,no,POSTMIX DIET COLA,99600000200,,,,3.25,,no,221821103354
J&T DARK RUM,GK,SPIRITS (GB/GH),German Kraft,All,drink,Coral,6,0,,,20,20,,,SPIRIT MIXERS,SPIRIT MIXERS - GK SPIRITS,single choice,no,POSTMIX LEMONADE,99600000300,,,,3.25,,no,221821103354
J&T DARK RUM,GK,SPIRITS (GB/GH),German Kraft,All,drink,Coral,6,0,,,20,20,,,SPIRIT MIXERS,SPIRIT MIXERS - GK SPIRITS,single choice,no,POSTMIX GINGER BEER,99600000700,,,,3.25,,no,221821103354
J&T DARK RUM,GK,SPIRITS (GB/GH),German Kraft,All,drink,Coral,6,0,,,20,20,,,SPIRIT MIXERS,SPIRIT MIXERS - GK SPIRITS,single choice,no,POSTMIX INDIAN TONIC,99600000400,,,,3.25,,no,221821103354
J&T DARK RUM,GK,SPIRITS (GB/GH),German Kraft,All,drink,Coral,6,0,,,20,20,,,SPIRIT MIXERS,SPIRIT MIXERS - GK SPIRITS,single choice,no,POSTMIX LIGHT TONIC,99600000500,,,,3.25,,no,221821103354
J&T DARK RUM,GK,SPIRITS (GB/GH),German Kraft,All,drink,Coral,6,0,,,20,20,,,SPIRIT MIXERS,SPIRIT MIXERS - GK SPIRITS,single choice,no,POSTMIX APPLE JUICE,99600000800,,,,3.25,,no,221821103354
J&T DARK RUM,GK,SPIRITS (GB/GH),German Kraft,All,drink,Coral,6,0,,,20,20,,,SPIRIT MIXERS,SPIRIT MIXERS - GK SPIRITS,single choice,no,POSTMIX ORANGE JUICE,99600001000,,,,3.25,,no,221821103354
J&T DARK RUM,GK,SPIRITS (GB/GH),German Kraft,All,drink,Coral,6,0,,,20,20,,,SPIRIT MIXERS,SPIRIT MIXERS - GK SPIRITS,single choice,no,POSTMIX CRANBERRY JUICE,99600000900,,,,3.25,,no,221821103354
J&T DARK RUM,GK,SPIRITS (GB/GH),German Kraft,All,drink,Coral,6,0,,,20,20,,,SPIRIT MIXERS,SPIRIT MIXERS - GK SPIRITS,single choice,no,POSTMIX PINEAPPLE JUICE,99600001100,,,,3.25,,no,221821103354
J&T DARK RUM,GK,SPIRITS (GB/GH),German Kraft,All,drink,Coral,6,0,,,20,20,,,SPIRIT MIXERS,SPIRIT MIXERS - GK SPIRITS,single choice,no,POSTMIX PINK GRAPEFRUIT JUICE,25200003900,,,,3.25,,no,221821103354
J&T DARK RUM,GK,SPIRITS (GB/GH),German Kraft,All,drink,Coral,6,0,,,20,20,,,SPIRIT MIXERS,SPIRIT MIXERS - GK SPIRITS,single choice,no,F&S SODA WATER,25100001600,,,,3.25,,no,221821103354
J&T DARK RUM,GK,SPIRITS (GB/GH),German Kraft,All,drink,Coral,6,0,,,20,20,,,SPIRIT MIXERS,SPIRIT MIXERS - GK SPIRITS,single choice,no,FRANKLIN & SONS COLA,25100000400,,,,3.25,,no,221821103354
J&T DARK RUM,GK,SPIRITS (GB/GH),German Kraft,All,drink,Coral,6,0,,,20,20,,,SPIRIT MIXERS,SPIRIT MIXERS - GK SPIRITS,single choice,no,F&S LEMONADE,25100001100,,,,3.25,,no,221821103354
J&T DARK RUM,GK,SPIRITS (GB/GH),German Kraft,All,drink,Coral,6,0,,,20,20,,,SPIRIT MIXERS,SPIRIT MIXERS - GK SPIRITS,single choice,no,F&S GINGER BEER,25100000800,,,,3.25,,no,221821103354
J&T DARK RUM,GK,SPIRITS (GB/GH),German Kraft,All,drink,Coral,6,0,,,20,20,,,SPIRIT MIXERS,SPIRIT MIXERS - GK SPIRITS,single choice,no,F&S GINGER ALE,25100000700,,,,3.25,,no,221821103354
J&T DARK RUM,GK,SPIRITS (GB/GH),German Kraft,All,drink,Coral,6,0,,,20,20,,,SPIRIT MIXERS,SPIRIT MIXERS - GK SPIRITS,single choice,no,F&S INDIAN TONIC,25100002000,,,,3.25,,no,221821103354
J&T DARK RUM,GK,SPIRITS (GB/GH),German Kraft,All,drink,Coral,6,0,,,20,20,,,SPIRIT MIXERS,SPIRIT MIXERS - GK SPIRITS,single choice,no,F&S LIGHT TONIC,25100002200,,,,3.25,,no,221821103354
J&T DARK RUM,GK,SPIRITS (GB/GH),German Kraft,All,drink,Coral,6,0,,,20,20,,,SPIRIT MIXERS,SPIRIT MIXERS - GK SPIRITS,single choice,no,F&S MALLORCAN TONIC,25100001200,,,,3.25,,no,221821103354
J&T DARK RUM,GK,SPIRITS (GB/GH),German Kraft,All,drink,Coral,6,0,,,20,20,,,SPIRIT MIXERS,SPIRIT MIXERS - GK SPIRITS,single choice,no,F&S GRAPEFRUIT TONIC,25100000900,,,,3.25,,no,221821103354
J&T DARK RUM,GK,SPIRITS (GB/GH),German Kraft,All,drink,Coral,6,0,,,20,20,,,SPIRIT MIXERS,SPIRIT MIXERS - GK SPIRITS,single choice,no,TWO KEYS PINK GRAPEFRUIT,25100003900,,,,3.25,,no,221821103354
J&T DARK RUM,GK,SPIRITS (GB/GH),German Kraft,All,drink,Coral,6,0,,,20,20,,,SPIRIT MIXERS,SPIRIT MIXERS - GK SPIRITS,single choice,no,FEVERTREE AROMATIC,25100000300,,,,3.25,,no,221821103354
J&T DARK RUM,GK,SPIRITS (GB/GH),German Kraft,All,drink,Coral,6,0,,,20,20,,,SPIRIT MIXERS,SPIRIT MIXERS - GK SPIRITS,single choice,no,FEVERTREE CUCUMBER,25100000500,,,,3.25,,no,221821103354
J&T DARK RUM,GK,SPIRITS (GB/GH),German Kraft,All,drink,Coral,6,0,,,20,20,,,SPIRIT MIXERS,SPIRIT MIXERS - GK SPIRITS,single choice,no,FEVERTREE ELDERFLOWER,25100000600,,,,3.25,,no,221821103354
J&T DARK RUM,GK,SPIRITS (GB/GH),German Kraft,All,drink,Coral,6,0,,,20,20,,,SPIRIT MIXERS,SPIRIT MIXERS - GK SPIRITS,single choice,no,FRITZ KOLA,GK,,,,3,,no,221821103354
J&T DARK RUM,GK,SPIRITS (GB/GH),German Kraft,All,drink,Coral,6,0,,,20,20,,,SPIRIT MIXERS,SPIRIT MIXERS - GK SPIRITS,single choice,no,FRITZ LIMO,GK,,,,3,,no,221821103354
PLANTATION 3 STARS,GK,SPIRITS (GB/GH),German Kraft,All,drink,Coral,6.25,0,,,20,20,,,MEASURE,MEASURE - GK PLANTATION 3 STARS,single choice,no,SINGLE (25ML),22300004000,,,,0,,yes,221820901648
PLANTATION 3 STARS,GK,SPIRITS (GB/GH),German Kraft,All,drink,Coral,6.25,0,,,20,20,,,MEASURE,MEASURE - GK PLANTATION 3 STARS,single choice,no,DOUBLE (50ML),22300004008,,,,2,,no,221820901648
PLANTATION 3 STARS,GK,SPIRITS (GB/GH),German Kraft,All,drink,Coral,6.25,0,,,20,20,,,SPIRIT MIXERS,SPIRIT MIXERS - GK SPIRITS,single choice,no,NO MIXER,GK,,,,0,,yes,221820896154
PLANTATION 3 STARS,GK,SPIRITS (GB/GH),German Kraft,All,drink,Coral,6.25,0,,,20,20,,,SPIRIT MIXERS,SPIRIT MIXERS - GK SPIRITS,single choice,no,POSTMIX SODA WATER,99600000600,,,,1,,no,221820896154
PLANTATION 3 STARS,GK,SPIRITS (GB/GH),German Kraft,All,drink,Coral,6.25,0,,,20,20,,,SPIRIT MIXERS,SPIRIT MIXERS - GK SPIRITS,single choice,no,DIET COLA,25200000600,,,,3.25,,no,221820896154
PLANTATION 3 STARS,GK,SPIRITS (GB/GH),German Kraft,All,drink,Coral,6.25,0,,,20,20,,,SPIRIT MIXERS,SPIRIT MIXERS - GK SPIRITS,single choice,no,POSTMIX COLA,99600000100,,,,3.25,,no,221820896154
PLANTATION 3 STARS,GK,SPIRITS (GB/GH),German Kraft,All,drink,Coral,6.25,0,,,20,20,,,SPIRIT MIXERS,SPIRIT MIXERS - GK SPIRITS,single choice,no,POSTMIX DIET COLA,99600000200,,,,3.25,,no,221820896154
PLANTATION 3 STARS,GK,SPIRITS (GB/GH),German Kraft,All,drink,Coral,6.25,0,,,20,20,,,SPIRIT MIXERS,SPIRIT MIXERS - GK SPIRITS,single choice,no,POSTMIX LEMONADE,99600000300,,,,3.25,,no,221820896154
PLANTATION 3 STARS,GK,SPIRITS (GB/GH),German Kraft,All,drink,Coral,6.25,0,,,20,20,,,SPIRIT MIXERS,SPIRIT MIXERS - GK SPIRITS,single choice,no,POSTMIX GINGER BEER,99600000700,,,,3.25,,no,221820896154
PLANTATION 3 STARS,GK,SPIRITS (GB/GH),German Kraft,All,drink,Coral,6.25,0,,,20,20,,,SPIRIT MIXERS,SPIRIT MIXERS - GK SPIRITS,single choice,no,POSTMIX INDIAN TONIC,99600000400,,,,3.25,,no,221820896154
PLANTATION 3 STARS,GK,SPIRITS (GB/GH),German Kraft,All,drink,Coral,6.25,0,,,20,20,,,SPIRIT MIXERS,SPIRIT MIXERS - GK SPIRITS,single choice,no,POSTMIX LIGHT TONIC,99600000500,,,,3.25,,no,221820896154
PLANTATION 3 STARS,GK,SPIRITS (GB/GH),German Kraft,All,drink,Coral,6.25,0,,,20,20,,,SPIRIT MIXERS,SPIRIT MIXERS - GK SPIRITS,single choice,no,POSTMIX APPLE JUICE,99600000800,,,,3.25,,no,221820896154
PLANTATION 3 STARS,GK,SPIRITS (GB/GH),German Kraft,All,drink,Coral,6.25,0,,,20,20,,,SPIRIT MIXERS,SPIRIT MIXERS - GK SPIRITS,single choice,no,POSTMIX ORANGE JUICE,99600001000,,,,3.25,,no,221820896154
PLANTATION 3 STARS,GK,SPIRITS (GB/GH),German Kraft,All,drink,Coral,6.25,0,,,20,20,,,SPIRIT MIXERS,SPIRIT MIXERS - GK SPIRITS,single choice,no,POSTMIX CRANBERRY JUICE,99600000900,,,,3.25,,no,221820896154
PLANTATION 3 STARS,GK,SPIRITS (GB/GH),German Kraft,All,drink,Coral,6.25,0,,,20,20,,,SPIRIT MIXERS,SPIRIT MIXERS - GK SPIRITS,single choice,no,POSTMIX PINEAPPLE JUICE,99600001100,,,,3.25,,no,221820896154
PLANTATION 3 STARS,GK,SPIRITS (GB/GH),German Kraft,All,drink,Coral,6.25,0,,,20,20,,,SPIRIT MIXERS,SPIRIT MIXERS - GK SPIRITS,single choice,no,POSTMIX PINK GRAPEFRUIT JUICE,25200003900,,,,3.25,,no,221820896154
PLANTATION 3 STARS,GK,SPIRITS (GB/GH),German Kraft,All,drink,Coral,6.25,0,,,20,20,,,SPIRIT MIXERS,SPIRIT MIXERS - GK SPIRITS,single choice,no,F&S SODA WATER,25100001600,,,,3.25,,no,221820896154
PLANTATION 3 STARS,GK,SPIRITS (GB/GH),German Kraft,All,drink,Coral,6.25,0,,,20,20,,,SPIRIT MIXERS,SPIRIT MIXERS - GK SPIRITS,single choice,no,FRANKLIN & SONS COLA,25100000400,,,,3.25,,no,221820896154
PLANTATION 3 STARS,GK,SPIRITS (GB/GH),German Kraft,All,drink,Coral,6.25,0,,,20,20,,,SPIRIT MIXERS,SPIRIT MIXERS - GK SPIRITS,single choice,no,F&S LEMONADE,25100001100,,,,3.25,,no,221820896154
PLANTATION 3 STARS,GK,SPIRITS (GB/GH),German Kraft,All,drink,Coral,6.25,0,,,20,20,,,SPIRIT MIXERS,SPIRIT MIXERS - GK SPIRITS,single choice,no,F&S GINGER BEER,25100000800,,,,3.25,,no,221820896154
PLANTATION 3 STARS,GK,SPIRITS (GB/GH),German Kraft,All,drink,Coral,6.25,0,,,20,20,,,SPIRIT MIXERS,SPIRIT MIXERS - GK SPIRITS,single choice,no,F&S GINGER ALE,25100000700,,,,3.25,,no,221820896154
PLANTATION 3 STARS,GK,SPIRITS (GB/GH),German Kraft,All,drink,Coral,6.25,0,,,20,20,,,SPIRIT MIXERS,SPIRIT MIXERS - GK SPIRITS,single choice,no,F&S INDIAN TONIC,25100002000,,,,3.25,,no,221820896154
PLANTATION 3 STARS,GK,SPIRITS (GB/GH),German Kraft,All,drink,Coral,6.25,0,,,20,20,,,SPIRIT MIXERS,SPIRIT MIXERS - GK SPIRITS,single choice,no,F&S LIGHT TONIC,25100002200,,,,3.25,,no,221820896154
PLANTATION 3 STARS,GK,SPIRITS (GB/GH),German Kraft,All,drink,Coral,6.25,0,,,20,20,,,SPIRIT MIXERS,SPIRIT MIXERS - GK SPIRITS,single choice,no,F&S MALLORCAN TONIC,25100001200,,,,3.25,,no,221820896154
PLANTATION 3 STARS,GK,SPIRITS (GB/GH),German Kraft,All,drink,Coral,6.25,0,,,20,20,,,SPIRIT MIXERS,SPIRIT MIXERS - GK SPIRITS,single choice,no,F&S GRAPEFRUIT TONIC,25100000900,,,,3.25,,no,221820896154
PLANTATION 3 STARS,GK,SPIRITS (GB/GH),German Kraft,All,drink,Coral,6.25,0,,,20,20,,,SPIRIT MIXERS,SPIRIT MIXERS - GK SPIRITS,single choice,no,TWO KEYS PINK GRAPEFRUIT,25100003900,,,,3.25,,no,221820896154
PLANTATION 3 STARS,GK,SPIRITS (GB/GH),German Kraft,All,drink,Coral,6.25,0,,,20,20,,,SPIRIT MIXERS,SPIRIT MIXERS - GK SPIRITS,single choice,no,FEVERTREE AROMATIC,25100000300,,,,3.25,,no,221820896154
PLANTATION 3 STARS,GK,SPIRITS (GB/GH),German Kraft,All,drink,Coral,6.25,0,,,20,20,,,SPIRIT MIXERS,SPIRIT MIXERS - GK SPIRITS,single choice,no,FEVERTREE CUCUMBER,25100000500,,,,3.25,,no,221820896154
PLANTATION 3 STARS,GK,SPIRITS (GB/GH),German Kraft,All,drink,Coral,6.25,0,,,20,20,,,SPIRIT MIXERS,SPIRIT MIXERS - GK SPIRITS,single choice,no,FEVERTREE ELDERFLOWER,25100000600,,,,3.25,,no,221820896154
PLANTATION 3 STARS,GK,SPIRITS (GB/GH),German Kraft,All,drink,Coral,6.25,0,,,20,20,,,SPIRIT MIXERS,SPIRIT MIXERS - GK SPIRITS,single choice,no,FRITZ KOLA,GK,,,,3,,no,221820896154
PLANTATION 3 STARS,GK,SPIRITS (GB/GH),German Kraft,All,drink,Coral,6.25,0,,,20,20,,,SPIRIT MIXERS,SPIRIT MIXERS - GK SPIRITS,single choice,no,FRITZ LIMO,GK,,,,3,,no,221820896154
BENCHMARK,GK,SPIRITS (GB/GH),German Kraft,All,drink,Sunrise,6.5,0,,,20,20,,,MEASURE,MEASURE - GK BENCHMARK,single choice,no,SINGLE (25ML),22400002800,,,,0,,yes,221812771348
BENCHMARK,GK,SPIRITS (GB/GH),German Kraft,All,drink,Sunrise,6.5,0,,,20,20,,,MEASURE,MEASURE - GK BENCHMARK,single choice,no,DOUBLE (50ML),22400002808,,,,2,,no,221812771348
BENCHMARK,GK,SPIRITS (GB/GH),German Kraft,All,drink,Sunrise,6.5,0,,,20,20,,,SPIRIT MIXERS,SPIRIT MIXERS - GK SPIRITS,single choice,no,NO MIXER,GK,,,,0,,yes,221812765854
BENCHMARK,GK,SPIRITS (GB/GH),German Kraft,All,drink,Sunrise,6.5,0,,,20,20,,,SPIRIT MIXERS,SPIRIT MIXERS - GK SPIRITS,single choice,no,POSTMIX SODA WATER,99600000600,,,,1,,no,221812765854
BENCHMARK,GK,SPIRITS (GB/GH),German Kraft,All,drink,Sunrise,6.5,0,,,20,20,,,SPIRIT MIXERS,SPIRIT MIXERS - GK SPIRITS,single choice,no,DIET COLA,25200000600,,,,3.25,,no,221812765854
BENCHMARK,GK,SPIRITS (GB/GH),German Kraft,All,drink,Sunrise,6.5,0,,,20,20,,,SPIRIT MIXERS,SPIRIT MIXERS - GK SPIRITS,single choice,no,POSTMIX COLA,99600000100,,,,3.25,,no,221812765854
BENCHMARK,GK,SPIRITS (GB/GH),German Kraft,All,drink,Sunrise,6.5,0,,,20,20,,,SPIRIT MIXERS,SPIRIT MIXERS - GK SPIRITS,single choice,no,POSTMIX DIET COLA,99600000200,,,,3.25,,no,221812765854
BENCHMARK,GK,SPIRITS (GB/GH),German Kraft,All,drink,Sunrise,6.5,0,,,20,20,,,SPIRIT MIXERS,SPIRIT MIXERS - GK SPIRITS,single choice,no,POSTMIX LEMONADE,99600000300,,,,3.25,,no,221812765854
BENCHMARK,GK,SPIRITS (GB/GH),German Kraft,All,drink,Sunrise,6.5,0,,,20,20,,,SPIRIT MIXERS,SPIRIT MIXERS - GK SPIRITS,single choice,no,POSTMIX GINGER BEER,99600000700,,,,3.25,,no,221812765854
BENCHMARK,GK,SPIRITS (GB/GH),German Kraft,All,drink,Sunrise,6.5,0,,,20,20,,,SPIRIT MIXERS,SPIRIT MIXERS - GK SPIRITS,single choice,no,POSTMIX INDIAN TONIC,99600000400,,,,3.25,,no,221812765854
BENCHMARK,GK,SPIRITS (GB/GH),German Kraft,All,drink,Sunrise,6.5,0,,,20,20,,,SPIRIT MIXERS,SPIRIT MIXERS - GK SPIRITS,single choice,no,POSTMIX LIGHT TONIC,99600000500,,,,3.25,,no,221812765854
BENCHMARK,GK,SPIRITS (GB/GH),German Kraft,All,drink,Sunrise,6.5,0,,,20,20,,,SPIRIT MIXERS,SPIRIT MIXERS - GK SPIRITS,single choice,no,POSTMIX APPLE JUICE,99600000800,,,,3.25,,no,221812765854
BENCHMARK,GK,SPIRITS (GB/GH),German Kraft,All,drink,Sunrise,6.5,0,,,20,20,,,SPIRIT MIXERS,SPIRIT MIXERS - GK SPIRITS,single choice,no,POSTMIX ORANGE JUICE,99600001000,,,,3.25,,no,221812765854
BENCHMARK,GK,SPIRITS (GB/GH),German Kraft,All,drink,Sunrise,6.5,0,,,20,20,,,SPIRIT MIXERS,SPIRIT MIXERS - GK SPIRITS,single choice,no,POSTMIX CRANBERRY JUICE,99600000900,,,,3.25,,no,221812765854
BENCHMARK,GK,SPIRITS (GB/GH),German Kraft,All,drink,Sunrise,6.5,0,,,20,20,,,SPIRIT MIXERS,SPIRIT MIXERS - GK SPIRITS,single choice,no,POSTMIX PINEAPPLE JUICE,99600001100,,,,3.25,,no,221812765854
BENCHMARK,GK,SPIRITS (GB/GH),German Kraft,All,drink,Sunrise,6.5,0,,,20,20,,,SPIRIT MIXERS,SPIRIT MIXERS - GK SPIRITS,single choice,no,POSTMIX PINK GRAPEFRUIT JUICE,25200003900,,,,3.25,,no,221812765854
BENCHMARK,GK,SPIRITS (GB/GH),German Kraft,All,drink,Sunrise,6.5,0,,,20,20,,,SPIRIT MIXERS,SPIRIT MIXERS - GK SPIRITS,single choice,no,F&S SODA WATER,25100001600,,,,3.25,,no,221812765854
BENCHMARK,GK,SPIRITS (GB/GH),German Kraft,All,drink,Sunrise,6.5,0,,,20,20,,,SPIRIT MIXERS,SPIRIT MIXERS - GK SPIRITS,single choice,no,FRANKLIN & SONS COLA,25100000400,,,,3.25,,no,221812765854
BENCHMARK,GK,SPIRITS (GB/GH),German Kraft,All,drink,Sunrise,6.5,0,,,20,20,,,SPIRIT MIXERS,SPIRIT MIXERS - GK SPIRITS,single choice,no,F&S LEMONADE,25100001100,,,,3.25,,no,221812765854
BENCHMARK,GK,SPIRITS (GB/GH),German Kraft,All,drink,Sunrise,6.5,0,,,20,20,,,SPIRIT MIXERS,SPIRIT MIXERS - GK SPIRITS,single choice,no,F&S GINGER BEER,25100000800,,,,3.25,,no,221812765854
BENCHMARK,GK,SPIRITS (GB/GH),German Kraft,All,drink,Sunrise,6.5,0,,,20,20,,,SPIRIT MIXERS,SPIRIT MIXERS - GK SPIRITS,single choice,no,F&S GINGER ALE,25100000700,,,,3.25,,no,221812765854
BENCHMARK,GK,SPIRITS (GB/GH),German Kraft,All,drink,Sunrise,6.5,0,,,20,20,,,SPIRIT MIXERS,SPIRIT MIXERS - GK SPIRITS,single choice,no,F&S INDIAN TONIC,25100002000,,,,3.25,,no,221812765854
BENCHMARK,GK,SPIRITS (GB/GH),German Kraft,All,drink,Sunrise,6.5,0,,,20,20,,,SPIRIT MIXERS,SPIRIT MIXERS - GK SPIRITS,single choice,no,F&S LIGHT TONIC,25100002200,,,,3.25,,no,221812765854
BENCHMARK,GK,SPIRITS (GB/GH),German Kraft,All,drink,Sunrise,6.5,0,,,20,20,,,SPIRIT MIXERS,SPIRIT MIXERS - GK SPIRITS,single choice,no,F&S MALLORCAN TONIC,25100001200,,,,3.25,,no,221812765854
BENCHMARK,GK,SPIRITS (GB/GH),German Kraft,All,drink,Sunrise,6.5,0,,,20,20,,,SPIRIT MIXERS,SPIRIT MIXERS - GK SPIRITS,single choice,no,F&S GRAPEFRUIT TONIC,25100000900,,,,3.25,,no,221812765854
BENCHMARK,GK,SPIRITS (GB/GH),German Kraft,All,drink,Sunrise,6.5,0,,,20,20,,,SPIRIT MIXERS,SPIRIT MIXERS - GK SPIRITS,single choice,no,TWO KEYS PINK GRAPEFRUIT,25100003900,,,,3.25,,no,221812765854
BENCHMARK,GK,SPIRITS (GB/GH),German Kraft,All,drink,Sunrise,6.5,0,,,20,20,,,SPIRIT MIXERS,SPIRIT MIXERS - GK SPIRITS,single choice,no,FEVERTREE AROMATIC,25100000300,,,,3.25,,no,221812765854
BENCHMARK,GK,SPIRITS (GB/GH),German Kraft,All,drink,Sunrise,6.5,0,,,20,20,,,SPIRIT MIXERS,SPIRIT MIXERS - GK SPIRITS,single choice,no,FEVERTREE CUCUMBER,25100000500,,,,3.25,,no,221812765854
BENCHMARK,GK,SPIRITS (GB/GH),German Kraft,All,drink,Sunrise,6.5,0,,,20,20,,,SPIRIT MIXERS,SPIRIT MIXERS - GK SPIRITS,single choice,no,FEVERTREE ELDERFLOWER,25100000600,,,,3.25,,no,221812765854
BENCHMARK,GK,SPIRITS (GB/GH),German Kraft,All,drink,Sunrise,6.5,0,,,20,20,,,SPIRIT MIXERS,SPIRIT MIXERS - GK SPIRITS,single choice,no,FRITZ KOLA,GK,,,,3,,no,221812765854
BENCHMARK,GK,SPIRITS (GB/GH),German Kraft,All,drink,Sunrise,6.5,0,,,20,20,,,SPIRIT MIXERS,SPIRIT MIXERS - GK SPIRITS,single choice,no,FRITZ LIMO,GK,,,,3,,no,221812765854
COMPASS BOX,GK,SPIRITS (GB/GH),German Kraft,All,drink,Sunrise,7.2,0,,,20,20,,,MEASURE,MEASURE - GK COMPASS BOX,single choice,no,SINGLE (25ML),22400000100,,,,0,,yes,221812648848
COMPASS BOX,GK,SPIRITS (GB/GH),German Kraft,All,drink,Sunrise,7.2,0,,,20,20,,,MEASURE,MEASURE - GK COMPASS BOX,single choice,no,DOUBLE (50ML),22400000108,,,,3,,no,221812648848
COMPASS BOX,GK,SPIRITS (GB/GH),German Kraft,All,drink,Sunrise,7.2,0,,,20,20,,,SPIRIT MIXERS,SPIRIT MIXERS - GK SPIRITS,single choice,no,NO MIXER,GK,,,,0,,yes,221812643354
COMPASS BOX,GK,SPIRITS (GB/GH),German Kraft,All,drink,Sunrise,7.2,0,,,20,20,,,SPIRIT MIXERS,SPIRIT MIXERS - GK SPIRITS,single choice,no,POSTMIX SODA WATER,99600000600,,,,1,,no,221812643354
COMPASS BOX,GK,SPIRITS (GB/GH),German Kraft,All,drink,Sunrise,7.2,0,,,20,20,,,SPIRIT MIXERS,SPIRIT MIXERS - GK SPIRITS,single choice,no,DIET COLA,25200000600,,,,3.25,,no,221812643354
COMPASS BOX,GK,SPIRITS (GB/GH),German Kraft,All,drink,Sunrise,7.2,0,,,20,20,,,SPIRIT MIXERS,SPIRIT MIXERS - GK SPIRITS,single choice,no,POSTMIX COLA,99600000100,,,,3.25,,no,221812643354
COMPASS BOX,GK,SPIRITS (GB/GH),German Kraft,All,drink,Sunrise,7.2,0,,,20,20,,,SPIRIT MIXERS,SPIRIT MIXERS - GK SPIRITS,single choice,no,POSTMIX DIET COLA,99600000200,,,,3.25,,no,221812643354
COMPASS BOX,GK,SPIRITS (GB/GH),German Kraft,All,drink,Sunrise,7.2,0,,,20,20,,,SPIRIT MIXERS,SPIRIT MIXERS - GK SPIRITS,single choice,no,POSTMIX LEMONADE,99600000300,,,,3.25,,no,221812643354
COMPASS BOX,GK,SPIRITS (GB/GH),German Kraft,All,drink,Sunrise,7.2,0,,,20,20,,,SPIRIT MIXERS,SPIRIT MIXERS - GK SPIRITS,single choice,no,POSTMIX GINGER BEER,99600000700,,,,3.25,,no,221812643354
COMPASS BOX,GK,SPIRITS (GB/GH),German Kraft,All,drink,Sunrise,7.2,0,,,20,20,,,SPIRIT MIXERS,SPIRIT MIXERS - GK SPIRITS,single choice,no,POSTMIX INDIAN TONIC,99600000400,,,,3.25,,no,221812643354
COMPASS BOX,GK,SPIRITS (GB/GH),German Kraft,All,drink,Sunrise,7.2,0,,,20,20,,,SPIRIT MIXERS,SPIRIT MIXERS - GK SPIRITS,single choice,no,POSTMIX LIGHT TONIC,99600000500,,,,3.25,,no,221812643354
COMPASS BOX,GK,SPIRITS (GB/GH),German Kraft,All,drink,Sunrise,7.2,0,,,20,20,,,SPIRIT MIXERS,SPIRIT MIXERS - GK SPIRITS,single choice,no,POSTMIX APPLE JUICE,99600000800,,,,3.25,,no,221812643354
COMPASS BOX,GK,SPIRITS (GB/GH),German Kraft,All,drink,Sunrise,7.2,0,,,20,20,,,SPIRIT MIXERS,SPIRIT MIXERS - GK SPIRITS,single choice,no,POSTMIX ORANGE JUICE,99600001000,,,,3.25,,no,221812643354
COMPASS BOX,GK,SPIRITS (GB/GH),German Kraft,All,drink,Sunrise,7.2,0,,,20,20,,,SPIRIT MIXERS,SPIRIT MIXERS - GK SPIRITS,single choice,no,POSTMIX CRANBERRY JUICE,99600000900,,,,3.25,,no,221812643354
COMPASS BOX,GK,SPIRITS (GB/GH),German Kraft,All,drink,Sunrise,7.2,0,,,20,20,,,SPIRIT MIXERS,SPIRIT MIXERS - GK SPIRITS,single choice,no,POSTMIX PINEAPPLE JUICE,99600001100,,,,3.25,,no,221812643354
COMPASS BOX,GK,SPIRITS (GB/GH),German Kraft,All,drink,Sunrise,7.2,0,,,20,20,,,SPIRIT MIXERS,SPIRIT MIXERS - GK SPIRITS,single choice,no,POSTMIX PINK GRAPEFRUIT JUICE,25200003900,,,,3.25,,no,221812643354
COMPASS BOX,GK,SPIRITS (GB/GH),German Kraft,All,drink,Sunrise,7.2,0,,,20,20,,,SPIRIT MIXERS,SPIRIT MIXERS - GK SPIRITS,single choice,no,F&S SODA WATER,25100001600,,,,3.25,,no,221812643354
COMPASS BOX,GK,SPIRITS (GB/GH),German Kraft,All,drink,Sunrise,7.2,0,,,20,20,,,SPIRIT MIXERS,SPIRIT MIXERS - GK SPIRITS,single choice,no,FRANKLIN & SONS COLA,25100000400,,,,3.25,,no,221812643354
COMPASS BOX,GK,SPIRITS (GB/GH),German Kraft,All,drink,Sunrise,7.2,0,,,20,20,,,SPIRIT MIXERS,SPIRIT MIXERS - GK SPIRITS,single choice,no,F&S LEMONADE,25100001100,,,,3.25,,no,221812643354
COMPASS BOX,GK,SPIRITS (GB/GH),German Kraft,All,drink,Sunrise,7.2,0,,,20,20,,,SPIRIT MIXERS,SPIRIT MIXERS - GK SPIRITS,single choice,no,F&S GINGER BEER,25100000800,,,,3.25,,no,221812643354
COMPASS BOX,GK,SPIRITS (GB/GH),German Kraft,All,drink,Sunrise,7.2,0,,,20,20,,,SPIRIT MIXERS,SPIRIT MIXERS - GK SPIRITS,single choice,no,F&S GINGER ALE,25100000700,,,,3.25,,no,221812643354
COMPASS BOX,GK,SPIRITS (GB/GH),German Kraft,All,drink,Sunrise,7.2,0,,,20,20,,,SPIRIT MIXERS,SPIRIT MIXERS - GK SPIRITS,single choice,no,F&S INDIAN TONIC,25100002000,,,,3.25,,no,221812643354
COMPASS BOX,GK,SPIRITS (GB/GH),German Kraft,All,drink,Sunrise,7.2,0,,,20,20,,,SPIRIT MIXERS,SPIRIT MIXERS - GK SPIRITS,single choice,no,F&S LIGHT TONIC,25100002200,,,,3.25,,no,221812643354
COMPASS BOX,GK,SPIRITS (GB/GH),German Kraft,All,drink,Sunrise,7.2,0,,,20,20,,,SPIRIT MIXERS,SPIRIT MIXERS - GK SPIRITS,single choice,no,F&S MALLORCAN TONIC,25100001200,,,,3.25,,no,221812643354
COMPASS BOX,GK,SPIRITS (GB/GH),German Kraft,All,drink,Sunrise,7.2,0,,,20,20,,,SPIRIT MIXERS,SPIRIT MIXERS - GK SPIRITS,single choice,no,F&S GRAPEFRUIT TONIC,25100000900,,,,3.25,,no,221812643354
COMPASS BOX,GK,SPIRITS (GB/GH),German Kraft,All,drink,Sunrise,7.2,0,,,20,20,,,SPIRIT MIXERS,SPIRIT MIXERS - GK SPIRITS,single choice,no,TWO KEYS PINK GRAPEFRUIT,25100003900,,,,3.25,,no,221812643354
COMPASS BOX,GK,SPIRITS (GB/GH),German Kraft,All,drink,Sunrise,7.2,0,,,20,20,,,SPIRIT MIXERS,SPIRIT MIXERS - GK SPIRITS,single choice,no,FEVERTREE AROMATIC,25100000300,,,,3.25,,no,221812643354
COMPASS BOX,GK,SPIRITS (GB/GH),German Kraft,All,drink,Sunrise,7.2,0,,,20,20,,,SPIRIT MIXERS,SPIRIT MIXERS - GK SPIRITS,single choice,no,FEVERTREE CUCUMBER,25100000500,,,,3.25,,no,221812643354
COMPASS BOX,GK,SPIRITS (GB/GH),German Kraft,All,drink,Sunrise,7.2,0,,,20,20,,,SPIRIT MIXERS,SPIRIT MIXERS - GK SPIRITS,single choice,no,FEVERTREE ELDERFLOWER,25100000600,,,,3.25,,no,221812643354
COMPASS BOX,GK,SPIRITS (GB/GH),German Kraft,All,drink,Sunrise,7.2,0,,,20,20,,,SPIRIT MIXERS,SPIRIT MIXERS - GK SPIRITS,single choice,no,FRITZ KOLA,GK,,,,3,,no,221812643354
COMPASS BOX,GK,SPIRITS (GB/GH),German Kraft,All,drink,Sunrise,7.2,0,,,20,20,,,SPIRIT MIXERS,SPIRIT MIXERS - GK SPIRITS,single choice,no,FRITZ LIMO,GK,,,,3,,no,221812643354
J&T MAPLE WHISKY,GK,SPIRITS (GB/GH),German Kraft,All,drink,Sunrise,6.25,0,,,20,20,,,MEASURE,MEASURE - GK J&T MAPLE WHISKY,single choice,no,SINGLE (25ML),22400005300,,,,0,,yes,221812266648
J&T MAPLE WHISKY,GK,SPIRITS (GB/GH),German Kraft,All,drink,Sunrise,6.25,0,,,20,20,,,MEASURE,MEASURE - GK J&T MAPLE WHISKY,single choice,no,DOUBLE (50ML),22400005308,,,,3,,no,221812266648
J&T MAPLE WHISKY,GK,SPIRITS (GB/GH),German Kraft,All,drink,Sunrise,6.25,0,,,20,20,,,SPIRIT MIXERS,SPIRIT MIXERS - GK SPIRITS,single choice,no,NO MIXER,GK,,,,0,,yes,221812261154
J&T MAPLE WHISKY,GK,SPIRITS (GB/GH),German Kraft,All,drink,Sunrise,6.25,0,,,20,20,,,SPIRIT MIXERS,SPIRIT MIXERS - GK SPIRITS,single choice,no,POSTMIX SODA WATER,99600000600,,,,1,,no,221812261154
J&T MAPLE WHISKY,GK,SPIRITS (GB/GH),German Kraft,All,drink,Sunrise,6.25,0,,,20,20,,,SPIRIT MIXERS,SPIRIT MIXERS - GK SPIRITS,single choice,no,DIET COLA,25200000600,,,,3.25,,no,221812261154
J&T MAPLE WHISKY,GK,SPIRITS (GB/GH),German Kraft,All,drink,Sunrise,6.25,0,,,20,20,,,SPIRIT MIXERS,SPIRIT MIXERS - GK SPIRITS,single choice,no,POSTMIX COLA,99600000100,,,,3.25,,no,221812261154
J&T MAPLE WHISKY,GK,SPIRITS (GB/GH),German Kraft,All,drink,Sunrise,6.25,0,,,20,20,,,SPIRIT MIXERS,SPIRIT MIXERS - GK SPIRITS,single choice,no,POSTMIX DIET COLA,99600000200,,,,3.25,,no,221812261154
J&T MAPLE WHISKY,GK,SPIRITS (GB/GH),German Kraft,All,drink,Sunrise,6.25,0,,,20,20,,,SPIRIT MIXERS,SPIRIT MIXERS - GK SPIRITS,single choice,no,POSTMIX LEMONADE,99600000300,,,,3.25,,no,221812261154
J&T MAPLE WHISKY,GK,SPIRITS (GB/GH),German Kraft,All,drink,Sunrise,6.25,0,,,20,20,,,SPIRIT MIXERS,SPIRIT MIXERS - GK SPIRITS,single choice,no,POSTMIX GINGER BEER,99600000700,,,,3.25,,no,221812261154
J&T MAPLE WHISKY,GK,SPIRITS (GB/GH),German Kraft,All,drink,Sunrise,6.25,0,,,20,20,,,SPIRIT MIXERS,SPIRIT MIXERS - GK SPIRITS,single choice,no,POSTMIX INDIAN TONIC,99600000400,,,,3.25,,no,221812261154
J&T MAPLE WHISKY,GK,SPIRITS (GB/GH),German Kraft,All,drink,Sunrise,6.25,0,,,20,20,,,SPIRIT MIXERS,SPIRIT MIXERS - GK SPIRITS,single choice,no,POSTMIX LIGHT TONIC,99600000500,,,,3.25,,no,221812261154
J&T MAPLE WHISKY,GK,SPIRITS (GB/GH),German Kraft,All,drink,Sunrise,6.25,0,,,20,20,,,SPIRIT MIXERS,SPIRIT MIXERS - GK SPIRITS,single choice,no,POSTMIX APPLE JUICE,99600000800,,,,3.25,,no,221812261154
J&T MAPLE WHISKY,GK,SPIRITS (GB/GH),German Kraft,All,drink,Sunrise,6.25,0,,,20,20,,,SPIRIT MIXERS,SPIRIT MIXERS - GK SPIRITS,single choice,no,POSTMIX ORANGE JUICE,99600001000,,,,3.25,,no,221812261154
J&T MAPLE WHISKY,GK,SPIRITS (GB/GH),German Kraft,All,drink,Sunrise,6.25,0,,,20,20,,,SPIRIT MIXERS,SPIRIT MIXERS - GK SPIRITS,single choice,no,POSTMIX CRANBERRY JUICE,99600000900,,,,3.25,,no,221812261154
J&T MAPLE WHISKY,GK,SPIRITS (GB/GH),German Kraft,All,drink,Sunrise,6.25,0,,,20,20,,,SPIRIT MIXERS,SPIRIT MIXERS - GK SPIRITS,single choice,no,POSTMIX PINEAPPLE JUICE,99600001100,,,,3.25,,no,221812261154
J&T MAPLE WHISKY,GK,SPIRITS (GB/GH),German Kraft,All,drink,Sunrise,6.25,0,,,20,20,,,SPIRIT MIXERS,SPIRIT MIXERS - GK SPIRITS,single choice,no,POSTMIX PINK GRAPEFRUIT JUICE,25200003900,,,,3.25,,no,221812261154
J&T MAPLE WHISKY,GK,SPIRITS (GB/GH),German Kraft,All,drink,Sunrise,6.25,0,,,20,20,,,SPIRIT MIXERS,SPIRIT MIXERS - GK SPIRITS,single choice,no,F&S SODA WATER,25100001600,,,,3.25,,no,221812261154
J&T MAPLE WHISKY,GK,SPIRITS (GB/GH),German Kraft,All,drink,Sunrise,6.25,0,,,20,20,,,SPIRIT MIXERS,SPIRIT MIXERS - GK SPIRITS,single choice,no,FRANKLIN & SONS COLA,25100000400,,,,3.25,,no,221812261154
J&T MAPLE WHISKY,GK,SPIRITS (GB/GH),German Kraft,All,drink,Sunrise,6.25,0,,,20,20,,,SPIRIT MIXERS,SPIRIT MIXERS - GK SPIRITS,single choice,no,F&S LEMONADE,25100001100,,,,3.25,,no,221812261154
J&T MAPLE WHISKY,GK,SPIRITS (GB/GH),German Kraft,All,drink,Sunrise,6.25,0,,,20,20,,,SPIRIT MIXERS,SPIRIT MIXERS - GK SPIRITS,single choice,no,F&S GINGER BEER,25100000800,,,,3.25,,no,221812261154
J&T MAPLE WHISKY,GK,SPIRITS (GB/GH),German Kraft,All,drink,Sunrise,6.25,0,,,20,20,,,SPIRIT MIXERS,SPIRIT MIXERS - GK SPIRITS,single choice,no,F&S GINGER ALE,25100000700,,,,3.25,,no,221812261154
J&T MAPLE WHISKY,GK,SPIRITS (GB/GH),German Kraft,All,drink,Sunrise,6.25,0,,,20,20,,,SPIRIT MIXERS,SPIRIT MIXERS - GK SPIRITS,single choice,no,F&S INDIAN TONIC,25100002000,,,,3.25,,no,221812261154
J&T MAPLE WHISKY,GK,SPIRITS (GB/GH),German Kraft,All,drink,Sunrise,6.25,0,,,20,20,,,SPIRIT MIXERS,SPIRIT MIXERS - GK SPIRITS,single choice,no,F&S LIGHT TONIC,25100002200,,,,3.25,,no,221812261154
J&T MAPLE WHISKY,GK,SPIRITS (GB/GH),German Kraft,All,drink,Sunrise,6.25,0,,,20,20,,,SPIRIT MIXERS,SPIRIT MIXERS - GK SPIRITS,single choice,no,F&S MALLORCAN TONIC,25100001200,,,,3.25,,no,221812261154
J&T MAPLE WHISKY,GK,SPIRITS (GB/GH),German Kraft,All,drink,Sunrise,6.25,0,,,20,20,,,SPIRIT MIXERS,SPIRIT MIXERS - GK SPIRITS,single choice,no,F&S GRAPEFRUIT TONIC,25100000900,,,,3.25,,no,221812261154
J&T MAPLE WHISKY,GK,SPIRITS (GB/GH),German Kraft,All,drink,Sunrise,6.25,0,,,20,20,,,SPIRIT MIXERS,SPIRIT MIXERS - GK SPIRITS,single choice,no,TWO KEYS PINK GRAPEFRUIT,25100003900,,,,3.25,,no,221812261154
J&T MAPLE WHISKY,GK,SPIRITS (GB/GH),German Kraft,All,drink,Sunrise,6.25,0,,,20,20,,,SPIRIT MIXERS,SPIRIT MIXERS - GK SPIRITS,single choice,no,FEVERTREE AROMATIC,25100000300,,,,3.25,,no,221812261154
J&T MAPLE WHISKY,GK,SPIRITS (GB/GH),German Kraft,All,drink,Sunrise,6.25,0,,,20,20,,,SPIRIT MIXERS,SPIRIT MIXERS - GK SPIRITS,single choice,no,FEVERTREE CUCUMBER,25100000500,,,,3.25,,no,221812261154
J&T MAPLE WHISKY,GK,SPIRITS (GB/GH),German Kraft,All,drink,Sunrise,6.25,0,,,20,20,,,SPIRIT MIXERS,SPIRIT MIXERS - GK SPIRITS,single choice,no,FEVERTREE ELDERFLOWER,25100000600,,,,3.25,,no,221812261154
J&T MAPLE WHISKY,GK,SPIRITS (GB/GH),German Kraft,All,drink,Sunrise,6.25,0,,,20,20,,,SPIRIT MIXERS,SPIRIT MIXERS - GK SPIRITS,single choice,no,FRITZ KOLA,GK,,,,3,,no,221812261154
J&T MAPLE WHISKY,GK,SPIRITS (GB/GH),German Kraft,All,drink,Sunrise,6.25,0,,,20,20,,,SPIRIT MIXERS,SPIRIT MIXERS - GK SPIRITS,single choice,no,FRITZ LIMO,GK,,,,3,,no,221812261154
YELLOWSTONE BOURBON,GK,SPIRITS (GB/GH),German Kraft,All,drink,Sunrise,7,0,,,20,20,,,MEASURE,MEASURE - GK YELLOWSTONE BOURBON,single choice,no,SINGLE (25ML),22400005400,,,,0,,yes,221811656348
YELLOWSTONE BOURBON,GK,SPIRITS (GB/GH),German Kraft,All,drink,Sunrise,7,0,,,20,20,,,MEASURE,MEASURE - GK YELLOWSTONE BOURBON,single choice,no,DOUBLE (50ML),22400005408,,,,3,,no,221811656348
YELLOWSTONE BOURBON,GK,SPIRITS (GB/GH),German Kraft,All,drink,Sunrise,7,0,,,20,20,,,SPIRIT MIXERS,SPIRIT MIXERS - GK SPIRITS,single choice,no,NO MIXER,GK,,,,0,,yes,221811650854
YELLOWSTONE BOURBON,GK,SPIRITS (GB/GH),German Kraft,All,drink,Sunrise,7,0,,,20,20,,,SPIRIT MIXERS,SPIRIT MIXERS - GK SPIRITS,single choice,no,POSTMIX SODA WATER,99600000600,,,,1,,no,221811650854
YELLOWSTONE BOURBON,GK,SPIRITS (GB/GH),German Kraft,All,drink,Sunrise,7,0,,,20,20,,,SPIRIT MIXERS,SPIRIT MIXERS - GK SPIRITS,single choice,no,DIET COLA,25200000600,,,,3.25,,no,221811650854
YELLOWSTONE BOURBON,GK,SPIRITS (GB/GH),German Kraft,All,drink,Sunrise,7,0,,,20,20,,,SPIRIT MIXERS,SPIRIT MIXERS - GK SPIRITS,single choice,no,POSTMIX COLA,99600000100,,,,3.25,,no,221811650854
YELLOWSTONE BOURBON,GK,SPIRITS (GB/GH),German Kraft,All,drink,Sunrise,7,0,,,20,20,,,SPIRIT MIXERS,SPIRIT MIXERS - GK SPIRITS,single choice,no,POSTMIX DIET COLA,99600000200,,,,3.25,,no,221811650854
YELLOWSTONE BOURBON,GK,SPIRITS (GB/GH),German Kraft,All,drink,Sunrise,7,0,,,20,20,,,SPIRIT MIXERS,SPIRIT MIXERS - GK SPIRITS,single choice,no,POSTMIX LEMONADE,99600000300,,,,3.25,,no,221811650854
YELLOWSTONE BOURBON,GK,SPIRITS (GB/GH),German Kraft,All,drink,Sunrise,7,0,,,20,20,,,SPIRIT MIXERS,SPIRIT MIXERS - GK SPIRITS,single choice,no,POSTMIX GINGER BEER,99600000700,,,,3.25,,no,221811650854
YELLOWSTONE BOURBON,GK,SPIRITS (GB/GH),German Kraft,All,drink,Sunrise,7,0,,,20,20,,,SPIRIT MIXERS,SPIRIT MIXERS - GK SPIRITS,single choice,no,POSTMIX INDIAN TONIC,99600000400,,,,3.25,,no,221811650854
YELLOWSTONE BOURBON,GK,SPIRITS (GB/GH),German Kraft,All,drink,Sunrise,7,0,,,20,20,,,SPIRIT MIXERS,SPIRIT MIXERS - GK SPIRITS,single choice,no,POSTMIX LIGHT TONIC,99600000500,,,,3.25,,no,221811650854
YELLOWSTONE BOURBON,GK,SPIRITS (GB/GH),German Kraft,All,drink,Sunrise,7,0,,,20,20,,,SPIRIT MIXERS,SPIRIT MIXERS - GK SPIRITS,single choice,no,POSTMIX APPLE JUICE,99600000800,,,,3.25,,no,221811650854
YELLOWSTONE BOURBON,GK,SPIRITS (GB/GH),German Kraft,All,drink,Sunrise,7,0,,,20,20,,,SPIRIT MIXERS,SPIRIT MIXERS - GK SPIRITS,single choice,no,POSTMIX ORANGE JUICE,99600001000,,,,3.25,,no,221811650854
YELLOWSTONE BOURBON,GK,SPIRITS (GB/GH),German Kraft,All,drink,Sunrise,7,0,,,20,20,,,SPIRIT MIXERS,SPIRIT MIXERS - GK SPIRITS,single choice,no,POSTMIX CRANBERRY JUICE,99600000900,,,,3.25,,no,221811650854
YELLOWSTONE BOURBON,GK,SPIRITS (GB/GH),German Kraft,All,drink,Sunrise,7,0,,,20,20,,,SPIRIT MIXERS,SPIRIT MIXERS - GK SPIRITS,single choice,no,POSTMIX PINEAPPLE JUICE,99600001100,,,,3.25,,no,221811650854
YELLOWSTONE BOURBON,GK,SPIRITS (GB/GH),German Kraft,All,drink,Sunrise,7,0,,,20,20,,,SPIRIT MIXERS,SPIRIT MIXERS - GK SPIRITS,single choice,no,POSTMIX PINK GRAPEFRUIT JUICE,25200003900,,,,3.25,,no,221811650854
YELLOWSTONE BOURBON,GK,SPIRITS (GB/GH),German Kraft,All,drink,Sunrise,7,0,,,20,20,,,SPIRIT MIXERS,SPIRIT MIXERS - GK SPIRITS,single choice,no,F&S SODA WATER,25100001600,,,,3.25,,no,221811650854
YELLOWSTONE BOURBON,GK,SPIRITS (GB/GH),German Kraft,All,drink,Sunrise,7,0,,,20,20,,,SPIRIT MIXERS,SPIRIT MIXERS - GK SPIRITS,single choice,no,FRANKLIN & SONS COLA,25100000400,,,,3.25,,no,221811650854
YELLOWSTONE BOURBON,GK,SPIRITS (GB/GH),German Kraft,All,drink,Sunrise,7,0,,,20,20,,,SPIRIT MIXERS,SPIRIT MIXERS - GK SPIRITS,single choice,no,F&S LEMONADE,25100001100,,,,3.25,,no,221811650854
YELLOWSTONE BOURBON,GK,SPIRITS (GB/GH),German Kraft,All,drink,Sunrise,7,0,,,20,20,,,SPIRIT MIXERS,SPIRIT MIXERS - GK SPIRITS,single choice,no,F&S GINGER BEER,25100000800,,,,3.25,,no,221811650854
YELLOWSTONE BOURBON,GK,SPIRITS (GB/GH),German Kraft,All,drink,Sunrise,7,0,,,20,20,,,SPIRIT MIXERS,SPIRIT MIXERS - GK SPIRITS,single choice,no,F&S GINGER ALE,25100000700,,,,3.25,,no,221811650854
YELLOWSTONE BOURBON,GK,SPIRITS (GB/GH),German Kraft,All,drink,Sunrise,7,0,,,20,20,,,SPIRIT MIXERS,SPIRIT MIXERS - GK SPIRITS,single choice,no,F&S INDIAN TONIC,25100002000,,,,3.25,,no,221811650854
YELLOWSTONE BOURBON,GK,SPIRITS (GB/GH),German Kraft,All,drink,Sunrise,7,0,,,20,20,,,SPIRIT MIXERS,SPIRIT MIXERS - GK SPIRITS,single choice,no,F&S LIGHT TONIC,25100002200,,,,3.25,,no,221811650854
YELLOWSTONE BOURBON,GK,SPIRITS (GB/GH),German Kraft,All,drink,Sunrise,7,0,,,20,20,,,SPIRIT MIXERS,SPIRIT MIXERS - GK SPIRITS,single choice,no,F&S MALLORCAN TONIC,25100001200,,,,3.25,,no,221811650854
YELLOWSTONE BOURBON,GK,SPIRITS (GB/GH),German Kraft,All,drink,Sunrise,7,0,,,20,20,,,SPIRIT MIXERS,SPIRIT MIXERS - GK SPIRITS,single choice,no,F&S GRAPEFRUIT TONIC,25100000900,,,,3.25,,no,221811650854
YELLOWSTONE BOURBON,GK,SPIRITS (GB/GH),German Kraft,All,drink,Sunrise,7,0,,,20,20,,,SPIRIT MIXERS,SPIRIT MIXERS - GK SPIRITS,single choice,no,TWO KEYS PINK GRAPEFRUIT,25100003900,,,,3.25,,no,221811650854
YELLOWSTONE BOURBON,GK,SPIRITS (GB/GH),German Kraft,All,drink,Sunrise,7,0,,,20,20,,,SPIRIT MIXERS,SPIRIT MIXERS - GK SPIRITS,single choice,no,FEVERTREE AROMATIC,25100000300,,,,3.25,,no,221811650854
YELLOWSTONE BOURBON,GK,SPIRITS (GB/GH),German Kraft,All,drink,Sunrise,7,0,,,20,20,,,SPIRIT MIXERS,SPIRIT MIXERS - GK SPIRITS,single choice,no,FEVERTREE CUCUMBER,25100000500,,,,3.25,,no,221811650854
YELLOWSTONE BOURBON,GK,SPIRITS (GB/GH),German Kraft,All,drink,Sunrise,7,0,,,20,20,,,SPIRIT MIXERS,SPIRIT MIXERS - GK SPIRITS,single choice,no,FEVERTREE ELDERFLOWER,25100000600,,,,3.25,,no,221811650854
YELLOWSTONE BOURBON,GK,SPIRITS (GB/GH),German Kraft,All,drink,Sunrise,7,0,,,20,20,,,SPIRIT MIXERS,SPIRIT MIXERS - GK SPIRITS,single choice,no,FRITZ KOLA,GK,,,,3,,no,221811650854
YELLOWSTONE BOURBON,GK,SPIRITS (GB/GH),German Kraft,All,drink,Sunrise,7,0,,,20,20,,,SPIRIT MIXERS,SPIRIT MIXERS - GK SPIRITS,single choice,no,FRITZ LIMO,GK,,,,3,,no,221811650854
AMARETTO,GK,SPIRITS (GB/GH),German Kraft,All,drink,Spring,5.75,0,,,20,20,,,MEASURE,MEASURE - GK AMARETTO,single choice,no,SINGLE (25ML),22600000100,,,,0,,yes,221805263748
AMARETTO,GK,SPIRITS (GB/GH),German Kraft,All,drink,Spring,5.75,0,,,20,20,,,MEASURE,MEASURE - GK AMARETTO,single choice,no,DOUBLE (50ML),22600000108,,,,2,,no,221805263748
AMARETTO,GK,SPIRITS (GB/GH),German Kraft,All,drink,Spring,5.75,0,,,20,20,,,SPIRIT MIXERS,SPIRIT MIXERS - GK SPIRITS,single choice,no,NO MIXER,GK,,,,0,,yes,221805258254
AMARETTO,GK,SPIRITS (GB/GH),German Kraft,All,drink,Spring,5.75,0,,,20,20,,,SPIRIT MIXERS,SPIRIT MIXERS - GK SPIRITS,single choice,no,POSTMIX SODA WATER,99600000600,,,,1,,no,221805258254
AMARETTO,GK,SPIRITS (GB/GH),German Kraft,All,drink,Spring,5.75,0,,,20,20,,,SPIRIT MIXERS,SPIRIT MIXERS - GK SPIRITS,single choice,no,DIET COLA,25200000600,,,,3.25,,no,221805258254
AMARETTO,GK,SPIRITS (GB/GH),German Kraft,All,drink,Spring,5.75,0,,,20,20,,,SPIRIT MIXERS,SPIRIT MIXERS - GK SPIRITS,single choice,no,POSTMIX COLA,99600000100,,,,3.25,,no,221805258254
AMARETTO,GK,SPIRITS (GB/GH),German Kraft,All,drink,Spring,5.75,0,,,20,20,,,SPIRIT MIXERS,SPIRIT MIXERS - GK SPIRITS,single choice,no,POSTMIX DIET COLA,99600000200,,,,3.25,,no,221805258254
AMARETTO,GK,SPIRITS (GB/GH),German Kraft,All,drink,Spring,5.75,0,,,20,20,,,SPIRIT MIXERS,SPIRIT MIXERS - GK SPIRITS,single choice,no,POSTMIX LEMONADE,99600000300,,,,3.25,,no,221805258254
AMARETTO,GK,SPIRITS (GB/GH),German Kraft,All,drink,Spring,5.75,0,,,20,20,,,SPIRIT MIXERS,SPIRIT MIXERS - GK SPIRITS,single choice,no,POSTMIX GINGER BEER,99600000700,,,,3.25,,no,221805258254
AMARETTO,GK,SPIRITS (GB/GH),German Kraft,All,drink,Spring,5.75,0,,,20,20,,,SPIRIT MIXERS,SPIRIT MIXERS - GK SPIRITS,single choice,no,POSTMIX INDIAN TONIC,99600000400,,,,3.25,,no,221805258254
AMARETTO,GK,SPIRITS (GB/GH),German Kraft,All,drink,Spring,5.75,0,,,20,20,,,SPIRIT MIXERS,SPIRIT MIXERS - GK SPIRITS,single choice,no,POSTMIX LIGHT TONIC,99600000500,,,,3.25,,no,221805258254
AMARETTO,GK,SPIRITS (GB/GH),German Kraft,All,drink,Spring,5.75,0,,,20,20,,,SPIRIT MIXERS,SPIRIT MIXERS - GK SPIRITS,single choice,no,POSTMIX APPLE JUICE,99600000800,,,,3.25,,no,221805258254
AMARETTO,GK,SPIRITS (GB/GH),German Kraft,All,drink,Spring,5.75,0,,,20,20,,,SPIRIT MIXERS,SPIRIT MIXERS - GK SPIRITS,single choice,no,POSTMIX ORANGE JUICE,99600001000,,,,3.25,,no,221805258254
AMARETTO,GK,SPIRITS (GB/GH),German Kraft,All,drink,Spring,5.75,0,,,20,20,,,SPIRIT MIXERS,SPIRIT MIXERS - GK SPIRITS,single choice,no,POSTMIX CRANBERRY JUICE,99600000900,,,,3.25,,no,221805258254
AMARETTO,GK,SPIRITS (GB/GH),German Kraft,All,drink,Spring,5.75,0,,,20,20,,,SPIRIT MIXERS,SPIRIT MIXERS - GK SPIRITS,single choice,no,POSTMIX PINEAPPLE JUICE,99600001100,,,,3.25,,no,221805258254
AMARETTO,GK,SPIRITS (GB/GH),German Kraft,All,drink,Spring,5.75,0,,,20,20,,,SPIRIT MIXERS,SPIRIT MIXERS - GK SPIRITS,single choice,no,POSTMIX PINK GRAPEFRUIT JUICE,25200003900,,,,3.25,,no,221805258254
AMARETTO,GK,SPIRITS (GB/GH),German Kraft,All,drink,Spring,5.75,0,,,20,20,,,SPIRIT MIXERS,SPIRIT MIXERS - GK SPIRITS,single choice,no,F&S SODA WATER,25100001600,,,,3.25,,no,221805258254
AMARETTO,GK,SPIRITS (GB/GH),German Kraft,All,drink,Spring,5.75,0,,,20,20,,,SPIRIT MIXERS,SPIRIT MIXERS - GK SPIRITS,single choice,no,FRANKLIN & SONS COLA,25100000400,,,,3.25,,no,221805258254
AMARETTO,GK,SPIRITS (GB/GH),German Kraft,All,drink,Spring,5.75,0,,,20,20,,,SPIRIT MIXERS,SPIRIT MIXERS - GK SPIRITS,single choice,no,F&S LEMONADE,25100001100,,,,3.25,,no,221805258254
AMARETTO,GK,SPIRITS (GB/GH),German Kraft,All,drink,Spring,5.75,0,,,20,20,,,SPIRIT MIXERS,SPIRIT MIXERS - GK SPIRITS,single choice,no,F&S GINGER BEER,25100000800,,,,3.25,,no,221805258254
AMARETTO,GK,SPIRITS (GB/GH),German Kraft,All,drink,Spring,5.75,0,,,20,20,,,SPIRIT MIXERS,SPIRIT MIXERS - GK SPIRITS,single choice,no,F&S GINGER ALE,25100000700,,,,3.25,,no,221805258254
AMARETTO,GK,SPIRITS (GB/GH),German Kraft,All,drink,Spring,5.75,0,,,20,20,,,SPIRIT MIXERS,SPIRIT MIXERS - GK SPIRITS,single choice,no,F&S INDIAN TONIC,25100002000,,,,3.25,,no,221805258254
AMARETTO,GK,SPIRITS (GB/GH),German Kraft,All,drink,Spring,5.75,0,,,20,20,,,SPIRIT MIXERS,SPIRIT MIXERS - GK SPIRITS,single choice,no,F&S LIGHT TONIC,25100002200,,,,3.25,,no,221805258254
AMARETTO,GK,SPIRITS (GB/GH),German Kraft,All,drink,Spring,5.75,0,,,20,20,,,SPIRIT MIXERS,SPIRIT MIXERS - GK SPIRITS,single choice,no,F&S MALLORCAN TONIC,25100001200,,,,3.25,,no,221805258254
AMARETTO,GK,SPIRITS (GB/GH),German Kraft,All,drink,Spring,5.75,0,,,20,20,,,SPIRIT MIXERS,SPIRIT MIXERS - GK SPIRITS,single choice,no,F&S GRAPEFRUIT TONIC,25100000900,,,,3.25,,no,221805258254
AMARETTO,GK,SPIRITS (GB/GH),German Kraft,All,drink,Spring,5.75,0,,,20,20,,,SPIRIT MIXERS,SPIRIT MIXERS - GK SPIRITS,single choice,no,TWO KEYS PINK GRAPEFRUIT,25100003900,,,,3.25,,no,221805258254
AMARETTO,GK,SPIRITS (GB/GH),German Kraft,All,drink,Spring,5.75,0,,,20,20,,,SPIRIT MIXERS,SPIRIT MIXERS - GK SPIRITS,single choice,no,FEVERTREE AROMATIC,25100000300,,,,3.25,,no,221805258254
AMARETTO,GK,SPIRITS (GB/GH),German Kraft,All,drink,Spring,5.75,0,,,20,20,,,SPIRIT MIXERS,SPIRIT MIXERS - GK SPIRITS,single choice,no,FEVERTREE CUCUMBER,25100000500,,,,3.25,,no,221805258254
AMARETTO,GK,SPIRITS (GB/GH),German Kraft,All,drink,Spring,5.75,0,,,20,20,,,SPIRIT MIXERS,SPIRIT MIXERS - GK SPIRITS,single choice,no,FEVERTREE ELDERFLOWER,25100000600,,,,3.25,,no,221805258254
AMARETTO,GK,SPIRITS (GB/GH),German Kraft,All,drink,Spring,5.75,0,,,20,20,,,SPIRIT MIXERS,SPIRIT MIXERS - GK SPIRITS,single choice,no,FRITZ KOLA,GK,,,,3,,no,221805258254
AMARETTO,GK,SPIRITS (GB/GH),German Kraft,All,drink,Spring,5.75,0,,,20,20,,,SPIRIT MIXERS,SPIRIT MIXERS - GK SPIRITS,single choice,no,FRITZ LIMO,GK,,,,3,,no,221805258254
ANTICA SAMBUCA,GK,SPIRITS (GB/GH),German Kraft,All,drink,Spring,6,0,,,20,20,,,MEASURE,MEASURE - GK ANTICA SAMBUCA,single choice,no,SINGLE (25ML),22600000200,,,,0,,yes,221805251148
ANTICA SAMBUCA,GK,SPIRITS (GB/GH),German Kraft,All,drink,Spring,6,0,,,20,20,,,MEASURE,MEASURE - GK ANTICA SAMBUCA,single choice,no,DOUBLE (50ML),22600000208,,,,2.25,,no,221805251148
ANTICA SAMBUCA,GK,SPIRITS (GB/GH),German Kraft,All,drink,Spring,6,0,,,20,20,,,SPIRIT MIXERS,SPIRIT MIXERS - GK SPIRITS,single choice,no,NO MIXER,GK,,,,0,,yes,221805245654
ANTICA SAMBUCA,GK,SPIRITS (GB/GH),German Kraft,All,drink,Spring,6,0,,,20,20,,,SPIRIT MIXERS,SPIRIT MIXERS - GK SPIRITS,single choice,no,POSTMIX SODA WATER,99600000600,,,,1,,no,221805245654
ANTICA SAMBUCA,GK,SPIRITS (GB/GH),German Kraft,All,drink,Spring,6,0,,,20,20,,,SPIRIT MIXERS,SPIRIT MIXERS - GK SPIRITS,single choice,no,DIET COLA,25200000600,,,,3.25,,no,221805245654
ANTICA SAMBUCA,GK,SPIRITS (GB/GH),German Kraft,All,drink,Spring,6,0,,,20,20,,,SPIRIT MIXERS,SPIRIT MIXERS - GK SPIRITS,single choice,no,POSTMIX COLA,99600000100,,,,3.25,,no,221805245654
ANTICA SAMBUCA,GK,SPIRITS (GB/GH),German Kraft,All,drink,Spring,6,0,,,20,20,,,SPIRIT MIXERS,SPIRIT MIXERS - GK SPIRITS,single choice,no,POSTMIX DIET COLA,99600000200,,,,3.25,,no,221805245654
ANTICA SAMBUCA,GK,SPIRITS (GB/GH),German Kraft,All,drink,Spring,6,0,,,20,20,,,SPIRIT MIXERS,SPIRIT MIXERS - GK SPIRITS,single choice,no,POSTMIX LEMONADE,99600000300,,,,3.25,,no,221805245654
ANTICA SAMBUCA,GK,SPIRITS (GB/GH),German Kraft,All,drink,Spring,6,0,,,20,20,,,SPIRIT MIXERS,SPIRIT MIXERS - GK SPIRITS,single choice,no,POSTMIX GINGER BEER,99600000700,,,,3.25,,no,221805245654
ANTICA SAMBUCA,GK,SPIRITS (GB/GH),German Kraft,All,drink,Spring,6,0,,,20,20,,,SPIRIT MIXERS,SPIRIT MIXERS - GK SPIRITS,single choice,no,POSTMIX INDIAN TONIC,99600000400,,,,3.25,,no,221805245654
ANTICA SAMBUCA,GK,SPIRITS (GB/GH),German Kraft,All,drink,Spring,6,0,,,20,20,,,SPIRIT MIXERS,SPIRIT MIXERS - GK SPIRITS,single choice,no,POSTMIX LIGHT TONIC,99600000500,,,,3.25,,no,221805245654
ANTICA SAMBUCA,GK,SPIRITS (GB/GH),German Kraft,All,drink,Spring,6,0,,,20,20,,,SPIRIT MIXERS,SPIRIT MIXERS - GK SPIRITS,single choice,no,POSTMIX APPLE JUICE,99600000800,,,,3.25,,no,221805245654
ANTICA SAMBUCA,GK,SPIRITS (GB/GH),German Kraft,All,drink,Spring,6,0,,,20,20,,,SPIRIT MIXERS,SPIRIT MIXERS - GK SPIRITS,single choice,no,POSTMIX ORANGE JUICE,99600001000,,,,3.25,,no,221805245654
ANTICA SAMBUCA,GK,SPIRITS (GB/GH),German Kraft,All,drink,Spring,6,0,,,20,20,,,SPIRIT MIXERS,SPIRIT MIXERS - GK SPIRITS,single choice,no,POSTMIX CRANBERRY JUICE,99600000900,,,,3.25,,no,221805245654
ANTICA SAMBUCA,GK,SPIRITS (GB/GH),German Kraft,All,drink,Spring,6,0,,,20,20,,,SPIRIT MIXERS,SPIRIT MIXERS - GK SPIRITS,single choice,no,POSTMIX PINEAPPLE JUICE,99600001100,,,,3.25,,no,221805245654
ANTICA SAMBUCA,GK,SPIRITS (GB/GH),German Kraft,All,drink,Spring,6,0,,,20,20,,,SPIRIT MIXERS,SPIRIT MIXERS - GK SPIRITS,single choice,no,POSTMIX PINK GRAPEFRUIT JUICE,25200003900,,,,3.25,,no,221805245654
ANTICA SAMBUCA,GK,SPIRITS (GB/GH),German Kraft,All,drink,Spring,6,0,,,20,20,,,SPIRIT MIXERS,SPIRIT MIXERS - GK SPIRITS,single choice,no,F&S SODA WATER,25100001600,,,,3.25,,no,221805245654
ANTICA SAMBUCA,GK,SPIRITS (GB/GH),German Kraft,All,drink,Spring,6,0,,,20,20,,,SPIRIT MIXERS,SPIRIT MIXERS - GK SPIRITS,single choice,no,FRANKLIN & SONS COLA,25100000400,,,,3.25,,no,221805245654
ANTICA SAMBUCA,GK,SPIRITS (GB/GH),German Kraft,All,drink,Spring,6,0,,,20,20,,,SPIRIT MIXERS,SPIRIT MIXERS - GK SPIRITS,single choice,no,F&S LEMONADE,25100001100,,,,3.25,,no,221805245654
ANTICA SAMBUCA,GK,SPIRITS (GB/GH),German Kraft,All,drink,Spring,6,0,,,20,20,,,SPIRIT MIXERS,SPIRIT MIXERS - GK SPIRITS,single choice,no,F&S GINGER BEER,25100000800,,,,3.25,,no,221805245654
ANTICA SAMBUCA,GK,SPIRITS (GB/GH),German Kraft,All,drink,Spring,6,0,,,20,20,,,SPIRIT MIXERS,SPIRIT MIXERS - GK SPIRITS,single choice,no,F&S GINGER ALE,25100000700,,,,3.25,,no,221805245654
ANTICA SAMBUCA,GK,SPIRITS (GB/GH),German Kraft,All,drink,Spring,6,0,,,20,20,,,SPIRIT MIXERS,SPIRIT MIXERS - GK SPIRITS,single choice,no,F&S INDIAN TONIC,25100002000,,,,3.25,,no,221805245654
ANTICA SAMBUCA,GK,SPIRITS (GB/GH),German Kraft,All,drink,Spring,6,0,,,20,20,,,SPIRIT MIXERS,SPIRIT MIXERS - GK SPIRITS,single choice,no,F&S LIGHT TONIC,25100002200,,,,3.25,,no,221805245654
ANTICA SAMBUCA,GK,SPIRITS (GB/GH),German Kraft,All,drink,Spring,6,0,,,20,20,,,SPIRIT MIXERS,SPIRIT MIXERS - GK SPIRITS,single choice,no,F&S MALLORCAN TONIC,25100001200,,,,3.25,,no,221805245654
ANTICA SAMBUCA,GK,SPIRITS (GB/GH),German Kraft,All,drink,Spring,6,0,,,20,20,,,SPIRIT MIXERS,SPIRIT MIXERS - GK SPIRITS,single choice,no,F&S GRAPEFRUIT TONIC,25100000900,,,,3.25,,no,221805245654
ANTICA SAMBUCA,GK,SPIRITS (GB/GH),German Kraft,All,drink,Spring,6,0,,,20,20,,,SPIRIT MIXERS,SPIRIT MIXERS - GK SPIRITS,single choice,no,TWO KEYS PINK GRAPEFRUIT,25100003900,,,,3.25,,no,221805245654
ANTICA SAMBUCA,GK,SPIRITS (GB/GH),German Kraft,All,drink,Spring,6,0,,,20,20,,,SPIRIT MIXERS,SPIRIT MIXERS - GK SPIRITS,single choice,no,FEVERTREE AROMATIC,25100000300,,,,3.25,,no,221805245654
ANTICA SAMBUCA,GK,SPIRITS (GB/GH),German Kraft,All,drink,Spring,6,0,,,20,20,,,SPIRIT MIXERS,SPIRIT MIXERS - GK SPIRITS,single choice,no,FEVERTREE CUCUMBER,25100000500,,,,3.25,,no,221805245654
ANTICA SAMBUCA,GK,SPIRITS (GB/GH),German Kraft,All,drink,Spring,6,0,,,20,20,,,SPIRIT MIXERS,SPIRIT MIXERS - GK SPIRITS,single choice,no,FEVERTREE ELDERFLOWER,25100000600,,,,3.25,,no,221805245654
ANTICA SAMBUCA,GK,SPIRITS (GB/GH),German Kraft,All,drink,Spring,6,0,,,20,20,,,SPIRIT MIXERS,SPIRIT MIXERS - GK SPIRITS,single choice,no,FRITZ KOLA,GK,,,,3,,no,221805245654
ANTICA SAMBUCA,GK,SPIRITS (GB/GH),German Kraft,All,drink,Spring,6,0,,,20,20,,,SPIRIT MIXERS,SPIRIT MIXERS - GK SPIRITS,single choice,no,FRITZ LIMO,GK,,,,3,,no,221805245654
CAZCABEL COFFEE TEQUILA,22600001500,SPIRITS (GB/GH),German Kraft,All,drink,Spring,6,0,,,20,20,,,MEASURE,MEASURE - GK CAZCABEL COFFEE TEQUILA,single choice,no,SINGLE (25ML),22600001500,,,,0,,yes,221805124848
CAZCABEL COFFEE TEQUILA,22600001500,SPIRITS (GB/GH),German Kraft,All,drink,Spring,6,0,,,20,20,,,MEASURE,MEASURE - GK CAZCABEL COFFEE TEQUILA,single choice,no,DOUBLE (50ML),22600001508,,,,2.25,,no,221805124848
CAZCABEL COFFEE TEQUILA,22600001500,SPIRITS (GB/GH),German Kraft,All,drink,Spring,6,0,,,20,20,,,SPIRIT MIXERS,SPIRIT MIXERS - GK SPIRITS,single choice,no,NO MIXER,GK,,,,0,,yes,221805119354
CAZCABEL COFFEE TEQUILA,22600001500,SPIRITS (GB/GH),German Kraft,All,drink,Spring,6,0,,,20,20,,,SPIRIT MIXERS,SPIRIT MIXERS - GK SPIRITS,single choice,no,POSTMIX SODA WATER,99600000600,,,,1,,no,221805119354
CAZCABEL COFFEE TEQUILA,22600001500,SPIRITS (GB/GH),German Kraft,All,drink,Spring,6,0,,,20,20,,,SPIRIT MIXERS,SPIRIT MIXERS - GK SPIRITS,single choice,no,DIET COLA,25200000600,,,,3.25,,no,221805119354
CAZCABEL COFFEE TEQUILA,22600001500,SPIRITS (GB/GH),German Kraft,All,drink,Spring,6,0,,,20,20,,,SPIRIT MIXERS,SPIRIT MIXERS - GK SPIRITS,single choice,no,POSTMIX COLA,99600000100,,,,3.25,,no,221805119354
CAZCABEL COFFEE TEQUILA,22600001500,SPIRITS (GB/GH),German Kraft,All,drink,Spring,6,0,,,20,20,,,SPIRIT MIXERS,SPIRIT MIXERS - GK SPIRITS,single choice,no,POSTMIX DIET COLA,99600000200,,,,3.25,,no,221805119354
CAZCABEL COFFEE TEQUILA,22600001500,SPIRITS (GB/GH),German Kraft,All,drink,Spring,6,0,,,20,20,,,SPIRIT MIXERS,SPIRIT MIXERS - GK SPIRITS,single choice,no,POSTMIX LEMONADE,99600000300,,,,3.25,,no,221805119354
CAZCABEL COFFEE TEQUILA,22600001500,SPIRITS (GB/GH),German Kraft,All,drink,Spring,6,0,,,20,20,,,SPIRIT MIXERS,SPIRIT MIXERS - GK SPIRITS,single choice,no,POSTMIX GINGER BEER,99600000700,,,,3.25,,no,221805119354
CAZCABEL COFFEE TEQUILA,22600001500,SPIRITS (GB/GH),German Kraft,All,drink,Spring,6,0,,,20,20,,,SPIRIT MIXERS,SPIRIT MIXERS - GK SPIRITS,single choice,no,POSTMIX INDIAN TONIC,99600000400,,,,3.25,,no,221805119354
CAZCABEL COFFEE TEQUILA,22600001500,SPIRITS (GB/GH),German Kraft,All,drink,Spring,6,0,,,20,20,,,SPIRIT MIXERS,SPIRIT MIXERS - GK SPIRITS,single choice,no,POSTMIX LIGHT TONIC,99600000500,,,,3.25,,no,221805119354
CAZCABEL COFFEE TEQUILA,22600001500,SPIRITS (GB/GH),German Kraft,All,drink,Spring,6,0,,,20,20,,,SPIRIT MIXERS,SPIRIT MIXERS - GK SPIRITS,single choice,no,POSTMIX APPLE JUICE,99600000800,,,,3.25,,no,221805119354
CAZCABEL COFFEE TEQUILA,22600001500,SPIRITS (GB/GH),German Kraft,All,drink,Spring,6,0,,,20,20,,,SPIRIT MIXERS,SPIRIT MIXERS - GK SPIRITS,single choice,no,POSTMIX ORANGE JUICE,99600001000,,,,3.25,,no,221805119354
CAZCABEL COFFEE TEQUILA,22600001500,SPIRITS (GB/GH),German Kraft,All,drink,Spring,6,0,,,20,20,,,SPIRIT MIXERS,SPIRIT MIXERS - GK SPIRITS,single choice,no,POSTMIX CRANBERRY JUICE,99600000900,,,,3.25,,no,221805119354
CAZCABEL COFFEE TEQUILA,22600001500,SPIRITS (GB/GH),German Kraft,All,drink,Spring,6,0,,,20,20,,,SPIRIT MIXERS,SPIRIT MIXERS - GK SPIRITS,single choice,no,POSTMIX PINEAPPLE JUICE,99600001100,,,,3.25,,no,221805119354
CAZCABEL COFFEE TEQUILA,22600001500,SPIRITS (GB/GH),German Kraft,All,drink,Spring,6,0,,,20,20,,,SPIRIT MIXERS,SPIRIT MIXERS - GK SPIRITS,single choice,no,POSTMIX PINK GRAPEFRUIT JUICE,25200003900,,,,3.25,,no,221805119354
CAZCABEL COFFEE TEQUILA,22600001500,SPIRITS (GB/GH),German Kraft,All,drink,Spring,6,0,,,20,20,,,SPIRIT MIXERS,SPIRIT MIXERS - GK SPIRITS,single choice,no,F&S SODA WATER,25100001600,,,,3.25,,no,221805119354
CAZCABEL COFFEE TEQUILA,22600001500,SPIRITS (GB/GH),German Kraft,All,drink,Spring,6,0,,,20,20,,,SPIRIT MIXERS,SPIRIT MIXERS - GK SPIRITS,single choice,no,FRANKLIN & SONS COLA,25100000400,,,,3.25,,no,221805119354
CAZCABEL COFFEE TEQUILA,22600001500,SPIRITS (GB/GH),German Kraft,All,drink,Spring,6,0,,,20,20,,,SPIRIT MIXERS,SPIRIT MIXERS - GK SPIRITS,single choice,no,F&S LEMONADE,25100001100,,,,3.25,,no,221805119354
CAZCABEL COFFEE TEQUILA,22600001500,SPIRITS (GB/GH),German Kraft,All,drink,Spring,6,0,,,20,20,,,SPIRIT MIXERS,SPIRIT MIXERS - GK SPIRITS,single choice,no,F&S GINGER BEER,25100000800,,,,3.25,,no,221805119354
CAZCABEL COFFEE TEQUILA,22600001500,SPIRITS (GB/GH),German Kraft,All,drink,Spring,6,0,,,20,20,,,SPIRIT MIXERS,SPIRIT MIXERS - GK SPIRITS,single choice,no,F&S GINGER ALE,25100000700,,,,3.25,,no,221805119354
CAZCABEL COFFEE TEQUILA,22600001500,SPIRITS (GB/GH),German Kraft,All,drink,Spring,6,0,,,20,20,,,SPIRIT MIXERS,SPIRIT MIXERS - GK SPIRITS,single choice,no,F&S INDIAN TONIC,25100002000,,,,3.25,,no,221805119354
CAZCABEL COFFEE TEQUILA,22600001500,SPIRITS (GB/GH),German Kraft,All,drink,Spring,6,0,,,20,20,,,SPIRIT MIXERS,SPIRIT MIXERS - GK SPIRITS,single choice,no,F&S LIGHT TONIC,25100002200,,,,3.25,,no,221805119354
CAZCABEL COFFEE TEQUILA,22600001500,SPIRITS (GB/GH),German Kraft,All,drink,Spring,6,0,,,20,20,,,SPIRIT MIXERS,SPIRIT MIXERS - GK SPIRITS,single choice,no,F&S MALLORCAN TONIC,25100001200,,,,3.25,,no,221805119354
CAZCABEL COFFEE TEQUILA,22600001500,SPIRITS (GB/GH),German Kraft,All,drink,Spring,6,0,,,20,20,,,SPIRIT MIXERS,SPIRIT MIXERS - GK SPIRITS,single choice,no,F&S GRAPEFRUIT TONIC,25100000900,,,,3.25,,no,221805119354
CAZCABEL COFFEE TEQUILA,22600001500,SPIRITS (GB/GH),German Kraft,All,drink,Spring,6,0,,,20,20,,,SPIRIT MIXERS,SPIRIT MIXERS - GK SPIRITS,single choice,no,TWO KEYS PINK GRAPEFRUIT,25100003900,,,,3.25,,no,221805119354
CAZCABEL COFFEE TEQUILA,22600001500,SPIRITS (GB/GH),German Kraft,All,drink,Spring,6,0,,,20,20,,,SPIRIT MIXERS,SPIRIT MIXERS - GK SPIRITS,single choice,no,FEVERTREE AROMATIC,25100000300,,,,3.25,,no,221805119354
CAZCABEL COFFEE TEQUILA,22600001500,SPIRITS (GB/GH),German Kraft,All,drink,Spring,6,0,,,20,20,,,SPIRIT MIXERS,SPIRIT MIXERS - GK SPIRITS,single choice,no,FEVERTREE CUCUMBER,25100000500,,,,3.25,,no,221805119354
CAZCABEL COFFEE TEQUILA,22600001500,SPIRITS (GB/GH),German Kraft,All,drink,Spring,6,0,,,20,20,,,SPIRIT MIXERS,SPIRIT MIXERS - GK SPIRITS,single choice,no,FEVERTREE ELDERFLOWER,25100000600,,,,3.25,,no,221805119354
CAZCABEL COFFEE TEQUILA,22600001500,SPIRITS (GB/GH),German Kraft,All,drink,Spring,6,0,,,20,20,,,SPIRIT MIXERS,SPIRIT MIXERS - GK SPIRITS,single choice,no,FRITZ KOLA,GK,,,,3,,no,221805119354
CAZCABEL COFFEE TEQUILA,22600001500,SPIRITS (GB/GH),German Kraft,All,drink,Spring,6,0,,,20,20,,,SPIRIT MIXERS,SPIRIT MIXERS - GK SPIRITS,single choice,no,FRITZ LIMO,GK,,,,3,,no,221805119354
CAZCABEL HONEY,GK,SPIRITS (GB/GH),German Kraft,All,drink,Spring,6,0,,,20,20,,,MEASURE,MEASURE - GK CAZCABEL HONEY,single choice,no,SINGLE (25ML),22600009200,,,,0,,yes,221805115548
CAZCABEL HONEY,GK,SPIRITS (GB/GH),German Kraft,All,drink,Spring,6,0,,,20,20,,,MEASURE,MEASURE - GK CAZCABEL HONEY,single choice,no,DOUBLE (50ML),22600009208,,,,2.25,,no,221805115548
CAZCABEL HONEY,GK,SPIRITS (GB/GH),German Kraft,All,drink,Spring,6,0,,,20,20,,,SPIRIT MIXERS,SPIRIT MIXERS - GK SPIRITS,single choice,no,NO MIXER,GK,,,,0,,yes,221805110054
CAZCABEL HONEY,GK,SPIRITS (GB/GH),German Kraft,All,drink,Spring,6,0,,,20,20,,,SPIRIT MIXERS,SPIRIT MIXERS - GK SPIRITS,single choice,no,POSTMIX SODA WATER,99600000600,,,,1,,no,221805110054
CAZCABEL HONEY,GK,SPIRITS (GB/GH),German Kraft,All,drink,Spring,6,0,,,20,20,,,SPIRIT MIXERS,SPIRIT MIXERS - GK SPIRITS,single choice,no,DIET COLA,25200000600,,,,3.25,,no,221805110054
CAZCABEL HONEY,GK,SPIRITS (GB/GH),German Kraft,All,drink,Spring,6,0,,,20,20,,,SPIRIT MIXERS,SPIRIT MIXERS - GK SPIRITS,single choice,no,POSTMIX COLA,99600000100,,,,3.25,,no,221805110054
CAZCABEL HONEY,GK,SPIRITS (GB/GH),German Kraft,All,drink,Spring,6,0,,,20,20,,,SPIRIT MIXERS,SPIRIT MIXERS - GK SPIRITS,single choice,no,POSTMIX DIET COLA,99600000200,,,,3.25,,no,221805110054
CAZCABEL HONEY,GK,SPIRITS (GB/GH),German Kraft,All,drink,Spring,6,0,,,20,20,,,SPIRIT MIXERS,SPIRIT MIXERS - GK SPIRITS,single choice,no,POSTMIX LEMONADE,99600000300,,,,3.25,,no,221805110054
CAZCABEL HONEY,GK,SPIRITS (GB/GH),German Kraft,All,drink,Spring,6,0,,,20,20,,,SPIRIT MIXERS,SPIRIT MIXERS - GK SPIRITS,single choice,no,POSTMIX GINGER BEER,99600000700,,,,3.25,,no,221805110054
CAZCABEL HONEY,GK,SPIRITS (GB/GH),German Kraft,All,drink,Spring,6,0,,,20,20,,,SPIRIT MIXERS,SPIRIT MIXERS - GK SPIRITS,single choice,no,POSTMIX INDIAN TONIC,99600000400,,,,3.25,,no,221805110054
CAZCABEL HONEY,GK,SPIRITS (GB/GH),German Kraft,All,drink,Spring,6,0,,,20,20,,,SPIRIT MIXERS,SPIRIT MIXERS - GK SPIRITS,single choice,no,POSTMIX LIGHT TONIC,99600000500,,,,3.25,,no,221805110054
CAZCABEL HONEY,GK,SPIRITS (GB/GH),German Kraft,All,drink,Spring,6,0,,,20,20,,,SPIRIT MIXERS,SPIRIT MIXERS - GK SPIRITS,single choice,no,POSTMIX APPLE JUICE,99600000800,,,,3.25,,no,221805110054
CAZCABEL HONEY,GK,SPIRITS (GB/GH),German Kraft,All,drink,Spring,6,0,,,20,20,,,SPIRIT MIXERS,SPIRIT MIXERS - GK SPIRITS,single choice,no,POSTMIX ORANGE JUICE,99600001000,,,,3.25,,no,221805110054
CAZCABEL HONEY,GK,SPIRITS (GB/GH),German Kraft,All,drink,Spring,6,0,,,20,20,,,SPIRIT MIXERS,SPIRIT MIXERS - GK SPIRITS,single choice,no,POSTMIX CRANBERRY JUICE,99600000900,,,,3.25,,no,221805110054
CAZCABEL HONEY,GK,SPIRITS (GB/GH),German Kraft,All,drink,Spring,6,0,,,20,20,,,SPIRIT MIXERS,SPIRIT MIXERS - GK SPIRITS,single choice,no,POSTMIX PINEAPPLE JUICE,99600001100,,,,3.25,,no,221805110054
CAZCABEL HONEY,GK,SPIRITS (GB/GH),German Kraft,All,drink,Spring,6,0,,,20,20,,,SPIRIT MIXERS,SPIRIT MIXERS - GK SPIRITS,single choice,no,POSTMIX PINK GRAPEFRUIT JUICE,25200003900,,,,3.25,,no,221805110054
CAZCABEL HONEY,GK,SPIRITS (GB/GH),German Kraft,All,drink,Spring,6,0,,,20,20,,,SPIRIT MIXERS,SPIRIT MIXERS - GK SPIRITS,single choice,no,F&S SODA WATER,25100001600,,,,3.25,,no,221805110054
CAZCABEL HONEY,GK,SPIRITS (GB/GH),German Kraft,All,drink,Spring,6,0,,,20,20,,,SPIRIT MIXERS,SPIRIT MIXERS - GK SPIRITS,single choice,no,FRANKLIN & SONS COLA,25100000400,,,,3.25,,no,221805110054
CAZCABEL HONEY,GK,SPIRITS (GB/GH),German Kraft,All,drink,Spring,6,0,,,20,20,,,SPIRIT MIXERS,SPIRIT MIXERS - GK SPIRITS,single choice,no,F&S LEMONADE,25100001100,,,,3.25,,no,221805110054
CAZCABEL HONEY,GK,SPIRITS (GB/GH),German Kraft,All,drink,Spring,6,0,,,20,20,,,SPIRIT MIXERS,SPIRIT MIXERS - GK SPIRITS,single choice,no,F&S GINGER BEER,25100000800,,,,3.25,,no,221805110054
CAZCABEL HONEY,GK,SPIRITS (GB/GH),German Kraft,All,drink,Spring,6,0,,,20,20,,,SPIRIT MIXERS,SPIRIT MIXERS - GK SPIRITS,single choice,no,F&S GINGER ALE,25100000700,,,,3.25,,no,221805110054
CAZCABEL HONEY,GK,SPIRITS (GB/GH),German Kraft,All,drink,Spring,6,0,,,20,20,,,SPIRIT MIXERS,SPIRIT MIXERS - GK SPIRITS,single choice,no,F&S INDIAN TONIC,25100002000,,,,3.25,,no,221805110054
CAZCABEL HONEY,GK,SPIRITS (GB/GH),German Kraft,All,drink,Spring,6,0,,,20,20,,,SPIRIT MIXERS,SPIRIT MIXERS - GK SPIRITS,single choice,no,F&S LIGHT TONIC,25100002200,,,,3.25,,no,221805110054
CAZCABEL HONEY,GK,SPIRITS (GB/GH),German Kraft,All,drink,Spring,6,0,,,20,20,,,SPIRIT MIXERS,SPIRIT MIXERS - GK SPIRITS,single choice,no,F&S MALLORCAN TONIC,25100001200,,,,3.25,,no,221805110054
CAZCABEL HONEY,GK,SPIRITS (GB/GH),German Kraft,All,drink,Spring,6,0,,,20,20,,,SPIRIT MIXERS,SPIRIT MIXERS - GK SPIRITS,single choice,no,F&S GRAPEFRUIT TONIC,25100000900,,,,3.25,,no,221805110054
CAZCABEL HONEY,GK,SPIRITS (GB/GH),German Kraft,All,drink,Spring,6,0,,,20,20,,,SPIRIT MIXERS,SPIRIT MIXERS - GK SPIRITS,single choice,no,TWO KEYS PINK GRAPEFRUIT,25100003900,,,,3.25,,no,221805110054
CAZCABEL HONEY,GK,SPIRITS (GB/GH),German Kraft,All,drink,Spring,6,0,,,20,20,,,SPIRIT MIXERS,SPIRIT MIXERS - GK SPIRITS,single choice,no,FEVERTREE AROMATIC,25100000300,,,,3.25,,no,221805110054
CAZCABEL HONEY,GK,SPIRITS (GB/GH),German Kraft,All,drink,Spring,6,0,,,20,20,,,SPIRIT MIXERS,SPIRIT MIXERS - GK SPIRITS,single choice,no,FEVERTREE CUCUMBER,25100000500,,,,3.25,,no,221805110054
CAZCABEL HONEY,GK,SPIRITS (GB/GH),German Kraft,All,drink,Spring,6,0,,,20,20,,,SPIRIT MIXERS,SPIRIT MIXERS - GK SPIRITS,single choice,no,FEVERTREE ELDERFLOWER,25100000600,,,,3.25,,no,221805110054
CAZCABEL HONEY,GK,SPIRITS (GB/GH),German Kraft,All,drink,Spring,6,0,,,20,20,,,SPIRIT MIXERS,SPIRIT MIXERS - GK SPIRITS,single choice,no,FRITZ KOLA,GK,,,,3,,no,221805110054
CAZCABEL HONEY,GK,SPIRITS (GB/GH),German Kraft,All,drink,Spring,6,0,,,20,20,,,SPIRIT MIXERS,SPIRIT MIXERS - GK SPIRITS,single choice,no,FRITZ LIMO,GK,,,,3,,no,221805110054
CAZCABEL REPOSADO,GK,SPIRITS (GB/GH),German Kraft,All,drink,Spring,6.25,0,,,20,20,,,MEASURE,MEASURE - GK CAZCABEL REPOSADO,single choice,no,SINGLE (25ML),22600009400,,,,0,,yes,221805103348
CAZCABEL REPOSADO,GK,SPIRITS (GB/GH),German Kraft,All,drink,Spring,6.25,0,,,20,20,,,MEASURE,MEASURE - GK CAZCABEL REPOSADO,single choice,no,DOUBLE (50ML),22600009408,,,,3,,no,221805103348
CAZCABEL REPOSADO,GK,SPIRITS (GB/GH),German Kraft,All,drink,Spring,6.25,0,,,20,20,,,SPIRIT MIXERS,SPIRIT MIXERS - GK SPIRITS,single choice,no,NO MIXER,GK,,,,0,,yes,221805097854
CAZCABEL REPOSADO,GK,SPIRITS (GB/GH),German Kraft,All,drink,Spring,6.25,0,,,20,20,,,SPIRIT MIXERS,SPIRIT MIXERS - GK SPIRITS,single choice,no,POSTMIX SODA WATER,99600000600,,,,1,,no,221805097854
CAZCABEL REPOSADO,GK,SPIRITS (GB/GH),German Kraft,All,drink,Spring,6.25,0,,,20,20,,,SPIRIT MIXERS,SPIRIT MIXERS - GK SPIRITS,single choice,no,DIET COLA,25200000600,,,,3.25,,no,221805097854
CAZCABEL REPOSADO,GK,SPIRITS (GB/GH),German Kraft,All,drink,Spring,6.25,0,,,20,20,,,SPIRIT MIXERS,SPIRIT MIXERS - GK SPIRITS,single choice,no,POSTMIX COLA,99600000100,,,,3.25,,no,221805097854
CAZCABEL REPOSADO,GK,SPIRITS (GB/GH),German Kraft,All,drink,Spring,6.25,0,,,20,20,,,SPIRIT MIXERS,SPIRIT MIXERS - GK SPIRITS,single choice,no,POSTMIX DIET COLA,99600000200,,,,3.25,,no,221805097854
CAZCABEL REPOSADO,GK,SPIRITS (GB/GH),German Kraft,All,drink,Spring,6.25,0,,,20,20,,,SPIRIT MIXERS,SPIRIT MIXERS - GK SPIRITS,single choice,no,POSTMIX LEMONADE,99600000300,,,,3.25,,no,221805097854
CAZCABEL REPOSADO,GK,SPIRITS (GB/GH),German Kraft,All,drink,Spring,6.25,0,,,20,20,,,SPIRIT MIXERS,SPIRIT MIXERS - GK SPIRITS,single choice,no,POSTMIX GINGER BEER,99600000700,,,,3.25,,no,221805097854
CAZCABEL REPOSADO,GK,SPIRITS (GB/GH),German Kraft,All,drink,Spring,6.25,0,,,20,20,,,SPIRIT MIXERS,SPIRIT MIXERS - GK SPIRITS,single choice,no,POSTMIX INDIAN TONIC,99600000400,,,,3.25,,no,221805097854
CAZCABEL REPOSADO,GK,SPIRITS (GB/GH),German Kraft,All,drink,Spring,6.25,0,,,20,20,,,SPIRIT MIXERS,SPIRIT MIXERS - GK SPIRITS,single choice,no,POSTMIX LIGHT TONIC,99600000500,,,,3.25,,no,221805097854
CAZCABEL REPOSADO,GK,SPIRITS (GB/GH),German Kraft,All,drink,Spring,6.25,0,,,20,20,,,SPIRIT MIXERS,SPIRIT MIXERS - GK SPIRITS,single choice,no,POSTMIX APPLE JUICE,99600000800,,,,3.25,,no,221805097854
CAZCABEL REPOSADO,GK,SPIRITS (GB/GH),German Kraft,All,drink,Spring,6.25,0,,,20,20,,,SPIRIT MIXERS,SPIRIT MIXERS - GK SPIRITS,single choice,no,POSTMIX ORANGE JUICE,99600001000,,,,3.25,,no,221805097854
CAZCABEL REPOSADO,GK,SPIRITS (GB/GH),German Kraft,All,drink,Spring,6.25,0,,,20,20,,,SPIRIT MIXERS,SPIRIT MIXERS - GK SPIRITS,single choice,no,POSTMIX CRANBERRY JUICE,99600000900,,,,3.25,,no,221805097854
CAZCABEL REPOSADO,GK,SPIRITS (GB/GH),German Kraft,All,drink,Spring,6.25,0,,,20,20,,,SPIRIT MIXERS,SPIRIT MIXERS - GK SPIRITS,single choice,no,POSTMIX PINEAPPLE JUICE,99600001100,,,,3.25,,no,221805097854
CAZCABEL REPOSADO,GK,SPIRITS (GB/GH),German Kraft,All,drink,Spring,6.25,0,,,20,20,,,SPIRIT MIXERS,SPIRIT MIXERS - GK SPIRITS,single choice,no,POSTMIX PINK GRAPEFRUIT JUICE,25200003900,,,,3.25,,no,221805097854
CAZCABEL REPOSADO,GK,SPIRITS (GB/GH),German Kraft,All,drink,Spring,6.25,0,,,20,20,,,SPIRIT MIXERS,SPIRIT MIXERS - GK SPIRITS,single choice,no,F&S SODA WATER,25100001600,,,,3.25,,no,221805097854
CAZCABEL REPOSADO,GK,SPIRITS (GB/GH),German Kraft,All,drink,Spring,6.25,0,,,20,20,,,SPIRIT MIXERS,SPIRIT MIXERS - GK SPIRITS,single choice,no,FRANKLIN & SONS COLA,25100000400,,,,3.25,,no,221805097854
CAZCABEL REPOSADO,GK,SPIRITS (GB/GH),German Kraft,All,drink,Spring,6.25,0,,,20,20,,,SPIRIT MIXERS,SPIRIT MIXERS - GK SPIRITS,single choice,no,F&S LEMONADE,25100001100,,,,3.25,,no,221805097854
CAZCABEL REPOSADO,GK,SPIRITS (GB/GH),German Kraft,All,drink,Spring,6.25,0,,,20,20,,,SPIRIT MIXERS,SPIRIT MIXERS - GK SPIRITS,single choice,no,F&S GINGER BEER,25100000800,,,,3.25,,no,221805097854
CAZCABEL REPOSADO,GK,SPIRITS (GB/GH),German Kraft,All,drink,Spring,6.25,0,,,20,20,,,SPIRIT MIXERS,SPIRIT MIXERS - GK SPIRITS,single choice,no,F&S GINGER ALE,25100000700,,,,3.25,,no,221805097854
CAZCABEL REPOSADO,GK,SPIRITS (GB/GH),German Kraft,All,drink,Spring,6.25,0,,,20,20,,,SPIRIT MIXERS,SPIRIT MIXERS - GK SPIRITS,single choice,no,F&S INDIAN TONIC,25100002000,,,,3.25,,no,221805097854
CAZCABEL REPOSADO,GK,SPIRITS (GB/GH),German Kraft,All,drink,Spring,6.25,0,,,20,20,,,SPIRIT MIXERS,SPIRIT MIXERS - GK SPIRITS,single choice,no,F&S LIGHT TONIC,25100002200,,,,3.25,,no,221805097854
CAZCABEL REPOSADO,GK,SPIRITS (GB/GH),German Kraft,All,drink,Spring,6.25,0,,,20,20,,,SPIRIT MIXERS,SPIRIT MIXERS - GK SPIRITS,single choice,no,F&S MALLORCAN TONIC,25100001200,,,,3.25,,no,221805097854
CAZCABEL REPOSADO,GK,SPIRITS (GB/GH),German Kraft,All,drink,Spring,6.25,0,,,20,20,,,SPIRIT MIXERS,SPIRIT MIXERS - GK SPIRITS,single choice,no,F&S GRAPEFRUIT TONIC,25100000900,,,,3.25,,no,221805097854
CAZCABEL REPOSADO,GK,SPIRITS (GB/GH),German Kraft,All,drink,Spring,6.25,0,,,20,20,,,SPIRIT MIXERS,SPIRIT MIXERS - GK SPIRITS,single choice,no,TWO KEYS PINK GRAPEFRUIT,25100003900,,,,3.25,,no,221805097854
CAZCABEL REPOSADO,GK,SPIRITS (GB/GH),German Kraft,All,drink,Spring,6.25,0,,,20,20,,,SPIRIT MIXERS,SPIRIT MIXERS - GK SPIRITS,single choice,no,FEVERTREE AROMATIC,25100000300,,,,3.25,,no,221805097854
CAZCABEL REPOSADO,GK,SPIRITS (GB/GH),German Kraft,All,drink,Spring,6.25,0,,,20,20,,,SPIRIT MIXERS,SPIRIT MIXERS - GK SPIRITS,single choice,no,FEVERTREE CUCUMBER,25100000500,,,,3.25,,no,221805097854
CAZCABEL REPOSADO,GK,SPIRITS (GB/GH),German Kraft,All,drink,Spring,6.25,0,,,20,20,,,SPIRIT MIXERS,SPIRIT MIXERS - GK SPIRITS,single choice,no,FEVERTREE ELDERFLOWER,25100000600,,,,3.25,,no,221805097854
CAZCABEL REPOSADO,GK,SPIRITS (GB/GH),German Kraft,All,drink,Spring,6.25,0,,,20,20,,,SPIRIT MIXERS,SPIRIT MIXERS - GK SPIRITS,single choice,no,FRITZ KOLA,GK,,,,3,,no,221805097854
CAZCABEL REPOSADO,GK,SPIRITS (GB/GH),German Kraft,All,drink,Spring,6.25,0,,,20,20,,,SPIRIT MIXERS,SPIRIT MIXERS - GK SPIRITS,single choice,no,FRITZ LIMO,GK,,,,3,,no,221805097854
KLIPPS,GK,SPIRITS (GB/GH),German Kraft,All,drink,Spring,6.5,0,,,20,20,,,MEASURE,MEASURE - GK KLIPPS,single choice,no,SINGLE (25ML),22500001000,,,,0,,yes,221804679648
KLIPPS,GK,SPIRITS (GB/GH),German Kraft,All,drink,Spring,6.5,0,,,20,20,,,MEASURE,MEASURE - GK KLIPPS,single choice,no,DOUBLE (50ML),22500001008,,,,2,,no,221804679648
KLIPPS,GK,SPIRITS (GB/GH),German Kraft,All,drink,Spring,6.5,0,,,20,20,,,SPIRIT MIXERS,SPIRIT MIXERS - GK SPIRITS,single choice,no,NO MIXER,GK,,,,0,,yes,221804674154
KLIPPS,GK,SPIRITS (GB/GH),German Kraft,All,drink,Spring,6.5,0,,,20,20,,,SPIRIT MIXERS,SPIRIT MIXERS - GK SPIRITS,single choice,no,POSTMIX SODA WATER,99600000600,,,,1,,no,221804674154
KLIPPS,GK,SPIRITS (GB/GH),German Kraft,All,drink,Spring,6.5,0,,,20,20,,,SPIRIT MIXERS,SPIRIT MIXERS - GK SPIRITS,single choice,no,DIET COLA,25200000600,,,,3.25,,no,221804674154
KLIPPS,GK,SPIRITS (GB/GH),German Kraft,All,drink,Spring,6.5,0,,,20,20,,,SPIRIT MIXERS,SPIRIT MIXERS - GK SPIRITS,single choice,no,POSTMIX COLA,99600000100,,,,3.25,,no,221804674154
KLIPPS,GK,SPIRITS (GB/GH),German Kraft,All,drink,Spring,6.5,0,,,20,20,,,SPIRIT MIXERS,SPIRIT MIXERS - GK SPIRITS,single choice,no,POSTMIX DIET COLA,99600000200,,,,3.25,,no,221804674154
KLIPPS,GK,SPIRITS (GB/GH),German Kraft,All,drink,Spring,6.5,0,,,20,20,,,SPIRIT MIXERS,SPIRIT MIXERS - GK SPIRITS,single choice,no,POSTMIX LEMONADE,99600000300,,,,3.25,,no,221804674154
KLIPPS,GK,SPIRITS (GB/GH),German Kraft,All,drink,Spring,6.5,0,,,20,20,,,SPIRIT MIXERS,SPIRIT MIXERS - GK SPIRITS,single choice,no,POSTMIX GINGER BEER,99600000700,,,,3.25,,no,221804674154
KLIPPS,GK,SPIRITS (GB/GH),German Kraft,All,drink,Spring,6.5,0,,,20,20,,,SPIRIT MIXERS,SPIRIT MIXERS - GK SPIRITS,single choice,no,POSTMIX INDIAN TONIC,99600000400,,,,3.25,,no,221804674154
KLIPPS,GK,SPIRITS (GB/GH),German Kraft,All,drink,Spring,6.5,0,,,20,20,,,SPIRIT MIXERS,SPIRIT MIXERS - GK SPIRITS,single choice,no,POSTMIX LIGHT TONIC,99600000500,,,,3.25,,no,221804674154
KLIPPS,GK,SPIRITS (GB/GH),German Kraft,All,drink,Spring,6.5,0,,,20,20,,,SPIRIT MIXERS,SPIRIT MIXERS - GK SPIRITS,single choice,no,POSTMIX APPLE JUICE,99600000800,,,,3.25,,no,221804674154
KLIPPS,GK,SPIRITS (GB/GH),German Kraft,All,drink,Spring,6.5,0,,,20,20,,,SPIRIT MIXERS,SPIRIT MIXERS - GK SPIRITS,single choice,no,POSTMIX ORANGE JUICE,99600001000,,,,3.25,,no,221804674154
KLIPPS,GK,SPIRITS (GB/GH),German Kraft,All,drink,Spring,6.5,0,,,20,20,,,SPIRIT MIXERS,SPIRIT MIXERS - GK SPIRITS,single choice,no,POSTMIX CRANBERRY JUICE,99600000900,,,,3.25,,no,221804674154
KLIPPS,GK,SPIRITS (GB/GH),German Kraft,All,drink,Spring,6.5,0,,,20,20,,,SPIRIT MIXERS,SPIRIT MIXERS - GK SPIRITS,single choice,no,POSTMIX PINEAPPLE JUICE,99600001100,,,,3.25,,no,221804674154
KLIPPS,GK,SPIRITS (GB/GH),German Kraft,All,drink,Spring,6.5,0,,,20,20,,,SPIRIT MIXERS,SPIRIT MIXERS - GK SPIRITS,single choice,no,POSTMIX PINK GRAPEFRUIT JUICE,25200003900,,,,3.25,,no,221804674154
KLIPPS,GK,SPIRITS (GB/GH),German Kraft,All,drink,Spring,6.5,0,,,20,20,,,SPIRIT MIXERS,SPIRIT MIXERS - GK SPIRITS,single choice,no,F&S SODA WATER,25100001600,,,,3.25,,no,221804674154
KLIPPS,GK,SPIRITS (GB/GH),German Kraft,All,drink,Spring,6.5,0,,,20,20,,,SPIRIT MIXERS,SPIRIT MIXERS - GK SPIRITS,single choice,no,FRANKLIN & SONS COLA,25100000400,,,,3.25,,no,221804674154
KLIPPS,GK,SPIRITS (GB/GH),German Kraft,All,drink,Spring,6.5,0,,,20,20,,,SPIRIT MIXERS,SPIRIT MIXERS - GK SPIRITS,single choice,no,F&S LEMONADE,25100001100,,,,3.25,,no,221804674154
KLIPPS,GK,SPIRITS (GB/GH),German Kraft,All,drink,Spring,6.5,0,,,20,20,,,SPIRIT MIXERS,SPIRIT MIXERS - GK SPIRITS,single choice,no,F&S GINGER BEER,25100000800,,,,3.25,,no,221804674154
KLIPPS,GK,SPIRITS (GB/GH),German Kraft,All,drink,Spring,6.5,0,,,20,20,,,SPIRIT MIXERS,SPIRIT MIXERS - GK SPIRITS,single choice,no,F&S GINGER ALE,25100000700,,,,3.25,,no,221804674154
KLIPPS,GK,SPIRITS (GB/GH),German Kraft,All,drink,Spring,6.5,0,,,20,20,,,SPIRIT MIXERS,SPIRIT MIXERS - GK SPIRITS,single choice,no,F&S INDIAN TONIC,25100002000,,,,3.25,,no,221804674154
KLIPPS,GK,SPIRITS (GB/GH),German Kraft,All,drink,Spring,6.5,0,,,20,20,,,SPIRIT MIXERS,SPIRIT MIXERS - GK SPIRITS,single choice,no,F&S LIGHT TONIC,25100002200,,,,3.25,,no,221804674154
KLIPPS,GK,SPIRITS (GB/GH),German Kraft,All,drink,Spring,6.5,0,,,20,20,,,SPIRIT MIXERS,SPIRIT MIXERS - GK SPIRITS,single choice,no,F&S MALLORCAN TONIC,25100001200,,,,3.25,,no,221804674154
KLIPPS,GK,SPIRITS (GB/GH),German Kraft,All,drink,Spring,6.5,0,,,20,20,,,SPIRIT MIXERS,SPIRIT MIXERS - GK SPIRITS,single choice,no,F&S GRAPEFRUIT TONIC,25100000900,,,,3.25,,no,221804674154
KLIPPS,GK,SPIRITS (GB/GH),German Kraft,All,drink,Spring,6.5,0,,,20,20,,,SPIRIT MIXERS,SPIRIT MIXERS - GK SPIRITS,single choice,no,TWO KEYS PINK GRAPEFRUIT,25100003900,,,,3.25,,no,221804674154
KLIPPS,GK,SPIRITS (GB/GH),German Kraft,All,drink,Spring,6.5,0,,,20,20,,,SPIRIT MIXERS,SPIRIT MIXERS - GK SPIRITS,single choice,no,FEVERTREE AROMATIC,25100000300,,,,3.25,,no,221804674154
KLIPPS,GK,SPIRITS (GB/GH),German Kraft,All,drink,Spring,6.5,0,,,20,20,,,SPIRIT MIXERS,SPIRIT MIXERS - GK SPIRITS,single choice,no,FEVERTREE CUCUMBER,25100000500,,,,3.25,,no,221804674154
KLIPPS,GK,SPIRITS (GB/GH),German Kraft,All,drink,Spring,6.5,0,,,20,20,,,SPIRIT MIXERS,SPIRIT MIXERS - GK SPIRITS,single choice,no,FEVERTREE ELDERFLOWER,25100000600,,,,3.25,,no,221804674154
KLIPPS,GK,SPIRITS (GB/GH),German Kraft,All,drink,Spring,6.5,0,,,20,20,,,SPIRIT MIXERS,SPIRIT MIXERS - GK SPIRITS,single choice,no,FRITZ KOLA,GK,,,,3,,no,221804674154
KLIPPS,GK,SPIRITS (GB/GH),German Kraft,All,drink,Spring,6.5,0,,,20,20,,,SPIRIT MIXERS,SPIRIT MIXERS - GK SPIRITS,single choice,no,FRITZ LIMO,GK,,,,3,,no,221804674154
2 FOR 1 MARGARITA,GK,CLASSIC COCKTAILS,German Kraft,All,drink,Cobalt,12.95,0,,,20,20,,,FLAVOUR,FLAVOUR - GK MARGARITAS,single choice,no,CLASSIC MARGARITA,23060000100,,,,-0.2,,yes,219960008250
2 FOR 1 MARGARITA,GK,CLASSIC COCKTAILS,German Kraft,All,drink,Cobalt,12.95,0,,,20,20,,,FLAVOUR,FLAVOUR - GK MARGARITAS,single choice,no,COCONUT MARGARITA,23060001300,,,,0,,no,219960008250
2 FOR 1 MARGARITA,GK,CLASSIC COCKTAILS,German Kraft,All,drink,Cobalt,12.95,0,,,20,20,,,FLAVOUR,FLAVOUR - GK MARGARITAS,single choice,no,HIBISCUS MARGARITA,23060001500,,,,0,,no,219960008250
2 FOR 1 MARGARITA,GK,CLASSIC COCKTAILS,German Kraft,All,drink,Cobalt,12.95,0,,,20,20,,,FLAVOUR,FLAVOUR - GK MARGARITAS,single choice,no,PASSIONFRUIT MARGARITA,23060000200,,,,0,,no,219960008250
2 FOR 1 MARGARITA,GK,CLASSIC COCKTAILS,German Kraft,All,drink,Cobalt,12.95,0,,,20,20,,,FLAVOUR,FLAVOUR - GK MARGARITAS,single choice,no,RASPBERRY MARGARITA,23060000800,,,,0,,no,219960008250
2 FOR 1 MARGARITA,GK,CLASSIC COCKTAILS,German Kraft,All,drink,Cobalt,12.95,0,,,20,20,,,FLAVOUR,FLAVOUR - GK MARGARITAS,single choice,no,STRAWBERRY MARGARITA,23060001100,,,,0,,no,219960008250
AMARETTO SOUR,22940000500,CLASSIC COCKTAILS,German Kraft,All,drink,Aero,12.75,0,,,20,20,,,,,multi choice,no,,,,,,,,,219959983611
CAIPIRINHA,22900001200,CLASSIC COCKTAILS,German Kraft,All,drink,Aero,12.95,0,,,20,20,,,,,multi choice,no,,,,,,,,,219959863011
COSMOPOLITAN,22900001600,CLASSIC COCKTAILS,German Kraft,All,drink,Aero,12.5,0,,,20,20,,,,,multi choice,no,,,,,,,,,219959808711
DARK AND STORMY,22900001800,CLASSIC COCKTAILS,German Kraft,All,drink,Aero,12.5,0,,,20,20,,,,,multi choice,no,,,,,,,,,219959685311
DAIQUIRI,GK,CLASSIC COCKTAILS,German Kraft,All,drink,Aero,12.5,0,,,20,20,,,FLAVOUR,FLAVOUR - GK DAIQUIRI,single choice,no,CLASSIC DAIQUIRI,23020000200,,,,0,,yes,219959682650
DAIQUIRI,GK,CLASSIC COCKTAILS,German Kraft,All,drink,Aero,12.5,0,,,20,20,,,FLAVOUR,FLAVOUR - GK DAIQUIRI,single choice,no,PASSION FRUIT DAIQUIRI,23020000300,,,,0,,no,219959682650
DAIQUIRI,GK,CLASSIC COCKTAILS,German Kraft,All,drink,Aero,12.5,0,,,20,20,,,FLAVOUR,FLAVOUR - GK DAIQUIRI,single choice,no,RASPBERRY DAIQUIRI,23020000400,,,,0,,no,219959682650
ESPRESSO MARTINI,22900002000,CLASSIC COCKTAILS,German Kraft,All,drink,Aero,12.5,0,,,20,20,,,,,multi choice,no,,,,,,,,,219959623011
KIR ROYALE,23081100600,CLASSIC COCKTAILS,German Kraft,All,drink,Aero,12.75,0,,,20,20,,,,,multi choice,no,,,,,,,,,219959408811
MAI TAI,22900003200,CLASSIC COCKTAILS,German Kraft,All,drink,Aero,12.5,0,,,20,20,,,,,multi choice,no,,,,,,,,,219959337311
MARGARITA,GK,CLASSIC COCKTAILS,German Kraft,All,drink,Aero,12.95,0,,,20,20,,,FLAVOUR,FLAVOUR - GK MARGARITAS,single choice,no,CLASSIC MARGARITA,23060000100,,,,-0.2,,yes,219959333250
MARGARITA,GK,CLASSIC COCKTAILS,German Kraft,All,drink,Aero,12.95,0,,,20,20,,,FLAVOUR,FLAVOUR - GK MARGARITAS,single choice,no,COCONUT MARGARITA,23060001300,,,,0,,no,219959333250
MARGARITA,GK,CLASSIC COCKTAILS,German Kraft,All,drink,Aero,12.95,0,,,20,20,,,FLAVOUR,FLAVOUR - GK MARGARITAS,single choice,no,HIBISCUS MARGARITA,23060001500,,,,0,,no,219959333250
MARGARITA,GK,CLASSIC COCKTAILS,German Kraft,All,drink,Aero,12.95,0,,,20,20,,,FLAVOUR,FLAVOUR - GK MARGARITAS,single choice,no,PASSIONFRUIT MARGARITA,23060000200,,,,0,,no,219959333250
MARGARITA,GK,CLASSIC COCKTAILS,German Kraft,All,drink,Aero,12.95,0,,,20,20,,,FLAVOUR,FLAVOUR - GK MARGARITAS,single choice,no,RASPBERRY MARGARITA,23060000800,,,,0,,no,219959333250
MARGARITA,GK,CLASSIC COCKTAILS,German Kraft,All,drink,Aero,12.95,0,,,20,20,,,FLAVOUR,FLAVOUR - GK MARGARITAS,single choice,no,STRAWBERRY MARGARITA,23060001100,,,,0,,no,219959333250
MOSCOW MULE,22900003900,CLASSIC COCKTAILS,German Kraft,All,drink,Aero,12.5,0,,,20,20,,,,,multi choice,no,,,,,,,,,219959314711
MOJITO,GK,CLASSIC COCKTAILS,German Kraft,All,drink,Aero,12.75,0,,,20,20,,,FLAVOUR,FLAVOUR - GK MOJITO,single choice,no,CLASSIC MOJITO,23000000100,,,,-0.25,,yes,219959313350
MOJITO,GK,CLASSIC COCKTAILS,German Kraft,All,drink,Aero,12.75,0,,,20,20,,,FLAVOUR,FLAVOUR - GK MOJITO,single choice,no,COCONUT MOJITO,23000001600,,,,0,,no,219959313350
MOJITO,GK,CLASSIC COCKTAILS,German Kraft,All,drink,Aero,12.75,0,,,20,20,,,FLAVOUR,FLAVOUR - GK MOJITO,single choice,no,HIBISCUS MOJITO,23000001700,,,,0,,no,219959313350
MOJITO,GK,CLASSIC COCKTAILS,German Kraft,All,drink,Aero,12.75,0,,,20,20,,,FLAVOUR,FLAVOUR - GK MOJITO,single choice,no,PASSION FRUIT MOJITO,23000000300,,,,0,,no,219959313350
MOJITO,GK,CLASSIC COCKTAILS,German Kraft,All,drink,Aero,12.75,0,,,20,20,,,FLAVOUR,FLAVOUR - GK MOJITO,single choice,no,RASPBERRY MOJITO,23000000400,,,,0,,no,219959313350
MOJITO,GK,CLASSIC COCKTAILS,German Kraft,All,drink,Aero,12.75,0,,,20,20,,,FLAVOUR,FLAVOUR - GK MOJITO,single choice,no,STRAWBERRY MOJITO,23000001500,,,,0,,no,219959313350
NEGRONI,22900004100,CLASSIC COCKTAILS,German Kraft,All,drink,Aero,12.5,0,,,20,20,,,,,multi choice,no,,,,,,,,,219959280711
OLD FASHIONED,22900004400,CLASSIC COCKTAILS,German Kraft,All,drink,Aero,12.5,0,,,20,20,,,,,multi choice,no,,,,,,,,,219959262611
PALOMA,22900004600,CLASSIC COCKTAILS,German Kraft,All,drink,Aero,12.5,0,,,20,20,,,,,multi choice,no,,,,,,,,,219959249211
PORNSTAR MARTINI,22900005400,CLASSIC COCKTAILS,German Kraft,All,drink,Aero,12.5,0,,,20,20,,,,,multi choice,no,,,,,,,,,219959230011
SPICY MARGARITA,23060000300,CLASSIC COCKTAILS,German Kraft,All,drink,Aero,12.95,0,,,20,20,,,,,multi choice,no,,,,,,,,,219959048111
TOMMY'S MARGARITA,22900006400,CLASSIC COCKTAILS,German Kraft,All,drink,Aero,12.95,0,,,20,20,,,,,multi choice,no,,,,,,,,,219958937111
VENETIAN SPRITZ,23081100100,CLASSIC COCKTAILS,German Kraft,All,drink,Aero,12.75,0,,,20,20,,,,,multi choice,no,,,,,,,,,219958877711
WHISKEY SOUR,22940000700,CLASSIC COCKTAILS,German Kraft,All,drink,Aero,12.75,0,,,20,20,,,,,multi choice,no,,,,,,,,,219958843011
AMERICANO,22900000200,CLASSIC COCKTAILS,German Kraft,All,drink,Rose,11.5,0,,,20,20,,,,,multi choice,no,,,,,,,,,219950273311
AVIATION,22900000400,CLASSIC COCKTAILS,German Kraft,All,drink,Rose,12.95,0,,,20,20,,,,,multi choice,no,,,,,,,,,219950260511
BOULEVARDIER,22900001000,CLASSIC COCKTAILS,German Kraft,All,drink,Rose,12.5,0,,,20,20,,,,,multi choice,no,,,,,,,,,219950200611
BRAMBLE,22900001100,CLASSIC COCKTAILS,German Kraft,All,drink,Rose,12,0,,,20,20,,,,,multi choice,no,,,,,,,,,219950200511
CLASSIC CACHACA MOJITO,23000000700,CLASSIC COCKTAILS,German Kraft,All,drink,Rose,12.75,0,,,20,20,,,,,multi choice,no,,,,,,,,,219950112511
CLOVER CLUB,22900001400,CLASSIC COCKTAILS,German Kraft,All,drink,Rose,12.5,0,,,20,20,,,,,multi choice,no,,,,,,,,,219950111511
CUBA LIBRE,,CLASSIC COCKTAILS,German Kraft,All,drink,Rose,12.5,0,,,20,20,,,,,multi choice,no,,,,,,,,,219950098311
FRENCH MARTINI,22900002200,CLASSIC COCKTAILS,German Kraft,All,drink,Rose,12.5,0,,,20,20,,,,,multi choice,no,,,,,,,,,219949859711
GIMLET,22900002300,CLASSIC COCKTAILS,German Kraft,All,drink,Rose,12.5,0,,,20,20,,,,,multi choice,no,,,,,,,,,219949808911
GIN BASIL SMASH,22900002400,CLASSIC COCKTAILS,German Kraft,All,drink,Rose,12,0,,,20,20,,,,,multi choice,no,,,,,,,,,219949808811
GODFATHER,22900010000,CLASSIC COCKTAILS,German Kraft,All,drink,Rose,12.5,0,,,20,20,,,,,multi choice,no,,,,,,,,,219949787411
HURRICANE,22900002900,CLASSIC COCKTAILS,German Kraft,All,drink,Rose,12.5,0,,,20,20,,,,,multi choice,no,,,,,,,,,219949751311
LAST WORD,22900003000,CLASSIC COCKTAILS,German Kraft,All,drink,Rose,12.5,0,,,20,20,,,,,multi choice,no,,,,,,,,,219949670511
MANHATTAN,22900003300,CLASSIC COCKTAILS,German Kraft,All,drink,Rose,12.5,0,,,20,20,,,,,multi choice,no,,,,,,,,,219949627011
MEZCAL MARGARITA,GK,CLASSIC COCKTAILS,German Kraft,All,drink,Rose,12.95,0,,,20,20,,,FLAVOUR,FLAVOUR - GK MEZCAL MARGARITA,single choice,no,MEZCAL CLASSIC MARGARITA,23060000500,,,,-0.2,,yes,219949613550
MEZCAL MARGARITA,GK,CLASSIC COCKTAILS,German Kraft,All,drink,Rose,12.95,0,,,20,20,,,FLAVOUR,FLAVOUR - GK MEZCAL MARGARITA,single choice,no,MEZCAL COCONUT MARGARITA,23060001400,,,,0,,no,219949613550
MEZCAL MARGARITA,GK,CLASSIC COCKTAILS,German Kraft,All,drink,Rose,12.95,0,,,20,20,,,FLAVOUR,FLAVOUR - GK MEZCAL MARGARITA,single choice,no,MEZCAL HIBISCUS MARGARITA,23060001600,,,,0,,no,219949613550
MEZCAL MARGARITA,GK,CLASSIC COCKTAILS,German Kraft,All,drink,Rose,12.95,0,,,20,20,,,FLAVOUR,FLAVOUR - GK MEZCAL MARGARITA,single choice,no,MEZCAL PASSION MARGARITA,23060001000,,,,0,,no,219949613550
MEZCAL MARGARITA,GK,CLASSIC COCKTAILS,German Kraft,All,drink,Rose,12.95,0,,,20,20,,,FLAVOUR,FLAVOUR - GK MEZCAL MARGARITA,single choice,no,MEZCAL RASPERRY MARGARITA,23060000900,,,,0,,no,219949613550
MEZCAL MARGARITA,GK,CLASSIC COCKTAILS,German Kraft,All,drink,Rose,12.95,0,,,20,20,,,FLAVOUR,FLAVOUR - GK MEZCAL MARGARITA,single choice,no,MEZCAL SPICY MARGARITA,23060000700,,,,0,,no,219949613550
MEZCAL MARGARITA,GK,CLASSIC COCKTAILS,German Kraft,All,drink,Rose,12.95,0,,,20,20,,,FLAVOUR,FLAVOUR - GK MEZCAL MARGARITA,single choice,no,MEZCAL STRAWBERRY MARGARITA,23060001200,,,,0,,no,219949613550
MIMOSA,22900009800,CLASSIC COCKTAILS,German Kraft,All,drink,Rose,12.25,0,,,20,20,,,,,multi choice,no,,,,,,,,,219949608611
NAKED & FAMOUS,22900004000,CLASSIC COCKTAILS,German Kraft,All,drink,Rose,12.5,0,,,20,20,,,,,multi choice,no,,,,,,,,,219949570811
NEGRONI SPAGLIATO,22900004200,CLASSIC COCKTAILS,German Kraft,All,drink,Rose,12.5,0,,,20,20,,,,,multi choice,no,,,,,,,,,219949570611
OLD CUBAN,22900004300,CLASSIC COCKTAILS,German Kraft,All,drink,Rose,12.5,0,,,20,20,,,,,multi choice,no,,,,,,,,,219949552711
PERFECT LADY,22900005100,CLASSIC COCKTAILS,German Kraft,All,drink,Rose,12.5,0,,,20,20,,,,,multi choice,no,,,,,,,,,219949537011
PISCO SOUR,22940000600,CLASSIC COCKTAILS,German Kraft,All,drink,Rose,12.5,0,,,20,20,,,,,multi choice,no,,,,,,,,,219949533811
SAZERAC 50/50,22900005700,CLASSIC COCKTAILS,German Kraft,All,drink,Rose,12.5,0,,,20,20,,,,,multi choice,no,,,,,,,,,219949398111
SIDECAR,22900005900,CLASSIC COCKTAILS,German Kraft,All,drink,Rose,12.5,0,,,20,20,,,,,multi choice,no,,,,,,,,,219949396611
SOUTH SIDE,22900006100,CLASSIC COCKTAILS,German Kraft,All,drink,Rose,12.5,0,,,20,20,,,,,multi choice,no,,,,,,,,,219949393111
TEQUILA SUNRISE,22900006200,CLASSIC COCKTAILS,German Kraft,All,drink,Rose,12.5,0,,,20,20,,,,,multi choice,no,,,,,,,,,219949228011
TOM COLLINS,22900006300,CLASSIC COCKTAILS,German Kraft,All,drink,Rose,12.5,0,,,20,20,,,,,multi choice,no,,,,,,,,,219949227611
TOMMY'S MEZCAL MARGARITA,23060000600,CLASSIC COCKTAILS,German Kraft,All,drink,Rose,12.95,0,,,20,20,,,,,multi choice,no,,,,,,,,,219949227011
TUXEDO NO.2,22900006800,CLASSIC COCKTAILS,German Kraft,All,drink,Rose,12.5,0,,,20,20,,,,,multi choice,no,,,,,,,,,219949226811
VODKA MARTINI (DRY),22980000500,CLASSIC COCKTAILS,German Kraft,All,drink,Rose,12.5,0,,,20,20,,,,,multi choice,no,,,,,,,,,219949162611
VODKA MARTINI (WET),22980001000,CLASSIC COCKTAILS,German Kraft,All,drink,Rose,12.5,0,,,20,20,,,,,multi choice,no,,,,,,,,,219949162411
ZOMBIE,22900007400,CLASSIC COCKTAILS,German Kraft,All,drink,Rose,13.5,0,,,20,20,,,,,multi choice,no,,,,,,,,,219949101811
DARK AND STORMY,22900001800,COCKTAILS (GB/GH),German Kraft,All,drink,Aero,12.5,0,,,20,20,,,,,multi choice,no,,,,,,,,,219944685311
DONNA RUMMER,22810000100,COCKTAILS (GB/GH),German Kraft,All,drink,Rose,12.5,0,,,20,20,,,,,multi choice,no,,,,,,,,,219944683611
MAPLE OLD FASHIONED,22801002200,COCKTAILS (GB/GH),German Kraft,All,drink,Magenta,12.5,0,,,20,20,,,,,multi choice,no,,,,,,,,,219944336711
MERCATO NEGRONI,23081101000,COCKTAILS (GB/GH),German Kraft,All,drink,Magenta,12.75,0,,,20,20,,,,,multi choice,no,,,,,,,,,219944331111
PALOMA COMA,23081101200,COCKTAILS (GB/GH),German Kraft,All,drink,Magenta,12.75,0,,,20,20,,,,,multi choice,no,,,,,,,,,219944248911
VENETIAN SPRITZ,23081100100,COCKTAILS (GB/GH),German Kraft,All,drink,Aero,12.75,0,,,20,20,,,,,multi choice,no,,,,,,,,,219943877711
FLORA DORA,23081100900,COCKTAILS (GB/GH),German Kraft,All,drink,Spring,12.75,0,,,20,20,,,,,multi choice,no,,,,,,,,,219934860411
HIBISCUS HIGHBALL,23081101300,COCKTAILS (GB/GH),German Kraft,All,drink,Spring,12.5,0,,,20,20,,,,,multi choice,no,,,,,,,,,219934757911
JIMM'S,23081100700,COCKTAILS (GB/GH),German Kraft,All,drink,Spring,12.95,0,,,20,20,,,,,multi choice,no,,,,,,,,,219934708511
JUNGLE BIRD,23081100800,COCKTAILS (GB/GH),German Kraft,All,drink,Spring,12.5,0,,,20,20,,,,,multi choice,no,,,,,,,,,219934708411
MERCATO NEGRONI,23081101000,COCKTAILS (GB/GH),German Kraft,All,drink,Spring,12.75,0,,,20,20,,,,,multi choice,no,,,,,,,,,219934621111
PALOMA COMA,23081101200,COCKTAILS (GB/GH),German Kraft,All,drink,Spring,12.75,0,,,20,20,,,,,multi choice,no,,,,,,,,,219934538911
PEACH RODEO,23081101100,COCKTAILS (GB/GH),German Kraft,All,drink,Spring,12.95,0,,,20,20,,,,,multi choice,no,,,,,,,,,219934537311
RUM PUNCH,23081101400,COCKTAILS (GB/GH),German Kraft,All,drink,Spring,13,0,,,20,20,,,,,multi choice,no,,,,,,,,,219934428311
RUM PUNCH PITCHER,,COCKTAILS (GB/GH),German Kraft,All,drink,Spring,44.95,0,,,20,20,,,,,multi choice,no,,,,,,,,,219934428111
BELU SPARK WATER 330ML,25100000200,BOTTLED SOFTS,German Kraft,All,drink,Cobalt,3.5,0,,,20,20,,,,,multi choice,no,,,,,,,,,212744943611
BELU STILL WATER 330ML,25100000100,BOTTLED SOFTS,German Kraft,All,drink,Cobalt,3.5,0,,,20,20,,,,,multi choice,no,,,,,,,,,212744943511
F&S GINGER ALE,25100000700,BOTTLED SOFTS,German Kraft,All,drink,Aero,3.25,0,,,20,20,,,,,multi choice,no,,,,,,,,,212744577611
F&S GINGER BEER,25100000800,BOTTLED SOFTS,German Kraft,All,drink,Aero,3.25,0,,,20,20,,,,,multi choice,no,,,,,,,,,212744577511
F&S GRAPEFRUIT TONIC,25100000900,BOTTLED SOFTS,German Kraft,All,drink,Aero,3.25,0,,,20,20,,,,,multi choice,no,,,,,,,,,212744577411
F&S INDIAN TONIC,25100002000,BOTTLED SOFTS,German Kraft,All,drink,Aero,3.25,0,,,20,20,,,,,multi choice,no,,,,,,,,,212744577311
F&S LEMONADE,25100001100,BOTTLED SOFTS,German Kraft,All,drink,Aero,3.25,0,,,20,20,,,,,multi choice,no,,,,,,,,,212744577211
F&S LIGHT TONIC,25100002200,BOTTLED SOFTS,German Kraft,All,drink,Aero,3.25,0,,,20,20,,,,,multi choice,no,,,,,,,,,212744577111
F&S MALLORCAN TONIC,25100001200,BOTTLED SOFTS,German Kraft,All,drink,Aero,3.25,0,,,20,20,,,,,multi choice,no,,,,,,,,,212744577011
F&S SODA WATER,25100001600,BOTTLED SOFTS,German Kraft,All,drink,Aero,3.25,0,,,20,20,,,,,multi choice,no,,,,,,,,,212744576911
FEVERTREE AROMATIC,25100000300,BOTTLED SOFTS,German Kraft,All,drink,Aero,3.25,0,,,20,20,,,,,multi choice,no,,,,,,,,,212744570811
FEVERTREE CUCUMBER,25100000500,BOTTLED SOFTS,German Kraft,All,drink,Aero,3.25,0,,,20,20,,,,,multi choice,no,,,,,,,,,212744570711
FEVERTREE ELDERFLOWER,25100000600,BOTTLED SOFTS,German Kraft,All,drink,Aero,3.25,0,,,20,20,,,,,multi choice,no,,,,,,,,,212744570611
FRANKLIN & SONS COLA,25100000400,BOTTLED SOFTS,German Kraft,All,drink,Aero,3.25,0,,,20,20,,,,,multi choice,no,,,,,,,,,212744570311
FRITZ DIET KOLA,,BOTTLED SOFTS,German Kraft,All,drink,Aero,3,0,,,20,20,,,,,multi choice,no,,,,,,,,,212744568211
FRITZ KOLA,,BOTTLED SOFTS,German Kraft,All,drink,Aero,3,0,,,20,20,,,,,multi choice,no,,,,,,,,,212744568111
FRITZ LEMON,,BOTTLED SOFTS,German Kraft,All,drink,Aero,3,0,,,20,20,,,,,multi choice,no,,,,,,,,,212744568011
FRITZ LIMO,,BOTTLED SOFTS,German Kraft,All,drink,Aero,3,0,,,20,20,,,,,multi choice,no,,,,,,,,,212744567911
TWO KEYS PINK GRAPEFRUIT,25100003900,BOTTLED SOFTS,German Kraft,All,drink,Aero,3.25,0,,,20,20,,,,,multi choice,no,,,,,,,,,212743936711
BUBBLE BEE,22920004100,SIGNATURE COCKTAILS,German Kraft,All,drink,Lilac,12.5,0,,,20,20,,,,,multi choice,no,,,,,,,,,211796909111
CHERRY DROP,22920003100,SIGNATURE COCKTAILS,German Kraft,All,drink,Lilac,12.75,0,,,20,20,,,,,multi choice,no,,,,,,,,,211796823011
GODFATHER SOUR,22920003600,SIGNATURE COCKTAILS,German Kraft,All,drink,Lilac,12.95,0,,,20,20,,,,,multi choice,no,,,,,,,,,211796497311
HIBISCUS SMASH,,SIGNATURE COCKTAILS,German Kraft,All,drink,Lilac,13,0,,,20,20,,,,,multi choice,no,,,,,,,,,211796467211
JIMM'S,23081100700,SIGNATURE COCKTAILS,German Kraft,All,drink,Lilac,12.75,0,,,20,20,,,,,multi choice,no,,,,,,,,,211796418511
MELON TWIST,,SIGNATURE COCKTAILS,German Kraft,All,drink,Lilac,12.75,0,,,20,20,,,,,multi choice,no,,,,,,,,,211796334911
PEAR & CUCUMBER SOUR,,SIGNATURE COCKTAILS,German Kraft,All,drink,Lilac,12.95,0,,,20,20,,,,,multi choice,no,,,,,,,,,211796247111
VERDITA,22920003400,SIGNATURE COCKTAILS,German Kraft,All,drink,Lilac,12.95,0,,,20,20,,,,,multi choice,no,,,,,,,,,211795877511
MAPLE OLD FASHIONED,22801002200,SIGNATURE COCKTAILS,German Kraft,All,drink,Magenta,12.5,0,,,20,20,,,,,multi choice,no,,,,,,,,,211786626711
MERCATO NEGRONI,23081101000,SIGNATURE COCKTAILS,German Kraft,All,drink,Magenta,12.75,0,,,20,20,,,,,multi choice,no,,,,,,,,,211786621111
PALOMA COMA,23081101200,SIGNATURE COCKTAILS,German Kraft,All,drink,Magenta,12.75,0,,,20,20,,,,,multi choice,no,,,,,,,,,211786538911
RUM PUNCH,23081101400,SIGNATURE COCKTAILS,German Kraft,All,drink,Spring,13,0,,,20,20,,,,,multi choice,no,,,,,,,,,211776808311
RUM PUNCH PITCHER,,SIGNATURE COCKTAILS,German Kraft,All,drink,Spring,44.95,0,,,20,20,,,,,multi choice,no,,,,,,,,,211776808111
SPRITZ TO THE RUBBLE,22811000700,NON-ALCOHOLIC COCKTAILS,German Kraft,All,drink,Aqua,9.5,0,,,20,20,,,,,multi choice,no,,,,,,,,,210767048011
SUNNY DRIVE HOME,22811000900,NON-ALCOHOLIC COCKTAILS,German Kraft,All,drink,Aqua,8,0,,,20,20,,,,,multi choice,no,,,,,,,,,210767047611
VIRGIN PINA COLADA,22750000800,NON-ALCOHOLIC COCKTAILS,German Kraft,All,drink,Aqua,9.5,0,,,20,20,,,,,multi choice,no,,,,,,,,,210766875711
VIRGIN COLLINS,GK,NON-ALCOHOLIC COCKTAILS,German Kraft,All,drink,Aqua,9,0,,,20,20,,,FLAVOUR,FLAVOUR - GK VIRGIN COLLINS,single choice,no,COLLINS,22750000900,,,,0,,yes,210766873949
VIRGIN COLLINS,GK,NON-ALCOHOLIC COCKTAILS,German Kraft,All,drink,Aqua,9,0,,,20,20,,,FLAVOUR,FLAVOUR - GK VIRGIN COLLINS,single choice,no,COCONUT COLLINS,22750001300,,,,0,,no,210766873949
VIRGIN COLLINS,GK,NON-ALCOHOLIC COCKTAILS,German Kraft,All,drink,Aqua,9,0,,,20,20,,,FLAVOUR,FLAVOUR - GK VIRGIN COLLINS,single choice,no,HIBISCUS COLLINS,22750001400,,,,0,,no,210766873949
VIRGIN COLLINS,GK,NON-ALCOHOLIC COCKTAILS,German Kraft,All,drink,Aqua,9,0,,,20,20,,,FLAVOUR,FLAVOUR - GK VIRGIN COLLINS,single choice,no,PASSION COLLINS,22750001200,,,,0,,no,210766873949
VIRGIN COLLINS,GK,NON-ALCOHOLIC COCKTAILS,German Kraft,All,drink,Aqua,9,0,,,20,20,,,FLAVOUR,FLAVOUR - GK VIRGIN COLLINS,single choice,no,RASPBERRY COLLINS,22750001000,,,,0,,no,210766873949
VIRGIN COLLINS,GK,NON-ALCOHOLIC COCKTAILS,German Kraft,All,drink,Aqua,9,0,,,20,20,,,FLAVOUR,FLAVOUR - GK VIRGIN COLLINS,single choice,no,STRAWBERRY COLLINS,22750001100,,,,0,,no,210766873949
VIRGIN MOJITO,GK,NON-ALCOHOLIC COCKTAILS,German Kraft,All,drink,Aqua,9.5,0,,,20,20,,,FLAVOUR,FLAVOUR - GK VIRGIN MOJITO,single choice,no,CLASSIC MOJITO,22750000200,,,,0,,yes,210766873149
VIRGIN MOJITO,GK,NON-ALCOHOLIC COCKTAILS,German Kraft,All,drink,Aqua,9.5,0,,,20,20,,,FLAVOUR,FLAVOUR - GK VIRGIN MOJITO,single choice,no,COCONUT MOJITO,22750000600,,,,0,,no,210766873149
VIRGIN MOJITO,GK,NON-ALCOHOLIC COCKTAILS,German Kraft,All,drink,Aqua,9.5,0,,,20,20,,,FLAVOUR,FLAVOUR - GK VIRGIN MOJITO,single choice,no,HIBISCUS MOJITO,22750000700,,,,0,,no,210766873149
VIRGIN MOJITO,GK,NON-ALCOHOLIC COCKTAILS,German Kraft,All,drink,Aqua,9.5,0,,,20,20,,,FLAVOUR,FLAVOUR - GK VIRGIN MOJITO,single choice,no,PASSION MOJITO,22750000500,,,,0,,no,210766873149
VIRGIN MOJITO,GK,NON-ALCOHOLIC COCKTAILS,German Kraft,All,drink,Aqua,9.5,0,,,20,20,,,FLAVOUR,FLAVOUR - GK VIRGIN MOJITO,single choice,no,RASPBERRY MOJITO,22750000300,,,,0,,no,210766873149
VIRGIN MOJITO,GK,NON-ALCOHOLIC COCKTAILS,German Kraft,All,drink,Aqua,9.5,0,,,20,20,,,FLAVOUR,FLAVOUR - GK VIRGIN MOJITO,single choice,no,STRAWBERRY MOJITO,22750000400,,,,0,,no,210766873149
AMARETTO SPRITZ,23081100400,SPRITZ,German Kraft,All,drink,Aqua,12.75,0,,,20,20,,,,,multi choice,no,,,,,,,,,209434983511
CARPANO SPRITZ,23081100200,SPRITZ,German Kraft,All,drink,Aqua,12.75,0,,,20,20,,,,,multi choice,no,,,,,,,,,209434860311
HUGO SPRITZ,23081100300,SPRITZ,German Kraft,All,drink,Aqua,12.75,0,,,20,20,,,,,multi choice,no,,,,,,,,,209434461511
KIR ROYALE,23081100600,SPRITZ,German Kraft,All,drink,Aqua,12.75,0,,,20,20,,,,,multi choice,no,,,,,,,,,209434408811
PASSIONFRUIT SPRITZ,23081100500,SPRITZ,German Kraft,All,drink,Aqua,12.75,0,,,20,20,,,,,multi choice,no,,,,,,,,,209434247611
VENETIAN SPRITZ,23081100100,SPRITZ,German Kraft,All,drink,Aqua,12.75,0,,,20,20,,,,,multi choice,no,,,,,,,,,209433877711
AMARETTO SPRITZ (£10),23081101800,SPRITZ DEAL,German Kraft,Internal,drink,Aqua,10,0,,,20,20,,,,,multi choice,no,,,,,,,,,209428983411
CARPANO SPRITZ (£10),23081101600,SPRITZ DEAL,German Kraft,Internal,drink,Aqua,10,0,,,20,20,,,,,multi choice,no,,,,,,,,,209428860211
HUGO SPRITZ (£10),23081101700,SPRITZ DEAL,German Kraft,Internal,drink,Aqua,10,0,,,20,20,,,,,multi choice,no,,,,,,,,,209428461411
KIR ROYALE (£10),23081102000,SPRITZ DEAL,German Kraft,Internal,drink,Aqua,10,0,,,20,20,,,,,multi choice,no,,,,,,,,,209428408711
PASSIONFRUIT SPRITZ (£10),23081101900,SPRITZ DEAL,German Kraft,Internal,drink,Aqua,10,0,,,20,20,,,,,multi choice,no,,,,,,,,,209428247511
VENETIAN SPRITZ (£10),23081101500,SPRITZ DEAL,German Kraft,Internal,drink,Aqua,10,0,,,20,20,,,,,multi choice,no,,,,,,,,,209427877611
BURGER & PINT,21010000100,BEER & MEAL PROMO,German Kraft,All,drink,Spring,12,0,,,20,20,,,BEER CHOICE,BEER CHOICE - GK BEER & MEAL,single choice,yes,FRITZ B&B PT,21100007357,,,,0,,yes,207562195265
BURGER & PINT,21010000100,BEER & MEAL PROMO,German Kraft,All,drink,Spring,12,0,,,20,20,,,BEER CHOICE,BEER CHOICE - GK BEER & MEAL,single choice,yes,HEIDI HELLES B&B PT,21100000157,,,,0,,no,207562195265
BURGER & PINT,21010000100,BEER & MEAL PROMO,German Kraft,All,drink,Spring,12,0,,,20,20,,,BEER CHOICE,BEER CHOICE - GK BEER & MEAL,single choice,yes,HEINR ZWICKEL B&B PT,21100000357,,,,0,,no,207562195265
BURGER & PINT,21010000100,BEER & MEAL PROMO,German Kraft,All,drink,Spring,12,0,,,20,20,,,BEER CHOICE,BEER CHOICE - GK BEER & MEAL,single choice,yes,LOTTE WEISSB B&B PT,21100000757,,,,0,,no,207562195265
BURGER & PINT,21010000100,BEER & MEAL PROMO,German Kraft,All,drink,Spring,12,0,,,20,20,,,BEER CHOICE,BEER CHOICE - GK BEER & MEAL,single choice,yes,SIGGI B&B PT,21100006657,,,,0,,no,207562195265
WRAP & PINT,21010000100,BEER & MEAL PROMO,German Kraft,All,drink,Spring,15,0,,,20,20,,,BEER CHOICE,BEER CHOICE - GK BEER & MEAL,single choice,yes,FRITZ B&B PT,21100007357,,,,0,,yes,207551508065
WRAP & PINT,21010000100,BEER & MEAL PROMO,German Kraft,All,drink,Spring,15,0,,,20,20,,,BEER CHOICE,BEER CHOICE - GK BEER & MEAL,single choice,yes,HEIDI HELLES B&B PT,21100000157,,,,0,,no,207551508065
WRAP & PINT,21010000100,BEER & MEAL PROMO,German Kraft,All,drink,Spring,15,0,,,20,20,,,BEER CHOICE,BEER CHOICE - GK BEER & MEAL,single choice,yes,HEINR ZWICKEL B&B PT,21100000357,,,,0,,no,207551508065
WRAP & PINT,21010000100,BEER & MEAL PROMO,German Kraft,All,drink,Spring,15,0,,,20,20,,,BEER CHOICE,BEER CHOICE - GK BEER & MEAL,single choice,yes,LOTTE WEISSB B&B PT,21100000757,,,,0,,no,207551508065
WRAP & PINT,21010000100,BEER & MEAL PROMO,German Kraft,All,drink,Spring,15,0,,,20,20,,,BEER CHOICE,BEER CHOICE - GK BEER & MEAL,single choice,yes,SIGGI B&B PT,21100006657,,,,0,,no,207551508065
BRAT & PINT,21010000100,BEER & MEAL PROMO,German Kraft,All,drink,Spring,15,0,,,20,20,,,BEER CHOICE,BEER CHOICE - GK BEER & MEAL,single choice,yes,FRITZ B&B PT,21100007357,,,,0,,yes,207543746665
BRAT & PINT,21010000100,BEER & MEAL PROMO,German Kraft,All,drink,Spring,15,0,,,20,20,,,BEER CHOICE,BEER CHOICE - GK BEER & MEAL,single choice,yes,HEIDI HELLES B&B PT,21100000157,,,,0,,no,207543746665
BRAT & PINT,21010000100,BEER & MEAL PROMO,German Kraft,All,drink,Spring,15,0,,,20,20,,,BEER CHOICE,BEER CHOICE - GK BEER & MEAL,single choice,yes,HEINR ZWICKEL B&B PT,21100000357,,,,0,,no,207543746665
BRAT & PINT,21010000100,BEER & MEAL PROMO,German Kraft,All,drink,Spring,15,0,,,20,20,,,BEER CHOICE,BEER CHOICE - GK BEER & MEAL,single choice,yes,LOTTE WEISSB B&B PT,21100000757,,,,0,,no,207543746665
BRAT & PINT,21010000100,BEER & MEAL PROMO,German Kraft,All,drink,Spring,15,0,,,20,20,,,BEER CHOICE,BEER CHOICE - GK BEER & MEAL,single choice,yes,SIGGI B&B PT,21100006657,,,,0,,no,207543746665
SYRIAN WRAP & PINT,21010000100,BEER & MEAL PROMO,German Kraft,All,drink,Spring,15,0,,,20,20,,,BEER CHOICE,BEER CHOICE - GK BEER & MEAL,single choice,yes,FRITZ B&B PT,21100007357,,,,0,,yes,207535323765
SYRIAN WRAP & PINT,21010000100,BEER & MEAL PROMO,German Kraft,All,drink,Spring,15,0,,,20,20,,,BEER CHOICE,BEER CHOICE - GK BEER & MEAL,single choice,yes,HEIDI HELLES B&B PT,21100000157,,,,0,,no,207535323765
SYRIAN WRAP & PINT,21010000100,BEER & MEAL PROMO,German Kraft,All,drink,Spring,15,0,,,20,20,,,BEER CHOICE,BEER CHOICE - GK BEER & MEAL,single choice,yes,HEINR ZWICKEL B&B PT,21100000357,,,,0,,no,207535323765
SYRIAN WRAP & PINT,21010000100,BEER & MEAL PROMO,German Kraft,All,drink,Spring,15,0,,,20,20,,,BEER CHOICE,BEER CHOICE - GK BEER & MEAL,single choice,yes,LOTTE WEISSB B&B PT,21100000757,,,,0,,no,207535323765
SYRIAN WRAP & PINT,21010000100,BEER & MEAL PROMO,German Kraft,All,drink,Spring,15,0,,,20,20,,,BEER CHOICE,BEER CHOICE - GK BEER & MEAL,single choice,yes,SIGGI B&B PT,21100006657,,,,0,,no,207535323765
APPLE JUICE HALF PINT,25200002300,MINERALS,German Kraft,All,drink,Spring,3.25,0,,,20,20,,,,,multi choice,no,,,,,,,,,203980970911
APPLE JUICE PINT,25200002200,MINERALS,German Kraft,All,drink,Spring,4.25,0,,,20,20,,,,,multi choice,no,,,,,,,,,203980970811
COLA HALF PINT,25200000200,MINERALS,German Kraft,All,drink,Coral,3.25,0,,,20,20,,,,,multi choice,no,,,,,,,,,203980821111
COLA PINT,25200000100,MINERALS,German Kraft,All,drink,Coral,4.25,0,,,20,20,,,,,multi choice,no,,,,,,,,,203980821011
CRANBERRY JUICE HALF PINT,25200002600,MINERALS,German Kraft,All,drink,Rose,3.25,0,,,20,20,,,,,multi choice,no,,,,,,,,,203980808511
CRANBERRY JUICE PINT,25200002500,MINERALS,German Kraft,All,drink,Rose,4.25,0,,,20,20,,,,,multi choice,no,,,,,,,,,203980808411
DIET COLA HALF PINT,25200000500,MINERALS,German Kraft,All,drink,,3.25,0,,,20,20,,,,,multi choice,no,,,,,,,,,203980683911
DIET COLA PINT,25200000400,MINERALS,German Kraft,All,drink,,4.25,0,,,20,20,,,,,multi choice,no,,,,,,,,,203980683811
GINGER BEER HALF PINT,25200002000,MINERALS,German Kraft,All,drink,Sunrise,3.25,0,,,20,20,,,,,multi choice,no,,,,,,,,,203980516611
GINGER BEER PINT,25200001900,MINERALS,German Kraft,All,drink,Sunrise,4.25,0,,,20,20,,,,,multi choice,no,,,,,,,,,203980516511
INDIAN TONIC HALF PINT,25200001100,MINERALS,German Kraft,All,drink,Aero,3.25,0,,,20,20,,,,,multi choice,no,,,,,,,,,203980453811
INDIAN TONIC PINT,25200001000,MINERALS,German Kraft,All,drink,Aero,4.25,0,,,20,20,,,,,multi choice,no,,,,,,,,,203980453711
LEMONADE HALF PINT,25200000800,MINERALS,German Kraft,All,drink,Lemon,3.25,0,,,20,20,,,,,multi choice,no,,,,,,,,,203980379011
LEMONADE PINT,25200000700,MINERALS,German Kraft,All,drink,Lemon,4.25,0,,,20,20,,,,,multi choice,no,,,,,,,,,203980378911
LIGHT TONIC HALF PINT,25200001400,MINERALS,German Kraft,All,drink,Aqua,3.25,0,,,20,20,,,,,multi choice,no,,,,,,,,,203980378611
LIGHT TONIC PINT,25200001300,MINERALS,German Kraft,All,drink,Aqua,4.25,0,,,20,20,,,,,multi choice,no,,,,,,,,,203980378511
ORANGE JUICE HALF PINT,25200002900,MINERALS,German Kraft,All,drink,Sunrise,3.25,0,,,20,20,,,,,multi choice,no,,,,,,,,,203980262311
ORANGE JUICE PINT,25200002800,MINERALS,German Kraft,All,drink,Sunrise,4.25,0,,,20,20,,,,,multi choice,no,,,,,,,,,203980262211
PINEAPPLE JUICE HALF PINT,25200003200,MINERALS,German Kraft,All,drink,Lemon,3.25,0,,,20,20,,,,,multi choice,no,,,,,,,,,203980245211
PINEAPPLE JUICE PINT,25200003100,MINERALS,German Kraft,All,drink,Lemon,4.25,0,,,20,20,,,,,multi choice,no,,,,,,,,,203980245111
PINK GRAPEFRUIT HALF PINT,25200003800,MINERALS,German Kraft,All,drink,Magenta,3.25,0,,,20,20,,,,,multi choice,no,,,,,,,,,203980244911
PINK GRAPEFRUIT PINT,25200003700,MINERALS,German Kraft,All,drink,Magenta,4.25,0,,,20,20,,,,,multi choice,no,,,,,,,,,203980244811
SODA WATER HALF PINT,25200001700,MINERALS,German Kraft,All,drink,Aero,1,0,,,20,20,,,,,multi choice,no,,,,,,,,,203980103311
SODA WATER PINT,25200001600,MINERALS,German Kraft,All,drink,Aero,2,0,,,20,20,,,,,multi choice,no,,,,,,,,,203980103211
TOMATO JUICE HALF PINT,25200003500,MINERALS,German Kraft,All,drink,Coral,3.25,0,,,20,20,,,,,multi choice,no,,,,,,,,,203979937411
TOMATO JUICE PINT,25200003400,MINERALS,German Kraft,All,drink,Coral,4.25,0,,,20,20,,,,,multi choice,no,,,,,,,,,203979937311
CLASSIC HM LEMONADE,25200004000,MINERALS,German Kraft,All,drink,Lemon,5,0,,,20,20,,,,,multi choice,no,,,,,,,,,203971112311
GINGER & MINT HM LEMONADE,25200004500,MINERALS,German Kraft,All,drink,Lemon,5.5,0,,,20,20,,,,,multi choice,no,,,,,,,,,203970806911
HIBISCUS HM LEMONADE,25200004400,MINERALS,German Kraft,All,drink,Lemon,5.5,0,,,20,20,,,,,multi choice,no,,,,,,,,,203970757811
PASSIONFRUIT HM LEMONADE,25200004300,MINERALS,German Kraft,All,drink,Lemon,5.5,0,,,20,20,,,,,multi choice,no,,,,,,,,,203970537811
RASPBERRY HM LEMONADE,25200004200,MINERALS,German Kraft,All,drink,Lemon,5.5,0,,,20,20,,,,,multi choice,no,,,,,,,,,203970451511
STRAWBERRY HM LEMONADE,25200004100,MINERALS,German Kraft,All,drink,Lemon,5.5,0,,,20,20,,,,,multi choice,no,,,,,,,,,203970337911
RED WINE 125ML,23100000130,WINES,German Kraft,All,drink,Coral,5.4,0,,,20,20,,,,,multi choice,no,,,,,,,,,203491161111
RED WINE 175ML,23100000120,WINES,German Kraft,All,drink,Coral,7.4,0,,,20,20,,,,,multi choice,no,,,,,,,,,203491161011
RED WINE 250ML,23100000110,WINES,German Kraft,All,drink,Coral,10,0,,,20,20,,,,,multi choice,no,,,,,,,,,203491160911
RED WINE BTL,23100000100,WINES,German Kraft,All,drink,Coral,28,0,,,20,20,,,,,multi choice,no,,,,,,,,,203491160811
ROSÉ WINE 125ML,23300000130,WINES,German Kraft,All,drink,Magenta,5.4,0,,,20,20,,,,,multi choice,no,,,,,,,,,203491141411
ROSÉ WINE 175ML,23300000120,WINES,German Kraft,All,drink,Magenta,7.4,0,,,20,20,,,,,multi choice,no,,,,,,,,,203491141211
ROSÉ WINE 250ML,23300000110,WINES,German Kraft,All,drink,Magenta,10,0,,,20,20,,,,,multi choice,no,,,,,,,,,203491141011
ROSÉ WINE BTL,23300000100,WINES,German Kraft,All,drink,Magenta,28,0,,,20,20,,,,,multi choice,no,,,,,,,,,203491140811
WHITE WINE 125ML,23200000130,WINES,German Kraft,All,drink,Lemon,5.4,0,,,20,20,,,,,multi choice,no,,,,,,,,,203490842711
WHITE WINE 175ML,23200000120,WINES,German Kraft,All,drink,Lemon,7.4,0,,,20,20,,,,,multi choice,no,,,,,,,,,203490842511
WHITE WINE 250ML,23200000110,WINES,German Kraft,All,drink,Lemon,10,0,,,20,20,,,,,multi choice,no,,,,,,,,,203490842311
WHITE WINE BTL,23200000100,WINES,German Kraft,All,drink,Lemon,28,0,,,20,20,,,,,multi choice,no,,,,,,,,,203490842111
PROSECCO 125ML,23400000130,WINES,German Kraft,All,drink,Aqua,8,0,,,20,20,,,,,multi choice,no,,,,,,,,,203481514811
PROSECCO BTL,23400000100,WINES,German Kraft,All,drink,Aqua,32,0,,,20,20,,,,,multi choice,no,,,,,,,,,203481514611
RIESLING 125ML,GK,WINES,German Kraft,All,drink,Cobalt,6.25,0,,,20,20,,,,,multi choice,no,,,,,,,,,203462987211
RIESLING 175ML,GK,WINES,German Kraft,All,drink,Cobalt,8.5,0,,,20,20,,,,,multi choice,no,,,,,,,,,203462987111
RIESLING 250ML,GK,WINES,German Kraft,All,drink,Cobalt,11.5,0,,,20,20,,,,,multi choice,no,,,,,,,,,203462987011
RIESLING BTL,GK,WINES,German Kraft,All,drink,Cobalt,32,0,,,20,20,,,,,multi choice,no,,,,,,,,,203462986911
MULLED WINE,,WINES,German Kraft,All,drink,Lilac,6.5,0,,,20,20,,,,,multi choice,no,,,,,,,,,203435954611
MULLED WINE WITH BRANDY,,WINES,German Kraft,All,drink,Lilac,7,0,,,20,20,,,,,multi choice,no,,,,,,,,,203435954511